orf_name,Class D,Class C,Class B,Class A
chr_1,K02313  dnaA; chromosomal replication initiator protein,02020 Two-component system,Signal transduction,Environmental Information Processing
chr_1,K02313  dnaA; chromosomal replication initiator protein,04112 Cell cycle - Caulobacter,Cell growth and death,Cellular Processes
chr_1,K02313  dnaA; chromosomal replication initiator protein,03032 DNA replication proteins,Protein families: genetic information processing,Brite Hierarchies
chr_1,K02313  dnaA; chromosomal replication initiator protein,03036 Chromosome and associated proteins,Protein families: genetic information processing,Brite Hierarchies
chr_2,K02338  dnaN; DNA polymerase III subunit beta,03430 Mismatch repair,Replication and repair,Genetic Information Processing
chr_2,K02338  dnaN; DNA polymerase III subunit beta,03440 Homologous recombination,Replication and repair,Genetic Information Processing
chr_2,K02338  dnaN; DNA polymerase III subunit beta,03030 DNA replication,Replication and repair,Genetic Information Processing
chr_2,K02338  dnaN; DNA polymerase III subunit beta,03400 DNA repair and recombination proteins,Protein families: genetic information processing,Brite Hierarchies
chr_2,K02338  dnaN; DNA polymerase III subunit beta,03032 DNA replication proteins,Protein families: genetic information processing,Brite Hierarchies
chr_3,"K00033  PGD, gnd, gntZ; 6-phosphogluconate dehydrogenase",00480 Glutathione metabolism,Metabolism of other amino acids,Metabolism
chr_3,"K00033  PGD, gnd, gntZ; 6-phosphogluconate dehydrogenase",00030 Pentose phosphate pathway,Carbohydrate metabolism,Metabolism
chr_5,K07485  K07485; transposase,99976 Replication and repair,Unclassified: genetic information processing,Not Included in Pathway or Brite
chr_6,K03629  recF; DNA replication and repair protein RecF,03440 Homologous recombination,Replication and repair,Genetic Information Processing
chr_6,K03629  recF; DNA replication and repair protein RecF,03400 DNA repair and recombination proteins,Protein families: genetic information processing,Brite Hierarchies
chr_8,K02470  gyrB; DNA gyrase subunit B,03400 DNA repair and recombination proteins,Protein families: genetic information processing,Brite Hierarchies
chr_8,K02470  gyrB; DNA gyrase subunit B,03032 DNA replication proteins,Protein families: genetic information processing,Brite Hierarchies
chr_9,K02469  gyrA; DNA gyrase subunit A,03400 DNA repair and recombination proteins,Protein families: genetic information processing,Brite Hierarchies
chr_9,K02469  gyrA; DNA gyrase subunit A,03032 DNA replication proteins,Protein families: genetic information processing,Brite Hierarchies
chr_22,K03767  PPIA; peptidyl-prolyl cis-trans isomerase A (cyclophilin A),04217 Necroptosis,Cell growth and death,Cellular Processes
chr_22,K03767  PPIA; peptidyl-prolyl cis-trans isomerase A (cyclophilin A),01503 Cationic antimicrobial peptide (CAMP) resistance,Drug resistance: antimicrobial,Human Diseases
chr_22,K03767  PPIA; peptidyl-prolyl cis-trans isomerase A (cyclophilin A),03110 Chaperones and folding catalysts,Protein families: genetic information processing,Brite Hierarchies
chr_22,K03767  PPIA; peptidyl-prolyl cis-trans isomerase A (cyclophilin A),04147 Exosome,Protein families: signaling and cellular processes,Brite Hierarchies
chr_27,K01658  trpG; anthranilate synthase component II,"00400 Phenylalanine, tyrosine and tryptophan biosynthesis",Amino acid metabolism,Metabolism
chr_27,K01658  trpG; anthranilate synthase component II,00405 Phenazine biosynthesis,Biosynthesis of other secondary metabolites,Metabolism
chr_27,K01658  trpG; anthranilate synthase component II,02025 Biofilm formation - Pseudomonas aeruginosa,Cellular community - prokaryotes,Cellular Processes
chr_27,K01658  trpG; anthranilate synthase component II,02024 Quorum sensing,Cellular community - prokaryotes,Cellular Processes
chr_28,"K12132  prkC, stkP; eukaryotic-like serine/threonine-protein kinase",01001 Protein kinases,Protein families: metabolism,Brite Hierarchies
chr_29,"K12132  prkC, stkP; eukaryotic-like serine/threonine-protein kinase",01001 Protein kinases,Protein families: metabolism,Brite Hierarchies
chr_30,K05364  pbpA; penicillin-binding protein A,00550 Peptidoglycan biosynthesis,Glycan biosynthesis and metabolism,Metabolism
chr_30,K05364  pbpA; penicillin-binding protein A,01011 Peptidoglycan biosynthesis and degradation proteins,Protein families: metabolism,Brite Hierarchies
chr_32,"K20074  prpC, phpP; PPM family protein phosphatase",01009 Protein phosphatases and associated proteins,Protein families: metabolism,Brite Hierarchies
chr_42,"K05888  K05888; L-gulono-1,4-lactone dehydrogenase",99980 Enzymes with EC numbers,Unclassified: metabolism,Not Included in Pathway or Brite
chr_46,K07486  K07486; transposase,99976 Replication and repair,Unclassified: genetic information processing,Not Included in Pathway or Brite
chr_54,K09796  pccA; periplasmic copper chaperone A,03110 Chaperones and folding catalysts,Protein families: genetic information processing,Brite Hierarchies
chr_56,"K02168  betT, betS; choline/glycine/proline betaine transport protein",02000 Transporters,Protein families: signaling and cellular processes,Brite Hierarchies
chr_63,K06607  iolS; myo-inositol catabolism protein IolS,99980 Enzymes with EC numbers,Unclassified: metabolism,Not Included in Pathway or Brite
chr_64,"K00012  UGDH, ugd; UDPglucose 6-dehydrogenase",00520 Amino sugar and nucleotide sugar metabolism,Carbohydrate metabolism,Metabolism
chr_64,"K00012  UGDH, ugd; UDPglucose 6-dehydrogenase",00053 Ascorbate and aldarate metabolism,Carbohydrate metabolism,Metabolism
chr_64,"K00012  UGDH, ugd; UDPglucose 6-dehydrogenase",00040 Pentose and glucuronate interconversions,Carbohydrate metabolism,Metabolism
chr_66,K00681  ggt; gamma-glutamyltranspeptidase / glutathione hydrolase,00430 Taurine and hypotaurine metabolism,Metabolism of other amino acids,Metabolism
chr_66,K00681  ggt; gamma-glutamyltranspeptidase / glutathione hydrolase,00480 Glutathione metabolism,Metabolism of other amino acids,Metabolism
chr_66,K00681  ggt; gamma-glutamyltranspeptidase / glutathione hydrolase,00460 Cyanoamino acid metabolism,Metabolism of other amino acids,Metabolism
chr_66,K00681  ggt; gamma-glutamyltranspeptidase / glutathione hydrolase,01002 Peptidases and inhibitors,Protein families: metabolism,Brite Hierarchies
chr_68,"K03298  TC.DME; drug/metabolite transporter, DME family",02000 Transporters,Protein families: signaling and cellular processes,Brite Hierarchies
chr_73,K07304  msrA; peptide-methionine (S)-S-oxide reductase,99980 Enzymes with EC numbers,Unclassified: metabolism,Not Included in Pathway or Brite
chr_75,K09165  K09165; dodecin,99982 Energy metabolism,Unclassified: metabolism,Not Included in Pathway or Brite
chr_85,"K10563  mutM, fpg; formamidopyrimidine-DNA glycosylase",03410 Base excision repair,Replication and repair,Genetic Information Processing
chr_85,"K10563  mutM, fpg; formamidopyrimidine-DNA glycosylase",03400 DNA repair and recombination proteins,Protein families: genetic information processing,Brite Hierarchies
chr_86,"K07704  lytS; two-component system, LytTR family, sensor histidine kinase LytS",02020 Two-component system,Signal transduction,Environmental Information Processing
chr_86,"K07704  lytS; two-component system, LytTR family, sensor histidine kinase LytS",02022 Two-component system,Protein families: signaling and cellular processes,Brite Hierarchies
chr_86,"K07704  lytS; two-component system, LytTR family, sensor histidine kinase LytS",01001 Protein kinases,Protein families: metabolism,Brite Hierarchies
chr_87,K04773  sppA; protease IV,01002 Peptidases and inhibitors,Protein families: metabolism,Brite Hierarchies
chr_88,"K02477  K02477; two-component system, LytTR family, response regulator",02022 Two-component system,Protein families: signaling and cellular processes,Brite Hierarchies
chr_92,K14393  actP; cation/acetate symporter,02000 Transporters,Protein families: signaling and cellular processes,Brite Hierarchies
chr_96,"K01126  E3.1.4.46, glpQ, ugpQ; glycerophosphoryl diester phosphodiesterase",00564 Glycerophospholipid metabolism,Lipid metabolism,Metabolism
chr_100,K22336  bfrB; bacterioferritin B,00860 Porphyrin and chlorophyll metabolism,Metabolism of cofactors and vitamins,Metabolism
chr_101,K01478  arcA; arginine deiminase,00220 Arginine biosynthesis,Amino acid metabolism,Metabolism
chr_111,K00425  cydA; cytochrome bd ubiquinol oxidase subunit I,00190 Oxidative phosphorylation,Energy metabolism,Metabolism
chr_111,K00425  cydA; cytochrome bd ubiquinol oxidase subunit I,02020 Two-component system,Signal transduction,Environmental Information Processing
chr_112,K00426  cydB; cytochrome bd ubiquinol oxidase subunit II,00190 Oxidative phosphorylation,Energy metabolism,Metabolism
chr_112,K00426  cydB; cytochrome bd ubiquinol oxidase subunit II,02020 Two-component system,Signal transduction,Environmental Information Processing
chr_113,"K16013  cydD; ATP-binding cassette, subfamily C, bacterial CydD",02010 ABC transporters,Membrane transport,Environmental Information Processing
chr_113,"K16013  cydD; ATP-binding cassette, subfamily C, bacterial CydD",02000 Transporters,Protein families: signaling and cellular processes,Brite Hierarchies
chr_114,"K07681  vraS; two-component system, NarL family, vancomycin resistance sensor histidine kinase VraS",02020 Two-component system,Signal transduction,Environmental Information Processing
chr_114,"K07681  vraS; two-component system, NarL family, vancomycin resistance sensor histidine kinase VraS",02022 Two-component system,Protein families: signaling and cellular processes,Brite Hierarchies
chr_114,"K07681  vraS; two-component system, NarL family, vancomycin resistance sensor histidine kinase VraS",01001 Protein kinases,Protein families: metabolism,Brite Hierarchies
chr_115,"K14979  ssrB; two-component system, LuxR family, secretion system response regulator SsrB",02020 Two-component system,Signal transduction,Environmental Information Processing
chr_115,"K14979  ssrB; two-component system, LuxR family, secretion system response regulator SsrB",02022 Two-component system,Protein families: signaling and cellular processes,Brite Hierarchies
chr_117,K13993  HSP20; HSP20 family protein,04141 Protein processing in endoplasmic reticulum,"Folding, sorting and degradation",Genetic Information Processing
chr_117,K13993  HSP20; HSP20 family protein,03110 Chaperones and folding catalysts,Protein families: genetic information processing,Brite Hierarchies
chr_120,K04518  pheA2; prephenate dehydratase,"00400 Phenylalanine, tyrosine and tryptophan biosynthesis",Amino acid metabolism,Metabolism
chr_126,"K01875  SARS, serS; seryl-tRNA synthetase",00970 Aminoacyl-tRNA biosynthesis,Translation,Genetic Information Processing
chr_126,"K01875  SARS, serS; seryl-tRNA synthetase",01007 Amino acid related enzymes,Protein families: metabolism,Brite Hierarchies
chr_126,"K01875  SARS, serS; seryl-tRNA synthetase",03016 Transfer RNA biogenesis,Protein families: genetic information processing,Brite Hierarchies
chr_134,K01446  PGRP; peptidoglycan recognition protein,99992 Structural proteins,Unclassified: signaling and cellular processes,Not Included in Pathway or Brite
chr_135,"K13671  K13671; alpha-1,2-mannosyltransferase",00571 Lipoarabinomannan (LAM) biosynthesis,Glycan biosynthesis and metabolism,Metabolism
chr_135,"K13671  K13671; alpha-1,2-mannosyltransferase",01003 Glycosyltransferases,Protein families: metabolism,Brite Hierarchies
chr_136,K01854  glf; UDP-galactopyranose mutase,00052 Galactose metabolism,Carbohydrate metabolism,Metabolism
chr_136,K01854  glf; UDP-galactopyranose mutase,00520 Amino sugar and nucleotide sugar metabolism,Carbohydrate metabolism,Metabolism
chr_137,"K16650  glft2; galactofuranosylgalactofuranosylrhamnosyl-N-acetylglucosaminyl-diphospho-decaprenol beta-1,5/1,6-galactofuranosyltransferase",00572 Arabinogalactan biosynthesis - Mycobacterium,Glycan biosynthesis and metabolism,Metabolism
chr_137,"K16650  glft2; galactofuranosylgalactofuranosylrhamnosyl-N-acetylglucosaminyl-diphospho-decaprenol beta-1,5/1,6-galactofuranosyltransferase",01003 Glycosyltransferases,Protein families: metabolism,Brite Hierarchies
chr_139,K14136  K14136; decaprenyl-phosphate phosphoribosyltransferase,01006 Prenyltransferases,Protein families: metabolism,Brite Hierarchies
chr_141,K01113  phoD; alkaline phosphatase D,00790 Folate biosynthesis,Metabolism of cofactors and vitamins,Metabolism
chr_141,K01113  phoD; alkaline phosphatase D,02020 Two-component system,Signal transduction,Environmental Information Processing
chr_145,"K20534  gtrB, csbB; polyisoprenyl-phosphate glycosyltransferase",01005 Lipopolysaccharide biosynthesis proteins,Protein families: metabolism,Brite Hierarchies
chr_155,K16652  dprE2; decaprenylphospho-beta-D-erythro-pentofuranosid-2-ulose 2-reductase,99980 Enzymes with EC numbers,Unclassified: metabolism,Not Included in Pathway or Brite
chr_156,K16653  dprE1; decaprenylphospho-beta-D-ribofuranose 2-oxidase,99980 Enzymes with EC numbers,Unclassified: metabolism,Not Included in Pathway or Brite
chr_160,K11387  embC; arabinosyltransferase C,00571 Lipoarabinomannan (LAM) biosynthesis,Glycan biosynthesis and metabolism,Metabolism
chr_160,K11387  embC; arabinosyltransferase C,01003 Glycosyltransferases,Protein families: metabolism,Brite Hierarchies
chr_161,"K16649  glft1; rhamnopyranosyl-N-acetylglucosaminyl-diphospho-decaprenol beta-1,3/1,4-galactofuranosyltransferase",00572 Arabinogalactan biosynthesis - Mycobacterium,Glycan biosynthesis and metabolism,Metabolism
chr_161,"K16649  glft1; rhamnopyranosyl-N-acetylglucosaminyl-diphospho-decaprenol beta-1,3/1,4-galactofuranosyltransferase",01003 Glycosyltransferases,Protein families: metabolism,Brite Hierarchies
chr_162,K09691  ABC-2.LPSE.A; lipopolysaccharide transport system ATP-binding protein,02010 ABC transporters,Membrane transport,Environmental Information Processing
chr_162,K09691  ABC-2.LPSE.A; lipopolysaccharide transport system ATP-binding protein,02000 Transporters,Protein families: signaling and cellular processes,Brite Hierarchies
chr_163,K09690  ABC-2.LPSE.P; lipopolysaccharide transport system permease protein,02010 ABC transporters,Membrane transport,Environmental Information Processing
chr_163,K09690  ABC-2.LPSE.P; lipopolysaccharide transport system permease protein,02000 Transporters,Protein families: signaling and cellular processes,Brite Hierarchies
chr_187,"K23779  sutR; XRE family transcriptional regulator, regulator of sulfur utilization",03000 Transcription factors,Protein families: genetic information processing,Brite Hierarchies
chr_193,K00817  hisC; histidinol-phosphate aminotransferase,"00400 Phenylalanine, tyrosine and tryptophan biosynthesis",Amino acid metabolism,Metabolism
chr_193,K00817  hisC; histidinol-phosphate aminotransferase,"00960 Tropane, piperidine and pyridine alkaloid biosynthesis",Biosynthesis of other secondary metabolites,Metabolism
chr_193,K00817  hisC; histidinol-phosphate aminotransferase,00350 Tyrosine metabolism,Amino acid metabolism,Metabolism
chr_193,K00817  hisC; histidinol-phosphate aminotransferase,00360 Phenylalanine metabolism,Amino acid metabolism,Metabolism
chr_193,K00817  hisC; histidinol-phosphate aminotransferase,00401 Novobiocin biosynthesis,Biosynthesis of other secondary metabolites,Metabolism
chr_193,K00817  hisC; histidinol-phosphate aminotransferase,00340 Histidine metabolism,Amino acid metabolism,Metabolism
chr_193,K00817  hisC; histidinol-phosphate aminotransferase,01007 Amino acid related enzymes,Protein families: metabolism,Brite Hierarchies
chr_194,K01061  E3.1.1.45; carboxymethylenebutenolidase,00364 Fluorobenzoate degradation,Xenobiotics biodegradation and metabolism,Metabolism
chr_194,K01061  E3.1.1.45; carboxymethylenebutenolidase,00361 Chlorocyclohexane and chlorobenzene degradation,Xenobiotics biodegradation and metabolism,Metabolism
chr_194,K01061  E3.1.1.45; carboxymethylenebutenolidase,00623 Toluene degradation,Xenobiotics biodegradation and metabolism,Metabolism
chr_195,"K01907  AACS, acsA; acetoacetyl-CoA synthetase","00280 Valine, leucine and isoleucine degradation",Amino acid metabolism,Metabolism
chr_195,"K01907  AACS, acsA; acetoacetyl-CoA synthetase",00650 Butanoate metabolism,Carbohydrate metabolism,Metabolism
chr_195,"K01907  AACS, acsA; acetoacetyl-CoA synthetase",01004 Lipid biosynthesis proteins,Protein families: metabolism,Brite Hierarchies
chr_222,"K13633  ftrA; AraC family transcriptional regulator, transcriptional activator FtrA",03000 Transcription factors,Protein families: genetic information processing,Brite Hierarchies
chr_227,K23138  CYP109; cytochrome P450 family 109,00199 Cytochrome P450,Protein families: metabolism,Brite Hierarchies
chr_229,K04517  tyrA2; prephenate dehydrogenase,"00400 Phenylalanine, tyrosine and tryptophan biosynthesis",Amino acid metabolism,Metabolism
chr_229,K04517  tyrA2; prephenate dehydrogenase,00401 Novobiocin biosynthesis,Biosynthesis of other secondary metabolites,Metabolism
chr_231,K11991  tadA; tRNA(adenine34) deaminase,03016 Transfer RNA biogenesis,Protein families: genetic information processing,Brite Hierarchies
chr_235,K07004  K07004; uncharacterized protein,99997 Function unknown,Poorly characterized,Not Included in Pathway or Brite
chr_252,K02343  dnaX; DNA polymerase III subunit gamma/tau,03440 Homologous recombination,Replication and repair,Genetic Information Processing
chr_252,K02343  dnaX; DNA polymerase III subunit gamma/tau,03430 Mismatch repair,Replication and repair,Genetic Information Processing
chr_252,K02343  dnaX; DNA polymerase III subunit gamma/tau,03030 DNA replication,Replication and repair,Genetic Information Processing
chr_252,K02343  dnaX; DNA polymerase III subunit gamma/tau,03400 DNA repair and recombination proteins,Protein families: genetic information processing,Brite Hierarchies
chr_252,K02343  dnaX; DNA polymerase III subunit gamma/tau,03032 DNA replication proteins,Protein families: genetic information processing,Brite Hierarchies
chr_254,K09747  K09747; uncharacterized protein,99997 Function unknown,Poorly characterized,Not Included in Pathway or Brite
chr_255,K06187  recR; recombination protein RecR,03440 Homologous recombination,Replication and repair,Genetic Information Processing
chr_255,K06187  recR; recombination protein RecR,03400 DNA repair and recombination proteins,Protein families: genetic information processing,Brite Hierarchies
chr_256,K12368  dppA; dipeptide transport system substrate-binding protein,02010 ABC transporters,Membrane transport,Environmental Information Processing
chr_256,K12368  dppA; dipeptide transport system substrate-binding protein,02030 Bacterial chemotaxis,Cell motility,Cellular Processes
chr_256,K12368  dppA; dipeptide transport system substrate-binding protein,02000 Transporters,Protein families: signaling and cellular processes,Brite Hierarchies
chr_257,K12369  dppB; dipeptide transport system permease protein,02010 ABC transporters,Membrane transport,Environmental Information Processing
chr_257,K12369  dppB; dipeptide transport system permease protein,02000 Transporters,Protein families: signaling and cellular processes,Brite Hierarchies
chr_258,K02034  ABC.PE.P1; peptide/nickel transport system permease protein,02024 Quorum sensing,Cellular community - prokaryotes,Cellular Processes
chr_258,K02034  ABC.PE.P1; peptide/nickel transport system permease protein,02000 Transporters,Protein families: signaling and cellular processes,Brite Hierarchies
chr_259,K15583  oppD; oligopeptide transport system ATP-binding protein,02010 ABC transporters,Membrane transport,Environmental Information Processing
chr_259,K15583  oppD; oligopeptide transport system ATP-binding protein,02024 Quorum sensing,Cellular community - prokaryotes,Cellular Processes
chr_259,K15583  oppD; oligopeptide transport system ATP-binding protein,01501 beta-Lactam resistance,Drug resistance: antimicrobial,Human Diseases
chr_259,K15583  oppD; oligopeptide transport system ATP-binding protein,02000 Transporters,Protein families: signaling and cellular processes,Brite Hierarchies
chr_260,K02032  ABC.PE.A1; peptide/nickel transport system ATP-binding protein,02024 Quorum sensing,Cellular community - prokaryotes,Cellular Processes
chr_260,K02032  ABC.PE.A1; peptide/nickel transport system ATP-binding protein,02000 Transporters,Protein families: signaling and cellular processes,Brite Hierarchies
chr_264,K15268  eamA; O-acetylserine/cysteine efflux transporter,02000 Transporters,Protein families: signaling and cellular processes,Brite Hierarchies
chr_269,"K19802  ycjG, ykfB; L-Ala-D/L-Glu epimerase",99980 Enzymes with EC numbers,Unclassified: metabolism,Not Included in Pathway or Brite
chr_271,"K01649  leuA, IMS; 2-isopropylmalate synthase",00620 Pyruvate metabolism,Carbohydrate metabolism,Metabolism
chr_271,"K01649  leuA, IMS; 2-isopropylmalate synthase","00290 Valine, leucine and isoleucine biosynthesis",Amino acid metabolism,Metabolism
chr_292,K00928  lysC; aspartate kinase,00300 Lysine biosynthesis,Amino acid metabolism,Metabolism
chr_292,K00928  lysC; aspartate kinase,"00260 Glycine, serine and threonine metabolism",Amino acid metabolism,Metabolism
chr_292,K00928  lysC; aspartate kinase,00261 Monobactam biosynthesis,Biosynthesis of other secondary metabolites,Metabolism
chr_292,K00928  lysC; aspartate kinase,00270 Cysteine and methionine metabolism,Amino acid metabolism,Metabolism
chr_293,K00133  asd; aspartate-semialdehyde dehydrogenase,"00260 Glycine, serine and threonine metabolism",Amino acid metabolism,Metabolism
chr_293,K00133  asd; aspartate-semialdehyde dehydrogenase,00261 Monobactam biosynthesis,Biosynthesis of other secondary metabolites,Metabolism
chr_293,K00133  asd; aspartate-semialdehyde dehydrogenase,00270 Cysteine and methionine metabolism,Amino acid metabolism,Metabolism
chr_293,K00133  asd; aspartate-semialdehyde dehydrogenase,00300 Lysine biosynthesis,Amino acid metabolism,Metabolism
chr_296,"K09825  perR; Fur family transcriptional regulator, peroxide stress response regulator",03000 Transcription factors,Protein families: genetic information processing,Brite Hierarchies
chr_300,K07485  K07485; transposase,99976 Replication and repair,Unclassified: genetic information processing,Not Included in Pathway or Brite
chr_306,K04047  dps; starvation-inducible DNA-binding protein,03036 Chromosome and associated proteins,Protein families: genetic information processing,Brite Hierarchies
chr_312,"K12309  GLB1, ELNR1; beta-galactosidase",00604 Glycosphingolipid biosynthesis - ganglio series,Glycan biosynthesis and metabolism,Metabolism
chr_312,"K12309  GLB1, ELNR1; beta-galactosidase",00600 Sphingolipid metabolism,Lipid metabolism,Metabolism
chr_312,"K12309  GLB1, ELNR1; beta-galactosidase",00531 Glycosaminoglycan degradation,Glycan biosynthesis and metabolism,Metabolism
chr_312,"K12309  GLB1, ELNR1; beta-galactosidase",00511 Other glycan degradation,Glycan biosynthesis and metabolism,Metabolism
chr_312,"K12309  GLB1, ELNR1; beta-galactosidase",00052 Galactose metabolism,Carbohydrate metabolism,Metabolism
chr_312,"K12309  GLB1, ELNR1; beta-galactosidase",04142 Lysosome,Transport and catabolism,Cellular Processes
chr_312,"K12309  GLB1, ELNR1; beta-galactosidase",04147 Exosome,Protein families: signaling and cellular processes,Brite Hierarchies
chr_315,K01303  APEH; acylaminoacyl-peptidase,01002 Peptidases and inhibitors,Protein families: metabolism,Brite Hierarchies
chr_316,K07098  K07098; uncharacterized protein,99997 Function unknown,Poorly characterized,Not Included in Pathway or Brite
chr_317,K09117  K09117; uncharacterized protein,99997 Function unknown,Poorly characterized,Not Included in Pathway or Brite
chr_320,"K18955  whiB1_2_3_4; WhiB family transcriptional regulator, redox-sensing transcriptional regulator",03000 Transcription factors,Protein families: genetic information processing,Brite Hierarchies
chr_334,"K10914  crp; CRP/FNR family transcriptional regulator, cyclic AMP receptor protein",02020 Two-component system,Signal transduction,Environmental Information Processing
chr_334,"K10914  crp; CRP/FNR family transcriptional regulator, cyclic AMP receptor protein",02026 Biofilm formation - Escherichia coli,Cellular community - prokaryotes,Cellular Processes
chr_334,"K10914  crp; CRP/FNR family transcriptional regulator, cyclic AMP receptor protein",02024 Quorum sensing,Cellular community - prokaryotes,Cellular Processes
chr_334,"K10914  crp; CRP/FNR family transcriptional regulator, cyclic AMP receptor protein",05111 Biofilm formation - Vibrio cholerae,Cellular community - prokaryotes,Cellular Processes
chr_334,"K10914  crp; CRP/FNR family transcriptional regulator, cyclic AMP receptor protein",02025 Biofilm formation - Pseudomonas aeruginosa,Cellular community - prokaryotes,Cellular Processes
chr_334,"K10914  crp; CRP/FNR family transcriptional regulator, cyclic AMP receptor protein",03000 Transcription factors,Protein families: genetic information processing,Brite Hierarchies
chr_336,K10773  NTH; endonuclease III,03410 Base excision repair,Replication and repair,Genetic Information Processing
chr_336,K10773  NTH; endonuclease III,03400 DNA repair and recombination proteins,Protein families: genetic information processing,Brite Hierarchies
chr_341,"K03313  nhaA; Na+:H+ antiporter, NhaA family",02000 Transporters,Protein families: signaling and cellular processes,Brite Hierarchies
chr_342,"K01895  ACSS1_2, acs; acetyl-CoA synthetase",00640 Propanoate metabolism,Carbohydrate metabolism,Metabolism
chr_342,"K01895  ACSS1_2, acs; acetyl-CoA synthetase",00720 Carbon fixation pathways in prokaryotes,Energy metabolism,Metabolism
chr_342,"K01895  ACSS1_2, acs; acetyl-CoA synthetase",00680 Methane metabolism,Energy metabolism,Metabolism
chr_342,"K01895  ACSS1_2, acs; acetyl-CoA synthetase",00630 Glyoxylate and dicarboxylate metabolism,Carbohydrate metabolism,Metabolism
chr_342,"K01895  ACSS1_2, acs; acetyl-CoA synthetase",00010 Glycolysis / Gluconeogenesis,Carbohydrate metabolism,Metabolism
chr_342,"K01895  ACSS1_2, acs; acetyl-CoA synthetase",00620 Pyruvate metabolism,Carbohydrate metabolism,Metabolism
chr_342,"K01895  ACSS1_2, acs; acetyl-CoA synthetase",01004 Lipid biosynthesis proteins,Protein families: metabolism,Brite Hierarchies
chr_345,K07106  murQ; N-acetylmuramic acid 6-phosphate etherase,00520 Amino sugar and nucleotide sugar metabolism,Carbohydrate metabolism,Metabolism
chr_348,K21469  pbp4b; serine-type D-Ala-D-Ala carboxypeptidase,00550 Peptidoglycan biosynthesis,Glycan biosynthesis and metabolism,Metabolism
chr_348,K21469  pbp4b; serine-type D-Ala-D-Ala carboxypeptidase,01002 Peptidases and inhibitors,Protein families: metabolism,Brite Hierarchies
chr_348,K21469  pbp4b; serine-type D-Ala-D-Ala carboxypeptidase,01011 Peptidoglycan biosynthesis and degradation proteins,Protein families: metabolism,Brite Hierarchies
chr_350,K01207  nagZ; beta-N-acetylhexosaminidase,00531 Glycosaminoglycan degradation,Glycan biosynthesis and metabolism,Metabolism
chr_350,K01207  nagZ; beta-N-acetylhexosaminidase,00520 Amino sugar and nucleotide sugar metabolism,Carbohydrate metabolism,Metabolism
chr_350,K01207  nagZ; beta-N-acetylhexosaminidase,01501 beta-Lactam resistance,Drug resistance: antimicrobial,Human Diseases
chr_353,"K02283  cpaF, tadA; pilus assembly protein CpaF",02035 Bacterial motility proteins,Protein families: signaling and cellular processes,Brite Hierarchies
chr_353,"K02283  cpaF, tadA; pilus assembly protein CpaF",02044 Secretion system,Protein families: signaling and cellular processes,Brite Hierarchies
chr_354,K12510  tadB; tight adherence protein B,02044 Secretion system,Protein families: signaling and cellular processes,Brite Hierarchies
chr_360,K06877  K06877; DEAD/DEAH box helicase domain-containing protein,99996 General function prediction only,Poorly characterized,Not Included in Pathway or Brite
chr_361,K15987  hppA; K(+)-stimulated pyrophosphate-energized sodium pump,02000 Transporters,Protein families: signaling and cellular processes,Brite Hierarchies
chr_364,K03168  topA; DNA topoisomerase I,03400 DNA repair and recombination proteins,Protein families: genetic information processing,Brite Hierarchies
chr_364,K03168  topA; DNA topoisomerase I,03032 DNA replication proteins,Protein families: genetic information processing,Brite Hierarchies
chr_365,K02341  holB; DNA polymerase III subunit delta',03440 Homologous recombination,Replication and repair,Genetic Information Processing
chr_365,K02341  holB; DNA polymerase III subunit delta',03030 DNA replication,Replication and repair,Genetic Information Processing
chr_365,K02341  holB; DNA polymerase III subunit delta',03430 Mismatch repair,Replication and repair,Genetic Information Processing
chr_365,K02341  holB; DNA polymerase III subunit delta',03032 DNA replication proteins,Protein families: genetic information processing,Brite Hierarchies
chr_365,K02341  holB; DNA polymerase III subunit delta',03400 DNA repair and recombination proteins,Protein families: genetic information processing,Brite Hierarchies
chr_391,K06194  nlpD; lipoprotein NlpD,99992 Structural proteins,Unclassified: signaling and cellular processes,Not Included in Pathway or Brite
chr_394,K22579  rph; rifampicin phosphotransferase,99980 Enzymes with EC numbers,Unclassified: metabolism,Not Included in Pathway or Brite
chr_397,K01507  ppa; inorganic pyrophosphatase,00190 Oxidative phosphorylation,Energy metabolism,Metabolism
chr_398,K07259  dacB; serine-type D-Ala-D-Ala carboxypeptidase/endopeptidase (penicillin-binding protein 4),00550 Peptidoglycan biosynthesis,Glycan biosynthesis and metabolism,Metabolism
chr_398,K07259  dacB; serine-type D-Ala-D-Ala carboxypeptidase/endopeptidase (penicillin-binding protein 4),01002 Peptidases and inhibitors,Protein families: metabolism,Brite Hierarchies
chr_398,K07259  dacB; serine-type D-Ala-D-Ala carboxypeptidase/endopeptidase (penicillin-binding protein 4),01011 Peptidoglycan biosynthesis and degradation proteins,Protein families: metabolism,Brite Hierarchies
chr_400,"K04075  tilS, mesJ; tRNA(Ile)-lysidine synthase",03016 Transfer RNA biogenesis,Protein families: genetic information processing,Brite Hierarchies
chr_401,"K00760  hprT, hpt, HPRT1; hypoxanthine phosphoribosyltransferase",00230 Purine metabolism,Nucleotide metabolism,Metabolism
chr_401,"K00760  hprT, hpt, HPRT1; hypoxanthine phosphoribosyltransferase",00983 Drug metabolism - other enzymes,Xenobiotics biodegradation and metabolism,Metabolism
chr_402,"K03798  ftsH, hflB; cell division protease FtsH",01002 Peptidases and inhibitors,Protein families: metabolism,Brite Hierarchies
chr_402,"K03798  ftsH, hflB; cell division protease FtsH",03110 Chaperones and folding catalysts,Protein families: genetic information processing,Brite Hierarchies
chr_403,"K01495  GCH1, folE; GTP cyclohydrolase IA",00790 Folate biosynthesis,Metabolism of cofactors and vitamins,Metabolism
chr_404,K00796  folP; dihydropteroate synthase,00790 Folate biosynthesis,Metabolism of cofactors and vitamins,Metabolism
chr_405,"K01633  folB; 7,8-dihydroneopterin aldolase/epimerase/oxygenase",00790 Folate biosynthesis,Metabolism of cofactors and vitamins,Metabolism
chr_406,K00950  folK; 2-amino-4-hydroxy-6-hydroxymethyldihydropteridine diphosphokinase,00790 Folate biosynthesis,Metabolism of cofactors and vitamins,Metabolism
chr_407,"K19591  cueR; MerR family transcriptional regulator, copper efflux regulator",03000 Transcription factors,Protein families: genetic information processing,Brite Hierarchies
chr_407,"K19591  cueR; MerR family transcriptional regulator, copper efflux regulator",01504 Antimicrobial resistance genes,Protein families: signaling and cellular processes,Brite Hierarchies
chr_412,K01918  panC; pantoate--beta-alanine ligase,00770 Pantothenate and CoA biosynthesis,Metabolism of cofactors and vitamins,Metabolism
chr_412,K01918  panC; pantoate--beta-alanine ligase,00410 beta-Alanine metabolism,Metabolism of other amino acids,Metabolism
chr_413,K01579  panD; aspartate 1-decarboxylase,00770 Pantothenate and CoA biosynthesis,Metabolism of cofactors and vitamins,Metabolism
chr_413,K01579  panD; aspartate 1-decarboxylase,00410 beta-Alanine metabolism,Metabolism of other amino acids,Metabolism
chr_414,K03525  coaX; type III pantothenate kinase,00770 Pantothenate and CoA biosynthesis,Metabolism of cofactors and vitamins,Metabolism
chr_415,"K04567  KARS, lysS; lysyl-tRNA synthetase, class II",00970 Aminoacyl-tRNA biosynthesis,Translation,Genetic Information Processing
chr_415,"K04567  KARS, lysS; lysyl-tRNA synthetase, class II",01007 Amino acid related enzymes,Protein families: metabolism,Brite Hierarchies
chr_415,"K04567  KARS, lysS; lysyl-tRNA synthetase, class II",03016 Transfer RNA biogenesis,Protein families: genetic information processing,Brite Hierarchies
chr_417,K23186  fepD; ferric enterobactin transport system permease protein,02010 ABC transporters,Membrane transport,Environmental Information Processing
chr_417,K23186  fepD; ferric enterobactin transport system permease protein,02000 Transporters,Protein families: signaling and cellular processes,Brite Hierarchies
chr_419,K23188  fepC; ferric enterobactin transport system ATP-binding protein,02010 ABC transporters,Membrane transport,Environmental Information Processing
chr_419,K23188  fepC; ferric enterobactin transport system ATP-binding protein,02000 Transporters,Protein families: signaling and cellular processes,Brite Hierarchies
chr_420,K03696  clpC; ATP-dependent Clp protease ATP-binding subunit ClpC,03110 Chaperones and folding catalysts,Protein families: genetic information processing,Brite Hierarchies
chr_427,"K21481  mhuD, hmoB; heme oxygenase (mycobilin-producing)",99980 Enzymes with EC numbers,Unclassified: metabolism,Not Included in Pathway or Brite
chr_428,K01421  yhgE; putative membrane protein,99996 General function prediction only,Poorly characterized,Not Included in Pathway or Brite
chr_431,K03575  mutY; A/G-specific adenine glycosylase,03410 Base excision repair,Replication and repair,Genetic Information Processing
chr_431,K03575  mutY; A/G-specific adenine glycosylase,03400 DNA repair and recombination proteins,Protein families: genetic information processing,Brite Hierarchies
chr_433,K07067  disA; diadenylate cyclase,99980 Enzymes with EC numbers,Unclassified: metabolism,Not Included in Pathway or Brite
chr_434,"K04485  radA, sms; DNA repair protein RadA/Sms",03400 DNA repair and recombination proteins,Protein families: genetic information processing,Brite Hierarchies
chr_436,K07736  carD; CarD family transcriptional regulator,03000 Transcription factors,Protein families: genetic information processing,Brite Hierarchies
chr_437,K00991  ispD; 2-C-methyl-D-erythritol 4-phosphate cytidylyltransferase,00900 Terpenoid backbone biosynthesis,Metabolism of terpenoids and polyketides,Metabolism
chr_438,"K01770  ispF; 2-C-methyl-D-erythritol 2,4-cyclodiphosphate synthase",00900 Terpenoid backbone biosynthesis,Metabolism of terpenoids and polyketides,Metabolism
chr_441,"K01883  CARS, cysS; cysteinyl-tRNA synthetase",00970 Aminoacyl-tRNA biosynthesis,Translation,Genetic Information Processing
chr_441,"K01883  CARS, cysS; cysteinyl-tRNA synthetase",01007 Amino acid related enzymes,Protein families: metabolism,Brite Hierarchies
chr_441,"K01883  CARS, cysS; cysteinyl-tRNA synthetase",03016 Transfer RNA biogenesis,Protein families: genetic information processing,Brite Hierarchies
chr_442,K03218  rlmB; 23S rRNA (guanosine2251-2'-O)-methyltransferase,03009 Ribosome biogenesis,Protein families: genetic information processing,Brite Hierarchies
chr_444,K07485  K07485; transposase,99976 Replication and repair,Unclassified: genetic information processing,Not Included in Pathway or Brite
chr_446,K19294  algI; alginate O-acetyltransferase complex protein AlgI,99986 Glycan metabolism,Unclassified: metabolism,Not Included in Pathway or Brite
chr_453,"K00836  ectB, dat; diaminobutyrate-2-oxoglutarate transaminase","00260 Glycine, serine and threonine metabolism",Amino acid metabolism,Metabolism
chr_453,"K00836  ectB, dat; diaminobutyrate-2-oxoglutarate transaminase",01007 Amino acid related enzymes,Protein families: metabolism,Brite Hierarchies
chr_458,K01183  E3.2.1.14; chitinase,00520 Amino sugar and nucleotide sugar metabolism,Carbohydrate metabolism,Metabolism
chr_472,K00697  otsA; trehalose 6-phosphate synthase,00500 Starch and sucrose metabolism,Carbohydrate metabolism,Metabolism
chr_472,K00697  otsA; trehalose 6-phosphate synthase,01003 Glycosyltransferases,Protein families: metabolism,Brite Hierarchies
chr_473,K01087  otsB; trehalose 6-phosphate phosphatase,00500 Starch and sucrose metabolism,Carbohydrate metabolism,Metabolism
chr_478,"K00797  speE, SRM; spermidine synthase",00480 Glutathione metabolism,Metabolism of other amino acids,Metabolism
chr_478,"K00797  speE, SRM; spermidine synthase",00270 Cysteine and methionine metabolism,Amino acid metabolism,Metabolism
chr_478,"K00797  speE, SRM; spermidine synthase",00330 Arginine and proline metabolism,Amino acid metabolism,Metabolism
chr_480,"K10112  msmX, msmK, malK, sugC, ggtA, msiK; multiple sugar transport system ATP-binding protein",02010 ABC transporters,Membrane transport,Environmental Information Processing
chr_480,"K10112  msmX, msmK, malK, sugC, ggtA, msiK; multiple sugar transport system ATP-binding protein",02000 Transporters,Protein families: signaling and cellular processes,Brite Hierarchies
chr_481,K02077  ABC.ZM.S; zinc/manganese transport system substrate-binding protein,02000 Transporters,Protein families: signaling and cellular processes,Brite Hierarchies
chr_482,K02074  ABC.ZM.A; zinc/manganese transport system ATP-binding protein,02000 Transporters,Protein families: signaling and cellular processes,Brite Hierarchies
chr_483,K02075  ABC.ZM.P; zinc/manganese transport system permease protein,02000 Transporters,Protein families: signaling and cellular processes,Brite Hierarchies
chr_486,"K22894  embR; SARP family transcriptional regulator, regulator of embCAB operon",03000 Transcription factors,Protein families: genetic information processing,Brite Hierarchies
chr_491,K01714  dapA; 4-hydroxy-tetrahydrodipicolinate synthase,00261 Monobactam biosynthesis,Biosynthesis of other secondary metabolites,Metabolism
chr_491,K01714  dapA; 4-hydroxy-tetrahydrodipicolinate synthase,00300 Lysine biosynthesis,Amino acid metabolism,Metabolism
chr_495,"K00820  glmS, GFPT; glutamine---fructose-6-phosphate transaminase (isomerizing)","00250 Alanine, aspartate and glutamate metabolism",Amino acid metabolism,Metabolism
chr_495,"K00820  glmS, GFPT; glutamine---fructose-6-phosphate transaminase (isomerizing)",00520 Amino sugar and nucleotide sugar metabolism,Carbohydrate metabolism,Metabolism
chr_495,"K00820  glmS, GFPT; glutamine---fructose-6-phosphate transaminase (isomerizing)",04931 Insulin resistance,Endocrine and metabolic disease,Human Diseases
chr_495,"K00820  glmS, GFPT; glutamine---fructose-6-phosphate transaminase (isomerizing)",01002 Peptidases and inhibitors,Protein families: metabolism,Brite Hierarchies
chr_496,K02026  ABC.MS.P1; multiple sugar transport system permease protein,02000 Transporters,Protein families: signaling and cellular processes,Brite Hierarchies
chr_497,K10109  malF; maltose/maltodextrin transport system permease protein,02010 ABC transporters,Membrane transport,Environmental Information Processing
chr_497,K10109  malF; maltose/maltodextrin transport system permease protein,02000 Transporters,Protein families: signaling and cellular processes,Brite Hierarchies
chr_498,K17244  chiE; putative chitobiose transport system substrate-binding protein,02010 ABC transporters,Membrane transport,Environmental Information Processing
chr_498,K17244  chiE; putative chitobiose transport system substrate-binding protein,02000 Transporters,Protein families: signaling and cellular processes,Brite Hierarchies
chr_502,K00788  thiE; thiamine-phosphate pyrophosphorylase,00730 Thiamine metabolism,Metabolism of cofactors and vitamins,Metabolism
chr_503,K03153  thiO; glycine oxidase,00730 Thiamine metabolism,Metabolism of cofactors and vitamins,Metabolism
chr_505,K03149  thiG; thiazole synthase,00730 Thiamine metabolism,Metabolism of cofactors and vitamins,Metabolism
chr_507,K00941  thiD; hydroxymethylpyrimidine/phosphomethylpyrimidine kinase,00730 Thiamine metabolism,Metabolism of cofactors and vitamins,Metabolism
chr_508,K03147  thiC; phosphomethylpyrimidine synthase,00730 Thiamine metabolism,Metabolism of cofactors and vitamins,Metabolism
chr_509,"K01462  PDF, def; peptide deformylase",99980 Enzymes with EC numbers,Unclassified: metabolism,Not Included in Pathway or Brite
chr_513,"K17103  CHO1, pssA; CDP-diacylglycerol---serine O-phosphatidyltransferase","00260 Glycine, serine and threonine metabolism",Amino acid metabolism,Metabolism
chr_513,"K17103  CHO1, pssA; CDP-diacylglycerol---serine O-phosphatidyltransferase",00564 Glycerophospholipid metabolism,Lipid metabolism,Metabolism
chr_514,"K01613  psd, PISD; phosphatidylserine decarboxylase",00564 Glycerophospholipid metabolism,Lipid metabolism,Metabolism
chr_516,K03750  moeA; molybdopterin molybdotransferase,00790 Folate biosynthesis,Metabolism of cofactors and vitamins,Metabolism
chr_518,K03704  cspA; cold shock protein,99973 Transcription,Unclassified: genetic information processing,Not Included in Pathway or Brite
chr_519,K19009  SIK3; serine/threonine-protein kinase SIK3,01001 Protein kinases,Protein families: metabolism,Brite Hierarchies
chr_520,"K04077  groEL, HSPD1; chaperonin GroEL",03018 RNA degradation,"Folding, sorting and degradation",Genetic Information Processing
chr_520,"K04077  groEL, HSPD1; chaperonin GroEL",04212 Longevity regulating pathway - worm,Aging,Organismal Systems
chr_520,"K04077  groEL, HSPD1; chaperonin GroEL",05152 Tuberculosis,Infectious disease: bacterial,Human Diseases
chr_520,"K04077  groEL, HSPD1; chaperonin GroEL",04940 Type I diabetes mellitus,Endocrine and metabolic disease,Human Diseases
chr_520,"K04077  groEL, HSPD1; chaperonin GroEL",05134 Legionellosis,Infectious disease: bacterial,Human Diseases
chr_520,"K04077  groEL, HSPD1; chaperonin GroEL",03019 Messenger RNA biogenesis,Protein families: genetic information processing,Brite Hierarchies
chr_520,"K04077  groEL, HSPD1; chaperonin GroEL",04147 Exosome,Protein families: signaling and cellular processes,Brite Hierarchies
chr_520,"K04077  groEL, HSPD1; chaperonin GroEL",03029 Mitochondrial biogenesis,Protein families: genetic information processing,Brite Hierarchies
chr_520,"K04077  groEL, HSPD1; chaperonin GroEL",03110 Chaperones and folding catalysts,Protein families: genetic information processing,Brite Hierarchies
chr_523,"K15719  NCOAT, MGEA5; protein O-GlcNAcase / histone acetyltransferase",04931 Insulin resistance,Endocrine and metabolic disease,Human Diseases
chr_529,K07161  K07161; uncharacterized protein,99997 Function unknown,Poorly characterized,Not Included in Pathway or Brite
chr_530,K07402  xdhC; xanthine dehydrogenase accessory factor,99975 Protein processing,Unclassified: genetic information processing,Not Included in Pathway or Brite
chr_531,K03518  coxS; aerobic carbon-monoxide dehydrogenase small subunit,99980 Enzymes with EC numbers,Unclassified: metabolism,Not Included in Pathway or Brite
chr_532,"K03520  coxL, cutL; aerobic carbon-monoxide dehydrogenase large subunit",99980 Enzymes with EC numbers,Unclassified: metabolism,Not Included in Pathway or Brite
chr_533,"K03519  coxM, cutM; aerobic carbon-monoxide dehydrogenase medium subunit",99980 Enzymes with EC numbers,Unclassified: metabolism,Not Included in Pathway or Brite
chr_535,K02549  menC; O-succinylbenzoate synthase,00130 Ubiquinone and other terpenoid-quinone biosynthesis,Metabolism of cofactors and vitamins,Metabolism
chr_537,"K10843  ERCC3, XPB; DNA excision repair protein ERCC-3",03022 Basal transcription factors,Transcription,Genetic Information Processing
chr_537,"K10843  ERCC3, XPB; DNA excision repair protein ERCC-3",03420 Nucleotide excision repair,Replication and repair,Genetic Information Processing
chr_537,"K10843  ERCC3, XPB; DNA excision repair protein ERCC-3",03021 Transcription machinery,Protein families: genetic information processing,Brite Hierarchies
chr_537,"K10843  ERCC3, XPB; DNA excision repair protein ERCC-3",03400 DNA repair and recombination proteins,Protein families: genetic information processing,Brite Hierarchies
chr_541,K01576  mdlC; benzoylformate decarboxylase,00627 Aminobenzoate degradation,Xenobiotics biodegradation and metabolism,Metabolism
chr_545,K02049  ABC.SN.A; NitT/TauT family transport system ATP-binding protein,02000 Transporters,Protein families: signaling and cellular processes,Brite Hierarchies
chr_546,"K15577  nrtB, nasE, cynB; nitrate/nitrite transport system permease protein",00910 Nitrogen metabolism,Energy metabolism,Metabolism
chr_546,"K15577  nrtB, nasE, cynB; nitrate/nitrite transport system permease protein",02010 ABC transporters,Membrane transport,Environmental Information Processing
chr_546,"K15577  nrtB, nasE, cynB; nitrate/nitrite transport system permease protein",02000 Transporters,Protein families: signaling and cellular processes,Brite Hierarchies
chr_547,K11951  cmpB; bicarbonate transport system permease protein,02010 ABC transporters,Membrane transport,Environmental Information Processing
chr_547,K11951  cmpB; bicarbonate transport system permease protein,02000 Transporters,Protein families: signaling and cellular processes,Brite Hierarchies
chr_548,K15553  ssuA; sulfonate transport system substrate-binding protein,00920 Sulfur metabolism,Energy metabolism,Metabolism
chr_548,K15553  ssuA; sulfonate transport system substrate-binding protein,02010 ABC transporters,Membrane transport,Environmental Information Processing
chr_548,K15553  ssuA; sulfonate transport system substrate-binding protein,02000 Transporters,Protein families: signaling and cellular processes,Brite Hierarchies
chr_549,K02051  ABC.SN.S; NitT/TauT family transport system substrate-binding protein,02000 Transporters,Protein families: signaling and cellular processes,Brite Hierarchies
chr_551,K07131  K07131; uncharacterized protein,99997 Function unknown,Poorly characterized,Not Included in Pathway or Brite
chr_553,K06945  K06945; uncharacterized protein,99997 Function unknown,Poorly characterized,Not Included in Pathway or Brite
chr_557,"K00027  ME2, sfcA, maeA; malate dehydrogenase (oxaloacetate-decarboxylating)",00620 Pyruvate metabolism,Carbohydrate metabolism,Metabolism
chr_557,"K00027  ME2, sfcA, maeA; malate dehydrogenase (oxaloacetate-decarboxylating)",02020 Two-component system,Signal transduction,Environmental Information Processing
chr_558,"K03637  moaC, CNX3; cyclic pyranopterin monophosphate synthase",00790 Folate biosynthesis,Metabolism of cofactors and vitamins,Metabolism
chr_558,"K03637  moaC, CNX3; cyclic pyranopterin monophosphate synthase",04122 Sulfur relay system,"Folding, sorting and degradation",Genetic Information Processing
chr_562,"K03636  moaD, cysO; sulfur-carrier protein",04122 Sulfur relay system,"Folding, sorting and degradation",Genetic Information Processing
chr_563,"K03639  moaA, CNX2; GTP 3',8-cyclase",00790 Folate biosynthesis,Metabolism of cofactors and vitamins,Metabolism
chr_563,"K03639  moaA, CNX2; GTP 3',8-cyclase",04122 Sulfur relay system,"Folding, sorting and degradation",Genetic Information Processing
chr_565,K02020  modA; molybdate transport system substrate-binding protein,02010 ABC transporters,Membrane transport,Environmental Information Processing
chr_565,K02020  modA; molybdate transport system substrate-binding protein,02000 Transporters,Protein families: signaling and cellular processes,Brite Hierarchies
chr_566,K02018  modB; molybdate transport system permease protein,02010 ABC transporters,Membrane transport,Environmental Information Processing
chr_566,K02018  modB; molybdate transport system permease protein,02000 Transporters,Protein families: signaling and cellular processes,Brite Hierarchies
chr_567,K02017  modC; molybdate transport system ATP-binding protein,02010 ABC transporters,Membrane transport,Environmental Information Processing
chr_567,K02017  modC; molybdate transport system ATP-binding protein,02000 Transporters,Protein families: signaling and cellular processes,Brite Hierarchies
chr_568,K02566  nagD; NagD protein,99981 Carbohydrate metabolism,Unclassified: metabolism,Not Included in Pathway or Brite
chr_572,"K00526  E1.17.4.1B, nrdB, nrdF; ribonucleoside-diphosphate reductase beta chain",00240 Pyrimidine metabolism,Nucleotide metabolism,Metabolism
chr_572,"K00526  E1.17.4.1B, nrdB, nrdF; ribonucleoside-diphosphate reductase beta chain",00230 Purine metabolism,Nucleotide metabolism,Metabolism
chr_572,"K00526  E1.17.4.1B, nrdB, nrdF; ribonucleoside-diphosphate reductase beta chain",03400 DNA repair and recombination proteins,Protein families: genetic information processing,Brite Hierarchies
chr_573,K01091  gph; phosphoglycolate phosphatase,00630 Glyoxylate and dicarboxylate metabolism,Carbohydrate metabolism,Metabolism
chr_575,K03704  cspA; cold shock protein,99973 Transcription,Unclassified: genetic information processing,Not Included in Pathway or Brite
chr_581,"K22757  QCT, qpcT; glutaminyl-peptide cyclotransferase",99980 Enzymes with EC numbers,Unclassified: metabolism,Not Included in Pathway or Brite
chr_598,"K04564  SOD2; superoxide dismutase, Fe-Mn family",04013 MAPK signaling pathway - fly,Signal transduction,Environmental Information Processing
chr_598,"K04564  SOD2; superoxide dismutase, Fe-Mn family",04068 FoxO signaling pathway,Signal transduction,Environmental Information Processing
chr_598,"K04564  SOD2; superoxide dismutase, Fe-Mn family",04146 Peroxisome,Transport and catabolism,Cellular Processes
chr_598,"K04564  SOD2; superoxide dismutase, Fe-Mn family",04213 Longevity regulating pathway - multiple species,Aging,Organismal Systems
chr_598,"K04564  SOD2; superoxide dismutase, Fe-Mn family",04212 Longevity regulating pathway - worm,Aging,Organismal Systems
chr_598,"K04564  SOD2; superoxide dismutase, Fe-Mn family",04211 Longevity regulating pathway,Aging,Organismal Systems
chr_598,"K04564  SOD2; superoxide dismutase, Fe-Mn family",05016 Huntington disease,Neurodegenerative disease,Human Diseases
chr_608,"K00831  serC, PSAT1; phosphoserine aminotransferase",00680 Methane metabolism,Energy metabolism,Metabolism
chr_608,"K00831  serC, PSAT1; phosphoserine aminotransferase","00260 Glycine, serine and threonine metabolism",Amino acid metabolism,Metabolism
chr_608,"K00831  serC, PSAT1; phosphoserine aminotransferase",00270 Cysteine and methionine metabolism,Amino acid metabolism,Metabolism
chr_608,"K00831  serC, PSAT1; phosphoserine aminotransferase",00750 Vitamin B6 metabolism,Metabolism of cofactors and vitamins,Metabolism
chr_608,"K00831  serC, PSAT1; phosphoserine aminotransferase",01007 Amino acid related enzymes,Protein families: metabolism,Brite Hierarchies
chr_610,"K01647  CS, gltA; citrate synthase",00020 Citrate cycle (TCA cycle),Carbohydrate metabolism,Metabolism
chr_610,"K01647  CS, gltA; citrate synthase",00630 Glyoxylate and dicarboxylate metabolism,Carbohydrate metabolism,Metabolism
chr_611,K01430  ureA; urease subunit gamma,00791 Atrazine degradation,Xenobiotics biodegradation and metabolism,Metabolism
chr_611,K01430  ureA; urease subunit gamma,00230 Purine metabolism,Nucleotide metabolism,Metabolism
chr_611,K01430  ureA; urease subunit gamma,00220 Arginine biosynthesis,Amino acid metabolism,Metabolism
chr_612,"K00275  pdxH, PNPO; pyridoxamine 5'-phosphate oxidase",00750 Vitamin B6 metabolism,Metabolism of cofactors and vitamins,Metabolism
chr_615,"K01785  galM, GALM; aldose 1-epimerase",00010 Glycolysis / Gluconeogenesis,Carbohydrate metabolism,Metabolism
chr_615,"K01785  galM, GALM; aldose 1-epimerase",00052 Galactose metabolism,Carbohydrate metabolism,Metabolism
chr_616,K18244  mmgC; acyl-CoA dehydrogenase,99980 Enzymes with EC numbers,Unclassified: metabolism,Not Included in Pathway or Brite
chr_618,"K00847  E2.7.1.4, scrK; fructokinase",00051 Fructose and mannose metabolism,Carbohydrate metabolism,Metabolism
chr_618,"K00847  E2.7.1.4, scrK; fructokinase",00520 Amino sugar and nucleotide sugar metabolism,Carbohydrate metabolism,Metabolism
chr_618,"K00847  E2.7.1.4, scrK; fructokinase",00500 Starch and sucrose metabolism,Carbohydrate metabolism,Metabolism
chr_619,"K01647  CS, gltA; citrate synthase",00020 Citrate cycle (TCA cycle),Carbohydrate metabolism,Metabolism
chr_619,"K01647  CS, gltA; citrate synthase",00630 Glyoxylate and dicarboxylate metabolism,Carbohydrate metabolism,Metabolism
chr_620,K01992  ABC-2.P; ABC-2 type transport system permease protein,02000 Transporters,Protein families: signaling and cellular processes,Brite Hierarchies
chr_621,K01990  ABC-2.A; ABC-2 type transport system ATP-binding protein,02000 Transporters,Protein families: signaling and cellular processes,Brite Hierarchies
chr_622,"K00111  glpA, glpD; glycerol-3-phosphate dehydrogenase",00564 Glycerophospholipid metabolism,Lipid metabolism,Metabolism
chr_624,"K00803  AGPS, agpS; alkyldihydroxyacetonephosphate synthase",00565 Ether lipid metabolism,Lipid metabolism,Metabolism
chr_624,"K00803  AGPS, agpS; alkyldihydroxyacetonephosphate synthase",04146 Peroxisome,Transport and catabolism,Cellular Processes
chr_633,K01054  MGLL; acylglycerol lipase,00561 Glycerolipid metabolism,Lipid metabolism,Metabolism
chr_633,K01054  MGLL; acylglycerol lipase,04723 Retrograde endocannabinoid signaling,Nervous system,Organismal Systems
chr_633,K01054  MGLL; acylglycerol lipase,04923 Regulation of lipolysis in adipocytes,Endocrine system,Organismal Systems
chr_633,K01054  MGLL; acylglycerol lipase,04714 Thermogenesis,Environmental adaptation,Organismal Systems
chr_633,K01054  MGLL; acylglycerol lipase,01002 Peptidases and inhibitors,Protein families: metabolism,Brite Hierarchies
chr_635,K07273  acm; lysozyme,99992 Structural proteins,Unclassified: signaling and cellular processes,Not Included in Pathway or Brite
chr_642,"K19002  mgs, bgsB; 1,2-diacylglycerol 3-alpha-glucosyltransferase",00561 Glycerolipid metabolism,Lipid metabolism,Metabolism
chr_642,"K19002  mgs, bgsB; 1,2-diacylglycerol 3-alpha-glucosyltransferase",01003 Glycosyltransferases,Protein families: metabolism,Brite Hierarchies
chr_643,"K08680  menH; 2-succinyl-6-hydroxy-2,4-cyclohexadiene-1-carboxylate synthase",00130 Ubiquinone and other terpenoid-quinone biosynthesis,Metabolism of cofactors and vitamins,Metabolism
chr_646,K07077  K07077; uncharacterized protein,99997 Function unknown,Poorly characterized,Not Included in Pathway or Brite
chr_649,K14393  actP; cation/acetate symporter,02000 Transporters,Protein families: signaling and cellular processes,Brite Hierarchies
chr_654,K06945  K06945; uncharacterized protein,99997 Function unknown,Poorly characterized,Not Included in Pathway or Brite
chr_660,K07485  K07485; transposase,99976 Replication and repair,Unclassified: genetic information processing,Not Included in Pathway or Brite
chr_663,K08351  bisC; biotin/methionine sulfoxide reductase,00780 Biotin metabolism,Metabolism of cofactors and vitamins,Metabolism
chr_663,K08351  bisC; biotin/methionine sulfoxide reductase,02000 Transporters,Protein families: signaling and cellular processes,Brite Hierarchies
chr_681,"K03088  rpoE; RNA polymerase sigma-70 factor, ECF subfamily",03021 Transcription machinery,Protein families: genetic information processing,Brite Hierarchies
chr_704,"K13529  ada-alkA; AraC family transcriptional regulator, regulatory protein of adaptative response / DNA-3-methyladenine glycosylase II",03410 Base excision repair,Replication and repair,Genetic Information Processing
chr_704,"K13529  ada-alkA; AraC family transcriptional regulator, regulatory protein of adaptative response / DNA-3-methyladenine glycosylase II",03400 DNA repair and recombination proteins,Protein families: genetic information processing,Brite Hierarchies
chr_704,"K13529  ada-alkA; AraC family transcriptional regulator, regulatory protein of adaptative response / DNA-3-methyladenine glycosylase II",03000 Transcription factors,Protein families: genetic information processing,Brite Hierarchies
chr_705,"K00567  ogt, MGMT; methylated-DNA-[protein]-cysteine S-methyltransferase",03400 DNA repair and recombination proteins,Protein families: genetic information processing,Brite Hierarchies
chr_728,"K03574  mutT, NUDT15, MTH2; 8-oxo-dGTP diphosphatase",03400 DNA repair and recombination proteins,Protein families: genetic information processing,Brite Hierarchies
chr_748,K21088  ydaM; diguanylate cyclase,02026 Biofilm formation - Escherichia coli,Cellular community - prokaryotes,Cellular Processes
chr_749,"K04719  bluB; 5,6-dimethylbenzimidazole synthase",00740 Riboflavin metabolism,Metabolism of cofactors and vitamins,Metabolism
chr_750,"K02963  RP-S18, MRPS18, rpsR; small subunit ribosomal protein S18",03010 Ribosome,Translation,Genetic Information Processing
chr_750,"K02963  RP-S18, MRPS18, rpsR; small subunit ribosomal protein S18",03011 Ribosome,Protein families: genetic information processing,Brite Hierarchies
chr_751,"K02954  RP-S14, MRPS14, rpsN; small subunit ribosomal protein S14",03010 Ribosome,Translation,Genetic Information Processing
chr_751,"K02954  RP-S14, MRPS14, rpsN; small subunit ribosomal protein S14",03011 Ribosome,Protein families: genetic information processing,Brite Hierarchies
chr_752,"K02913  RP-L33, MRPL33, rpmG; large subunit ribosomal protein L33",03010 Ribosome,Translation,Genetic Information Processing
chr_752,"K02913  RP-L33, MRPL33, rpmG; large subunit ribosomal protein L33",03011 Ribosome,Protein families: genetic information processing,Brite Hierarchies
chr_753,"K02902  RP-L28, MRPL28, rpmB; large subunit ribosomal protein L28",03010 Ribosome,Translation,Genetic Information Processing
chr_753,"K02902  RP-L28, MRPL28, rpmB; large subunit ribosomal protein L28",03011 Ribosome,Protein families: genetic information processing,Brite Hierarchies
chr_755,"K02909  RP-L31, rpmE; large subunit ribosomal protein L31",03010 Ribosome,Translation,Genetic Information Processing
chr_755,"K02909  RP-L31, rpmE; large subunit ribosomal protein L31",03011 Ribosome,Protein families: genetic information processing,Brite Hierarchies
chr_757,"K07669  mprA; two-component system, OmpR family, response regulator MprA",02020 Two-component system,Signal transduction,Environmental Information Processing
chr_757,"K07669  mprA; two-component system, OmpR family, response regulator MprA",02022 Two-component system,Protein families: signaling and cellular processes,Brite Hierarchies
chr_758,"K07653  mprB; two-component system, OmpR family, sensor histidine kinase MprB",02020 Two-component system,Signal transduction,Environmental Information Processing
chr_758,"K07653  mprB; two-component system, OmpR family, sensor histidine kinase MprB",02022 Two-component system,Protein families: signaling and cellular processes,Brite Hierarchies
chr_758,"K07653  mprB; two-component system, OmpR family, sensor histidine kinase MprB",01001 Protein kinases,Protein families: metabolism,Brite Hierarchies
chr_759,"K02081  agaR; DeoR family transcriptional regulator, aga operon transcriptional repressor",03000 Transcription factors,Protein families: genetic information processing,Brite Hierarchies
chr_760,"K00965  galT, GALT; UDPglucose--hexose-1-phosphate uridylyltransferase",00052 Galactose metabolism,Carbohydrate metabolism,Metabolism
chr_760,"K00965  galT, GALT; UDPglucose--hexose-1-phosphate uridylyltransferase",00520 Amino sugar and nucleotide sugar metabolism,Carbohydrate metabolism,Metabolism
chr_760,"K00965  galT, GALT; UDPglucose--hexose-1-phosphate uridylyltransferase",04917 Prolactin signaling pathway,Endocrine system,Organismal Systems
chr_762,"K04771  degP, htrA; serine protease Do",02020 Two-component system,Signal transduction,Environmental Information Processing
chr_762,"K04771  degP, htrA; serine protease Do",01503 Cationic antimicrobial peptide (CAMP) resistance,Drug resistance: antimicrobial,Human Diseases
chr_762,"K04771  degP, htrA; serine protease Do",03110 Chaperones and folding catalysts,Protein families: genetic information processing,Brite Hierarchies
chr_762,"K04771  degP, htrA; serine protease Do",01002 Peptidases and inhibitors,Protein families: metabolism,Brite Hierarchies
chr_766,K03282  mscL; large conductance mechanosensitive channel,02000 Transporters,Protein families: signaling and cellular processes,Brite Hierarchies
chr_769,K01934  MTHFS; 5-formyltetrahydrofolate cyclo-ligase,00670 One carbon pool by folate,Metabolism of cofactors and vitamins,Metabolism
chr_770,"K00963  UGP2, galU, galF; UTP--glucose-1-phosphate uridylyltransferase",00500 Starch and sucrose metabolism,Carbohydrate metabolism,Metabolism
chr_770,"K00963  UGP2, galU, galF; UTP--glucose-1-phosphate uridylyltransferase",00052 Galactose metabolism,Carbohydrate metabolism,Metabolism
chr_770,"K00963  UGP2, galU, galF; UTP--glucose-1-phosphate uridylyltransferase",00040 Pentose and glucuronate interconversions,Carbohydrate metabolism,Metabolism
chr_770,"K00963  UGP2, galU, galF; UTP--glucose-1-phosphate uridylyltransferase",00520 Amino sugar and nucleotide sugar metabolism,Carbohydrate metabolism,Metabolism
chr_771,K03750  moeA; molybdopterin molybdotransferase,00790 Folate biosynthesis,Metabolism of cofactors and vitamins,Metabolism
chr_772,K03790  rimJ; [ribosomal protein S5]-alanine N-acetyltransferase,03009 Ribosome biogenesis,Protein families: genetic information processing,Brite Hierarchies
chr_780,K03918  lat; L-lysine 6-transaminase,01007 Amino acid related enzymes,Protein families: metabolism,Brite Hierarchies
chr_782,"K00728  POMT, pmt; dolichyl-phosphate-mannose-protein mannosyltransferase",00515 Mannose type O-glycan biosynthesis,Glycan biosynthesis and metabolism,Metabolism
chr_782,"K00728  POMT, pmt; dolichyl-phosphate-mannose-protein mannosyltransferase",00514 Other types of O-glycan biosynthesis,Glycan biosynthesis and metabolism,Metabolism
chr_782,"K00728  POMT, pmt; dolichyl-phosphate-mannose-protein mannosyltransferase",01003 Glycosyltransferases,Protein families: metabolism,Brite Hierarchies
chr_783,K07056  rsmI; 16S rRNA (cytidine1402-2'-O)-methyltransferase,03009 Ribosome biogenesis,Protein families: genetic information processing,Brite Hierarchies
chr_784,K01665  pabB; para-aminobenzoate synthetase component I,00790 Folate biosynthesis,Metabolism of cofactors and vitamins,Metabolism
chr_786,"K01874  MARS, metG; methionyl-tRNA synthetase",00450 Selenocompound metabolism,Metabolism of other amino acids,Metabolism
chr_786,"K01874  MARS, metG; methionyl-tRNA synthetase",00970 Aminoacyl-tRNA biosynthesis,Translation,Genetic Information Processing
chr_786,"K01874  MARS, metG; methionyl-tRNA synthetase",01007 Amino acid related enzymes,Protein families: metabolism,Brite Hierarchies
chr_786,"K01874  MARS, metG; methionyl-tRNA synthetase",03016 Transfer RNA biogenesis,Protein families: genetic information processing,Brite Hierarchies
chr_787,K03424  tatD; TatD DNase family protein,99980 Enzymes with EC numbers,Unclassified: metabolism,Not Included in Pathway or Brite
chr_789,K21688  rpfB; resuscitation-promoting factor RpfB,99986 Glycan metabolism,Unclassified: metabolism,Not Included in Pathway or Brite
chr_790,K02528  ksgA; 16S rRNA (adenine1518-N6/adenine1519-N6)-dimethyltransferase,03009 Ribosome biogenesis,Protein families: genetic information processing,Brite Hierarchies
chr_791,K02071  metN; D-methionine transport system ATP-binding protein,02010 ABC transporters,Membrane transport,Environmental Information Processing
chr_791,K02071  metN; D-methionine transport system ATP-binding protein,02000 Transporters,Protein families: signaling and cellular processes,Brite Hierarchies
chr_792,K02072  metI; D-methionine transport system permease protein,02010 ABC transporters,Membrane transport,Environmental Information Processing
chr_792,K02072  metI; D-methionine transport system permease protein,02000 Transporters,Protein families: signaling and cellular processes,Brite Hierarchies
chr_793,K02073  metQ; D-methionine transport system substrate-binding protein,02010 ABC transporters,Membrane transport,Environmental Information Processing
chr_793,K02073  metQ; D-methionine transport system substrate-binding protein,02000 Transporters,Protein families: signaling and cellular processes,Brite Hierarchies
chr_794,K00919  ispE; 4-diphosphocytidyl-2-C-methyl-D-erythritol kinase,00900 Terpenoid backbone biosynthesis,Metabolism of terpenoids and polyketides,Metabolism
chr_795,K15738  uup; ABC transport system ATP-binding/permease protein,02000 Transporters,Protein families: signaling and cellular processes,Brite Hierarchies
chr_796,K00666  K00666; fatty-acyl-CoA synthase,01004 Lipid biosynthesis proteins,Protein families: metabolism,Brite Hierarchies
chr_797,"K01056  PTH1, pth, spoVC; peptidyl-tRNA hydrolase, PTH1 family",03012 Translation factors,Protein families: genetic information processing,Brite Hierarchies
chr_798,"K02897  RP-L25, rplY; large subunit ribosomal protein L25",03010 Ribosome,Translation,Genetic Information Processing
chr_798,"K02897  RP-L25, rplY; large subunit ribosomal protein L25",03011 Ribosome,Protein families: genetic information processing,Brite Hierarchies
chr_800,K07118  K07118; uncharacterized protein,99997 Function unknown,Poorly characterized,Not Included in Pathway or Brite
chr_801,K09019  rutE; 3-hydroxypropanoate dehydrogenase,00240 Pyrimidine metabolism,Nucleotide metabolism,Metabolism
chr_802,"K00948  PRPS, prsA; ribose-phosphate pyrophosphokinase",00230 Purine metabolism,Nucleotide metabolism,Metabolism
chr_802,"K00948  PRPS, prsA; ribose-phosphate pyrophosphokinase",00030 Pentose phosphate pathway,Carbohydrate metabolism,Metabolism
chr_803,K04042  glmU; bifunctional UDP-N-acetylglucosamine pyrophosphorylase / Glucosamine-1-phosphate N-acetyltransferase,00520 Amino sugar and nucleotide sugar metabolism,Carbohydrate metabolism,Metabolism
chr_804,K13590  dgcB; diguanylate cyclase,04112 Cell cycle - Caulobacter,Cell growth and death,Cellular Processes
chr_806,"K00507  SCD, desC; stearoyl-CoA desaturase (Delta-9 desaturase)",01040 Biosynthesis of unsaturated fatty acids,Lipid metabolism,Metabolism
chr_806,"K00507  SCD, desC; stearoyl-CoA desaturase (Delta-9 desaturase)",04152 AMPK signaling pathway,Signal transduction,Environmental Information Processing
chr_806,"K00507  SCD, desC; stearoyl-CoA desaturase (Delta-9 desaturase)",03320 PPAR signaling pathway,Endocrine system,Organismal Systems
chr_806,"K00507  SCD, desC; stearoyl-CoA desaturase (Delta-9 desaturase)",04212 Longevity regulating pathway - worm,Aging,Organismal Systems
chr_806,"K00507  SCD, desC; stearoyl-CoA desaturase (Delta-9 desaturase)",01004 Lipid biosynthesis proteins,Protein families: metabolism,Brite Hierarchies
chr_808,K21430  yliI; aldose sugar dehydrogenase,99980 Enzymes with EC numbers,Unclassified: metabolism,Not Included in Pathway or Brite
chr_809,K03723  mfd; transcription-repair coupling factor (superfamily II helicase),03420 Nucleotide excision repair,Replication and repair,Genetic Information Processing
chr_809,K03723  mfd; transcription-repair coupling factor (superfamily II helicase),03400 DNA repair and recombination proteins,Protein families: genetic information processing,Brite Hierarchies
chr_810,"K02168  betT, betS; choline/glycine/proline betaine transport protein",02000 Transporters,Protein families: signaling and cellular processes,Brite Hierarchies
chr_813,K04765  mazG; nucleoside triphosphate diphosphatase,00240 Pyrimidine metabolism,Nucleotide metabolism,Metabolism
chr_813,K04765  mazG; nucleoside triphosphate diphosphatase,00760 Nicotinate and nicotinamide metabolism,Metabolism of cofactors and vitamins,Metabolism
chr_813,K04765  mazG; nucleoside triphosphate diphosphatase,00230 Purine metabolism,Nucleotide metabolism,Metabolism
chr_813,K04765  mazG; nucleoside triphosphate diphosphatase,00770 Pantothenate and CoA biosynthesis,Metabolism of cofactors and vitamins,Metabolism
chr_817,"K01689  ENO, eno; enolase",00680 Methane metabolism,Energy metabolism,Metabolism
chr_817,"K01689  ENO, eno; enolase",00010 Glycolysis / Gluconeogenesis,Carbohydrate metabolism,Metabolism
chr_817,"K01689  ENO, eno; enolase",03018 RNA degradation,"Folding, sorting and degradation",Genetic Information Processing
chr_817,"K01689  ENO, eno; enolase",04066 HIF-1 signaling pathway,Signal transduction,Environmental Information Processing
chr_817,"K01689  ENO, eno; enolase",04147 Exosome,Protein families: signaling and cellular processes,Brite Hierarchies
chr_817,"K01689  ENO, eno; enolase",03019 Messenger RNA biogenesis,Protein families: genetic information processing,Brite Hierarchies
chr_819,K09009  K09009; uncharacterized protein,99997 Function unknown,Poorly characterized,Not Included in Pathway or Brite
chr_823,"K01524  ppx-gppA; exopolyphosphatase / guanosine-5'-triphosphate,3'-diphosphate pyrophosphatase",00230 Purine metabolism,Nucleotide metabolism,Metabolism
chr_824,"K15580  oppA, mppA; oligopeptide transport system substrate-binding protein",02010 ABC transporters,Membrane transport,Environmental Information Processing
chr_824,"K15580  oppA, mppA; oligopeptide transport system substrate-binding protein",02024 Quorum sensing,Cellular community - prokaryotes,Cellular Processes
chr_824,"K15580  oppA, mppA; oligopeptide transport system substrate-binding protein",01501 beta-Lactam resistance,Drug resistance: antimicrobial,Human Diseases
chr_824,"K15580  oppA, mppA; oligopeptide transport system substrate-binding protein",02000 Transporters,Protein families: signaling and cellular processes,Brite Hierarchies
chr_825,K15581  oppB; oligopeptide transport system permease protein,02010 ABC transporters,Membrane transport,Environmental Information Processing
chr_825,K15581  oppB; oligopeptide transport system permease protein,02024 Quorum sensing,Cellular community - prokaryotes,Cellular Processes
chr_825,K15581  oppB; oligopeptide transport system permease protein,01501 beta-Lactam resistance,Drug resistance: antimicrobial,Human Diseases
chr_825,K15581  oppB; oligopeptide transport system permease protein,02000 Transporters,Protein families: signaling and cellular processes,Brite Hierarchies
chr_826,K15582  oppC; oligopeptide transport system permease protein,02010 ABC transporters,Membrane transport,Environmental Information Processing
chr_826,K15582  oppC; oligopeptide transport system permease protein,02024 Quorum sensing,Cellular community - prokaryotes,Cellular Processes
chr_826,K15582  oppC; oligopeptide transport system permease protein,01501 beta-Lactam resistance,Drug resistance: antimicrobial,Human Diseases
chr_826,K15582  oppC; oligopeptide transport system permease protein,02000 Transporters,Protein families: signaling and cellular processes,Brite Hierarchies
chr_827,K15583  oppD; oligopeptide transport system ATP-binding protein,02010 ABC transporters,Membrane transport,Environmental Information Processing
chr_827,K15583  oppD; oligopeptide transport system ATP-binding protein,02024 Quorum sensing,Cellular community - prokaryotes,Cellular Processes
chr_827,K15583  oppD; oligopeptide transport system ATP-binding protein,01501 beta-Lactam resistance,Drug resistance: antimicrobial,Human Diseases
chr_827,K15583  oppD; oligopeptide transport system ATP-binding protein,02000 Transporters,Protein families: signaling and cellular processes,Brite Hierarchies
chr_828,K02032  ABC.PE.A1; peptide/nickel transport system ATP-binding protein,02024 Quorum sensing,Cellular community - prokaryotes,Cellular Processes
chr_828,K02032  ABC.PE.A1; peptide/nickel transport system ATP-binding protein,02000 Transporters,Protein families: signaling and cellular processes,Brite Hierarchies
chr_843,"K05646  ABCA12; ATP-binding cassette, subfamily A (ABC1), member 12",02010 ABC transporters,Membrane transport,Environmental Information Processing
chr_843,"K05646  ABCA12; ATP-binding cassette, subfamily A (ABC1), member 12",02000 Transporters,Protein families: signaling and cellular processes,Brite Hierarchies
chr_849,K21929  udg; uracil-DNA glycosylase,03410 Base excision repair,Replication and repair,Genetic Information Processing
chr_849,K21929  udg; uracil-DNA glycosylase,03400 DNA repair and recombination proteins,Protein families: genetic information processing,Brite Hierarchies
chr_851,K03885  ndh; NADH dehydrogenase,00190 Oxidative phosphorylation,Energy metabolism,Metabolism
chr_855,K06400  spoIVCA; site-specific DNA recombinase,99978 Cell growth,Unclassified: signaling and cellular processes,Not Included in Pathway or Brite
chr_882,K07492  K07492; putative transposase,99976 Replication and repair,Unclassified: genetic information processing,Not Included in Pathway or Brite
chr_901,K12440  ppsA; phthiocerol/phenolphthiocerol synthesis type-I polyketide synthase A,01004 Lipid biosynthesis proteins,Protein families: metabolism,Brite Hierarchies
chr_902,"K01953  asnB, ASNS; asparagine synthase (glutamine-hydrolysing)","00250 Alanine, aspartate and glutamate metabolism",Amino acid metabolism,Metabolism
chr_902,"K01953  asnB, ASNS; asparagine synthase (glutamine-hydrolysing)",01002 Peptidases and inhibitors,Protein families: metabolism,Brite Hierarchies
chr_909,K12239  pchE; dihydroaeruginoic acid synthetase,01053 Biosynthesis of siderophore group nonribosomal peptides,Metabolism of terpenoids and polyketides,Metabolism
chr_909,K12239  pchE; dihydroaeruginoic acid synthetase,01008 Polyketide biosynthesis proteins,Protein families: metabolism,Brite Hierarchies
chr_915,"K14698  irtA; ATP-binding cassette, subfamily B, bacterial IrtA",02010 ABC transporters,Membrane transport,Environmental Information Processing
chr_915,"K14698  irtA; ATP-binding cassette, subfamily B, bacterial IrtA",02000 Transporters,Protein families: signaling and cellular processes,Brite Hierarchies
chr_916,"K14699  irtB; ATP-binding cassette, subfamily B, bacterial IrtB",02010 ABC transporters,Membrane transport,Environmental Information Processing
chr_916,"K14699  irtB; ATP-binding cassette, subfamily B, bacterial IrtB",02000 Transporters,Protein families: signaling and cellular processes,Brite Hierarchies
chr_924,K01714  dapA; 4-hydroxy-tetrahydrodipicolinate synthase,00261 Monobactam biosynthesis,Biosynthesis of other secondary metabolites,Metabolism
chr_924,K01714  dapA; 4-hydroxy-tetrahydrodipicolinate synthase,00300 Lysine biosynthesis,Amino acid metabolism,Metabolism
chr_937,"K03217  yidC, spoIIIJ, OXA1, ccfA; YidC/Oxa1 family membrane protein insertase",03060 Protein export,"Folding, sorting and degradation",Genetic Information Processing
chr_937,"K03217  yidC, spoIIIJ, OXA1, ccfA; YidC/Oxa1 family membrane protein insertase",03070 Bacterial secretion system,Membrane transport,Environmental Information Processing
chr_937,"K03217  yidC, spoIIIJ, OXA1, ccfA; YidC/Oxa1 family membrane protein insertase",02024 Quorum sensing,Cellular community - prokaryotes,Cellular Processes
chr_937,"K03217  yidC, spoIIIJ, OXA1, ccfA; YidC/Oxa1 family membrane protein insertase",03029 Mitochondrial biogenesis,Protein families: genetic information processing,Brite Hierarchies
chr_937,"K03217  yidC, spoIIIJ, OXA1, ccfA; YidC/Oxa1 family membrane protein insertase",02044 Secretion system,Protein families: signaling and cellular processes,Brite Hierarchies
chr_941,"K00626  E2.3.1.9, atoB; acetyl-CoA C-acetyltransferase",00650 Butanoate metabolism,Carbohydrate metabolism,Metabolism
chr_941,"K00626  E2.3.1.9, atoB; acetyl-CoA C-acetyltransferase",00630 Glyoxylate and dicarboxylate metabolism,Carbohydrate metabolism,Metabolism
chr_941,"K00626  E2.3.1.9, atoB; acetyl-CoA C-acetyltransferase",00071 Fatty acid degradation,Lipid metabolism,Metabolism
chr_941,"K00626  E2.3.1.9, atoB; acetyl-CoA C-acetyltransferase",00900 Terpenoid backbone biosynthesis,Metabolism of terpenoids and polyketides,Metabolism
chr_941,"K00626  E2.3.1.9, atoB; acetyl-CoA C-acetyltransferase",00072 Synthesis and degradation of ketone bodies,Lipid metabolism,Metabolism
chr_941,"K00626  E2.3.1.9, atoB; acetyl-CoA C-acetyltransferase",00640 Propanoate metabolism,Carbohydrate metabolism,Metabolism
chr_941,"K00626  E2.3.1.9, atoB; acetyl-CoA C-acetyltransferase",00620 Pyruvate metabolism,Carbohydrate metabolism,Metabolism
chr_941,"K00626  E2.3.1.9, atoB; acetyl-CoA C-acetyltransferase",00310 Lysine degradation,Amino acid metabolism,Metabolism
chr_941,"K00626  E2.3.1.9, atoB; acetyl-CoA C-acetyltransferase",00720 Carbon fixation pathways in prokaryotes,Energy metabolism,Metabolism
chr_941,"K00626  E2.3.1.9, atoB; acetyl-CoA C-acetyltransferase",00380 Tryptophan metabolism,Amino acid metabolism,Metabolism
chr_941,"K00626  E2.3.1.9, atoB; acetyl-CoA C-acetyltransferase","00280 Valine, leucine and isoleucine degradation",Amino acid metabolism,Metabolism
chr_941,"K00626  E2.3.1.9, atoB; acetyl-CoA C-acetyltransferase",00362 Benzoate degradation,Xenobiotics biodegradation and metabolism,Metabolism
chr_941,"K00626  E2.3.1.9, atoB; acetyl-CoA C-acetyltransferase",02020 Two-component system,Signal transduction,Environmental Information Processing
chr_941,"K00626  E2.3.1.9, atoB; acetyl-CoA C-acetyltransferase",04147 Exosome,Protein families: signaling and cellular processes,Brite Hierarchies
chr_943,K01697  CBS; cystathionine beta-synthase,00270 Cysteine and methionine metabolism,Amino acid metabolism,Metabolism
chr_943,K01697  CBS; cystathionine beta-synthase,"00260 Glycine, serine and threonine metabolism",Amino acid metabolism,Metabolism
chr_945,K01739  metB; cystathionine gamma-synthase,00450 Selenocompound metabolism,Metabolism of other amino acids,Metabolism
chr_945,K01739  metB; cystathionine gamma-synthase,00270 Cysteine and methionine metabolism,Amino acid metabolism,Metabolism
chr_945,K01739  metB; cystathionine gamma-synthase,00920 Sulfur metabolism,Energy metabolism,Metabolism
chr_947,"K01754  E4.3.1.19, ilvA, tdcB; threonine dehydratase","00260 Glycine, serine and threonine metabolism",Amino acid metabolism,Metabolism
chr_947,"K01754  E4.3.1.19, ilvA, tdcB; threonine dehydratase","00290 Valine, leucine and isoleucine biosynthesis",Amino acid metabolism,Metabolism
chr_948,"K00457  HPD, hppD; 4-hydroxyphenylpyruvate dioxygenase",00350 Tyrosine metabolism,Amino acid metabolism,Metabolism
chr_948,"K00457  HPD, hppD; 4-hydroxyphenylpyruvate dioxygenase",00130 Ubiquinone and other terpenoid-quinone biosynthesis,Metabolism of cofactors and vitamins,Metabolism
chr_948,"K00457  HPD, hppD; 4-hydroxyphenylpyruvate dioxygenase",00360 Phenylalanine metabolism,Amino acid metabolism,Metabolism
chr_948,"K00457  HPD, hppD; 4-hydroxyphenylpyruvate dioxygenase",04147 Exosome,Protein families: signaling and cellular processes,Brite Hierarchies
chr_949,"K03718  asnC; Lrp/AsnC family transcriptional regulator, regulator for asnA, asnC and gidA",03000 Transcription factors,Protein families: genetic information processing,Brite Hierarchies
chr_950,K03624  greA; transcription elongation factor GreA,03021 Transcription machinery,Protein families: genetic information processing,Brite Hierarchies
chr_952,K18455  mca; mycothiol S-conjugate amidase,99980 Enzymes with EC numbers,Unclassified: metabolism,Not Included in Pathway or Brite
chr_955,"K00854  xylB, XYLB; xylulokinase",00040 Pentose and glucuronate interconversions,Carbohydrate metabolism,Metabolism
chr_958,K06888  K06888; uncharacterized protein,99997 Function unknown,Poorly characterized,Not Included in Pathway or Brite
chr_960,K11068  hlyIII; hemolysin III,02042 Bacterial toxins,Protein families: signaling and cellular processes,Brite Hierarchies
chr_961,K12503  E2.5.1.68; short-chain Z-isoprenyl diphosphate synthase,00900 Terpenoid backbone biosynthesis,Metabolism of terpenoids and polyketides,Metabolism
chr_961,K12503  E2.5.1.68; short-chain Z-isoprenyl diphosphate synthase,01006 Prenyltransferases,Protein families: metabolism,Brite Hierarchies
chr_965,K07175  phoH2; PhoH-like ATPase,99995 Signaling proteins,Unclassified: signaling and cellular processes,Not Included in Pathway or Brite
chr_970,"K01679  E4.2.1.2B, fumC, FH; fumarate hydratase, class II",00620 Pyruvate metabolism,Carbohydrate metabolism,Metabolism
chr_970,"K01679  E4.2.1.2B, fumC, FH; fumarate hydratase, class II",00020 Citrate cycle (TCA cycle),Carbohydrate metabolism,Metabolism
chr_970,"K01679  E4.2.1.2B, fumC, FH; fumarate hydratase, class II",00720 Carbon fixation pathways in prokaryotes,Energy metabolism,Metabolism
chr_970,"K01679  E4.2.1.2B, fumC, FH; fumarate hydratase, class II",05200 Pathways in cancer,Cancer: overview,Human Diseases
chr_970,"K01679  E4.2.1.2B, fumC, FH; fumarate hydratase, class II",04934 Cushing syndrome,Endocrine and metabolic disease,Human Diseases
chr_970,"K01679  E4.2.1.2B, fumC, FH; fumarate hydratase, class II",05211 Renal cell carcinoma,Cancer: specific types,Human Diseases
chr_972,K21567  fnr; ferredoxin/flavodoxin---NADP+ reductase,99980 Enzymes with EC numbers,Unclassified: metabolism,Not Included in Pathway or Brite
chr_973,"K02446  glpX; fructose-1,6-bisphosphatase II",00680 Methane metabolism,Energy metabolism,Metabolism
chr_973,"K02446  glpX; fructose-1,6-bisphosphatase II",00030 Pentose phosphate pathway,Carbohydrate metabolism,Metabolism
chr_973,"K02446  glpX; fructose-1,6-bisphosphatase II",00710 Carbon fixation in photosynthetic organisms,Energy metabolism,Metabolism
chr_973,"K02446  glpX; fructose-1,6-bisphosphatase II",00010 Glycolysis / Gluconeogenesis,Carbohydrate metabolism,Metabolism
chr_973,"K02446  glpX; fructose-1,6-bisphosphatase II",00051 Fructose and mannose metabolism,Carbohydrate metabolism,Metabolism
chr_975,K03602  xseB; exodeoxyribonuclease VII small subunit,03430 Mismatch repair,Replication and repair,Genetic Information Processing
chr_975,K03602  xseB; exodeoxyribonuclease VII small subunit,03400 DNA repair and recombination proteins,Protein families: genetic information processing,Brite Hierarchies
chr_977,K03601  xseA; exodeoxyribonuclease VII large subunit,03430 Mismatch repair,Replication and repair,Genetic Information Processing
chr_977,K03601  xseA; exodeoxyribonuclease VII large subunit,03400 DNA repair and recombination proteins,Protein families: genetic information processing,Brite Hierarchies
chr_979,"K03527  ispH, lytB; 4-hydroxy-3-methylbut-2-en-1-yl diphosphate reductase",00900 Terpenoid backbone biosynthesis,Metabolism of terpenoids and polyketides,Metabolism
chr_981,K10441  rbsA; ribose transport system ATP-binding protein,02010 ABC transporters,Membrane transport,Environmental Information Processing
chr_981,K10441  rbsA; ribose transport system ATP-binding protein,02000 Transporters,Protein families: signaling and cellular processes,Brite Hierarchies
chr_982,K10440  rbsC; ribose transport system permease protein,02010 ABC transporters,Membrane transport,Environmental Information Processing
chr_982,K10440  rbsC; ribose transport system permease protein,02000 Transporters,Protein families: signaling and cellular processes,Brite Hierarchies
chr_983,K10439  rbsB; ribose transport system substrate-binding protein,02010 ABC transporters,Membrane transport,Environmental Information Processing
chr_983,K10439  rbsB; ribose transport system substrate-binding protein,02030 Bacterial chemotaxis,Cell motility,Cellular Processes
chr_983,K10439  rbsB; ribose transport system substrate-binding protein,02000 Transporters,Protein families: signaling and cellular processes,Brite Hierarchies
chr_985,K07486  K07486; transposase,99976 Replication and repair,Unclassified: genetic information processing,Not Included in Pathway or Brite
chr_986,"K02529  lacI, galR; LacI family transcriptional regulator",03000 Transcription factors,Protein families: genetic information processing,Brite Hierarchies
chr_988,"K00854  xylB, XYLB; xylulokinase",00040 Pentose and glucuronate interconversions,Carbohydrate metabolism,Metabolism
chr_989,K15889  PCME; prenylcysteine alpha-carboxyl methylesterase,00900 Terpenoid backbone biosynthesis,Metabolism of terpenoids and polyketides,Metabolism
chr_990,K09760  rmuC; DNA recombination protein RmuC,99976 Replication and repair,Unclassified: genetic information processing,Not Included in Pathway or Brite
chr_992,"K03547  sbcD, mre11; DNA repair protein SbcD/Mre11",03400 DNA repair and recombination proteins,Protein families: genetic information processing,Brite Hierarchies
chr_993,"K03546  sbcC, rad50; DNA repair protein SbcC/Rad50",03400 DNA repair and recombination proteins,Protein families: genetic information processing,Brite Hierarchies
chr_994,K01247  alkA; DNA-3-methyladenine glycosylase II,03410 Base excision repair,Replication and repair,Genetic Information Processing
chr_994,K01247  alkA; DNA-3-methyladenine glycosylase II,03400 DNA repair and recombination proteins,Protein families: genetic information processing,Brite Hierarchies
chr_1001,K06942  ychF; ribosome-binding ATPase,03009 Ribosome biogenesis,Protein families: genetic information processing,Brite Hierarchies
chr_1023,"K00273  DAO, aao; D-amino-acid oxidase",00311 Penicillin and cephalosporin biosynthesis,Biosynthesis of other secondary metabolites,Metabolism
chr_1023,"K00273  DAO, aao; D-amino-acid oxidase",00472 D-Arginine and D-ornithine metabolism,Metabolism of other amino acids,Metabolism
chr_1023,"K00273  DAO, aao; D-amino-acid oxidase","00260 Glycine, serine and threonine metabolism",Amino acid metabolism,Metabolism
chr_1023,"K00273  DAO, aao; D-amino-acid oxidase",00330 Arginine and proline metabolism,Amino acid metabolism,Metabolism
chr_1023,"K00273  DAO, aao; D-amino-acid oxidase",04146 Peroxisome,Transport and catabolism,Cellular Processes
chr_1024,"K01724  PCBD, phhB; 4a-hydroxytetrahydrobiopterin dehydratase",00790 Folate biosynthesis,Metabolism of cofactors and vitamins,Metabolism
chr_1024,"K01724  PCBD, phhB; 4a-hydroxytetrahydrobiopterin dehydratase",04147 Exosome,Protein families: signaling and cellular processes,Brite Hierarchies
chr_1027,"K18941  arlR; two-component system, OmpR family, response regulator ArlR",02020 Two-component system,Signal transduction,Environmental Information Processing
chr_1027,"K18941  arlR; two-component system, OmpR family, response regulator ArlR",02022 Two-component system,Protein families: signaling and cellular processes,Brite Hierarchies
chr_1028,"K07649  tctE; two-component system, OmpR family, sensor histidine kinase TctE",02020 Two-component system,Signal transduction,Environmental Information Processing
chr_1028,"K07649  tctE; two-component system, OmpR family, sensor histidine kinase TctE",01001 Protein kinases,Protein families: metabolism,Brite Hierarchies
chr_1028,"K07649  tctE; two-component system, OmpR family, sensor histidine kinase TctE",02022 Two-component system,Protein families: signaling and cellular processes,Brite Hierarchies
chr_1029,"K03574  mutT, NUDT15, MTH2; 8-oxo-dGTP diphosphatase",03400 DNA repair and recombination proteins,Protein families: genetic information processing,Brite Hierarchies
chr_1030,"K01867  WARS, trpS; tryptophanyl-tRNA synthetase",00970 Aminoacyl-tRNA biosynthesis,Translation,Genetic Information Processing
chr_1030,"K01867  WARS, trpS; tryptophanyl-tRNA synthetase",01007 Amino acid related enzymes,Protein families: metabolism,Brite Hierarchies
chr_1030,"K01867  WARS, trpS; tryptophanyl-tRNA synthetase",03016 Transfer RNA biogenesis,Protein families: genetic information processing,Brite Hierarchies
chr_1033,"K06207  typA, bipA; GTP-binding protein",99995 Signaling proteins,Unclassified: signaling and cellular processes,Not Included in Pathway or Brite
chr_1035,K15525  mshB; N-acetyl-1-D-myo-inositol-2-amino-2-deoxy-alpha-D-glucopyranoside deacetylase,99980 Enzymes with EC numbers,Unclassified: metabolism,Not Included in Pathway or Brite
chr_1041,"K00674  dapD; 2,3,4,5-tetrahydropyridine-2,6-dicarboxylate N-succinyltransferase",00300 Lysine biosynthesis,Amino acid metabolism,Metabolism
chr_1047,K01439  dapE; succinyl-diaminopimelate desuccinylase,00300 Lysine biosynthesis,Amino acid metabolism,Metabolism
chr_1051,K00796  folP; dihydropteroate synthase,00790 Folate biosynthesis,Metabolism of cofactors and vitamins,Metabolism
chr_1057,K01246  tag; DNA-3-methyladenine glycosylase I,03410 Base excision repair,Replication and repair,Genetic Information Processing
chr_1057,K01246  tag; DNA-3-methyladenine glycosylase I,03400 DNA repair and recombination proteins,Protein families: genetic information processing,Brite Hierarchies
chr_1058,"K15866  paaG; 2-(1,2-epoxy-1,2-dihydrophenyl)acetyl-CoA isomerase",00360 Phenylalanine metabolism,Amino acid metabolism,Metabolism
chr_1061,"K01255  CARP, pepA; leucyl aminopeptidase",00480 Glutathione metabolism,Metabolism of other amino acids,Metabolism
chr_1061,"K01255  CARP, pepA; leucyl aminopeptidase",01002 Peptidases and inhibitors,Protein families: metabolism,Brite Hierarchies
chr_1064,"K08224  ynfM; MFS transporter, YNFM family, putative membrane transport protein",02000 Transporters,Protein families: signaling and cellular processes,Brite Hierarchies
chr_1065,K03117  tatB; sec-independent protein translocase protein TatB,03060 Protein export,"Folding, sorting and degradation",Genetic Information Processing
chr_1065,K03117  tatB; sec-independent protein translocase protein TatB,03070 Bacterial secretion system,Membrane transport,Environmental Information Processing
chr_1065,K03117  tatB; sec-independent protein translocase protein TatB,02044 Secretion system,Protein families: signaling and cellular processes,Brite Hierarchies
chr_1066,"K04771  degP, htrA; serine protease Do",02020 Two-component system,Signal transduction,Environmental Information Processing
chr_1066,"K04771  degP, htrA; serine protease Do",01503 Cationic antimicrobial peptide (CAMP) resistance,Drug resistance: antimicrobial,Human Diseases
chr_1066,"K04771  degP, htrA; serine protease Do",03110 Chaperones and folding catalysts,Protein families: genetic information processing,Brite Hierarchies
chr_1066,"K04771  degP, htrA; serine protease Do",01002 Peptidases and inhibitors,Protein families: metabolism,Brite Hierarchies
chr_1068,"K03088  rpoE; RNA polymerase sigma-70 factor, ECF subfamily",03021 Transcription machinery,Protein families: genetic information processing,Brite Hierarchies
chr_1070,"K03593  mrp, NUBPL; ATP-binding protein involved in chromosome partitioning",03029 Mitochondrial biogenesis,Protein families: genetic information processing,Brite Hierarchies
chr_1070,"K03593  mrp, NUBPL; ATP-binding protein involved in chromosome partitioning",03036 Chromosome and associated proteins,Protein families: genetic information processing,Brite Hierarchies
chr_1075,K01644  citE; citrate lyase subunit beta / citryl-CoA lyase,02020 Two-component system,Signal transduction,Environmental Information Processing
chr_1077,"K00374  narI, narV; nitrate reductase gamma subunit",00910 Nitrogen metabolism,Energy metabolism,Metabolism
chr_1077,"K00374  narI, narV; nitrate reductase gamma subunit",02020 Two-component system,Signal transduction,Environmental Information Processing
chr_1078,"K00373  narJ, narW; nitrate reductase molybdenum cofactor assembly chaperone NarJ/NarW",02020 Two-component system,Signal transduction,Environmental Information Processing
chr_1079,"K00371  narH, narY, nxrB; nitrate reductase / nitrite oxidoreductase, beta subunit",00910 Nitrogen metabolism,Energy metabolism,Metabolism
chr_1079,"K00371  narH, narY, nxrB; nitrate reductase / nitrite oxidoreductase, beta subunit",02020 Two-component system,Signal transduction,Environmental Information Processing
chr_1080,"K00370  narG, narZ, nxrA; nitrate reductase / nitrite oxidoreductase, alpha subunit",00910 Nitrogen metabolism,Energy metabolism,Metabolism
chr_1080,"K00370  narG, narZ, nxrA; nitrate reductase / nitrite oxidoreductase, alpha subunit",02020 Two-component system,Signal transduction,Environmental Information Processing
chr_1081,"K02575  NRT, narK, nrtP, nasA; MFS transporter, NNP family, nitrate/nitrite transporter",00910 Nitrogen metabolism,Energy metabolism,Metabolism
chr_1081,"K02575  NRT, narK, nrtP, nasA; MFS transporter, NNP family, nitrate/nitrite transporter",02000 Transporters,Protein families: signaling and cellular processes,Brite Hierarchies
chr_1083,K10236  thuE; trehalose/maltose transport system substrate-binding protein,02010 ABC transporters,Membrane transport,Environmental Information Processing
chr_1083,K10236  thuE; trehalose/maltose transport system substrate-binding protein,02000 Transporters,Protein families: signaling and cellular processes,Brite Hierarchies
chr_1084,"K10237  thuF, sugA; trehalose/maltose transport system permease protein",02010 ABC transporters,Membrane transport,Environmental Information Processing
chr_1084,"K10237  thuF, sugA; trehalose/maltose transport system permease protein",02000 Transporters,Protein families: signaling and cellular processes,Brite Hierarchies
chr_1085,"K10238  thuG, sugB; trehalose/maltose transport system permease protein",02010 ABC transporters,Membrane transport,Environmental Information Processing
chr_1085,"K10238  thuG, sugB; trehalose/maltose transport system permease protein",02000 Transporters,Protein families: signaling and cellular processes,Brite Hierarchies
chr_1086,"K10112  msmX, msmK, malK, sugC, ggtA, msiK; multiple sugar transport system ATP-binding protein",02010 ABC transporters,Membrane transport,Environmental Information Processing
chr_1086,"K10112  msmX, msmK, malK, sugC, ggtA, msiK; multiple sugar transport system ATP-binding protein",02000 Transporters,Protein families: signaling and cellular processes,Brite Hierarchies
chr_1091,K07492  K07492; putative transposase,99976 Replication and repair,Unclassified: genetic information processing,Not Included in Pathway or Brite
chr_1093,K01439  dapE; succinyl-diaminopimelate desuccinylase,00300 Lysine biosynthesis,Amino acid metabolism,Metabolism
chr_1105,K03284  corA; magnesium transporter,02000 Transporters,Protein families: signaling and cellular processes,Brite Hierarchies
chr_1109,"K07053  E3.1.3.97; 3',5'-nucleoside bisphosphate phosphatase",99980 Enzymes with EC numbers,Unclassified: metabolism,Not Included in Pathway or Brite
chr_1118,K13700  ABHD6; abhydrolase domain-containing protein 6,04723 Retrograde endocannabinoid signaling,Nervous system,Organismal Systems
chr_1118,K13700  ABHD6; abhydrolase domain-containing protein 6,01002 Peptidases and inhibitors,Protein families: metabolism,Brite Hierarchies
chr_1120,"K21147  moeZR, moeBR; sulfur-carrier protein adenylyltransferase/sulfurtransferase",04122 Sulfur relay system,"Folding, sorting and degradation",Genetic Information Processing
chr_1123,K07443  ybaZ; methylated-DNA-protein-cysteine methyltransferase related protein,99976 Replication and repair,Unclassified: genetic information processing,Not Included in Pathway or Brite
chr_1124,K13381  chiA; bifunctional chitinase/lysozyme,00520 Amino sugar and nucleotide sugar metabolism,Carbohydrate metabolism,Metabolism
chr_1126,"K03657  uvrD, pcrA; DNA helicase II / ATP-dependent DNA helicase PcrA",03420 Nucleotide excision repair,Replication and repair,Genetic Information Processing
chr_1126,"K03657  uvrD, pcrA; DNA helicase II / ATP-dependent DNA helicase PcrA",03430 Mismatch repair,Replication and repair,Genetic Information Processing
chr_1126,"K03657  uvrD, pcrA; DNA helicase II / ATP-dependent DNA helicase PcrA",03400 DNA repair and recombination proteins,Protein families: genetic information processing,Brite Hierarchies
chr_1129,"K10716  kch, trkA, mthK, pch; voltage-gated potassium channel",02000 Transporters,Protein families: signaling and cellular processes,Brite Hierarchies
chr_1138,K07263  pqqL; zinc protease,01002 Peptidases and inhibitors,Protein families: metabolism,Brite Hierarchies
chr_1139,K07263  pqqL; zinc protease,01002 Peptidases and inhibitors,Protein families: metabolism,Brite Hierarchies
chr_1140,"K03426  E3.6.1.22, NUDT12, nudC; NAD+ diphosphatase",00760 Nicotinate and nicotinamide metabolism,Metabolism of cofactors and vitamins,Metabolism
chr_1140,"K03426  E3.6.1.22, NUDT12, nudC; NAD+ diphosphatase",04146 Peroxisome,Transport and catabolism,Cellular Processes
chr_1141,"K03657  uvrD, pcrA; DNA helicase II / ATP-dependent DNA helicase PcrA",03420 Nucleotide excision repair,Replication and repair,Genetic Information Processing
chr_1141,"K03657  uvrD, pcrA; DNA helicase II / ATP-dependent DNA helicase PcrA",03430 Mismatch repair,Replication and repair,Genetic Information Processing
chr_1141,"K03657  uvrD, pcrA; DNA helicase II / ATP-dependent DNA helicase PcrA",03400 DNA repair and recombination proteins,Protein families: genetic information processing,Brite Hierarchies
chr_1143,"K18958  whiB7; WhiB family transcriptional regulator, redox-sensing transcriptional regulator",03000 Transcription factors,Protein families: genetic information processing,Brite Hierarchies
chr_1151,K07177  K07177; Lon-like protease,01002 Peptidases and inhibitors,Protein families: metabolism,Brite Hierarchies
chr_1153,K09118  K09118; uncharacterized protein,99997 Function unknown,Poorly characterized,Not Included in Pathway or Brite
chr_1155,K02836  prfB; peptide chain release factor 2,03012 Translation factors,Protein families: genetic information processing,Brite Hierarchies
chr_1156,K09812  ftsE; cell division transport system ATP-binding protein,02010 ABC transporters,Membrane transport,Environmental Information Processing
chr_1156,K09812  ftsE; cell division transport system ATP-binding protein,02000 Transporters,Protein families: signaling and cellular processes,Brite Hierarchies
chr_1156,K09812  ftsE; cell division transport system ATP-binding protein,03036 Chromosome and associated proteins,Protein families: genetic information processing,Brite Hierarchies
chr_1157,K09811  ftsX; cell division transport system permease protein,02010 ABC transporters,Membrane transport,Environmental Information Processing
chr_1157,K09811  ftsX; cell division transport system permease protein,03036 Chromosome and associated proteins,Protein families: genetic information processing,Brite Hierarchies
chr_1157,K09811  ftsX; cell division transport system permease protein,02000 Transporters,Protein families: signaling and cellular processes,Brite Hierarchies
chr_1158,K03664  smpB; SsrA-binding protein,99979 Unclassified viral proteins,Unclassified: signaling and cellular processes,Not Included in Pathway or Brite
chr_1158,K03664  smpB; SsrA-binding protein,99975 Protein processing,Unclassified: genetic information processing,Not Included in Pathway or Brite
chr_1168,"K00943  tmk, DTYMK; dTMP kinase",00240 Pyrimidine metabolism,Nucleotide metabolism,Metabolism
chr_1169,K06607  iolS; myo-inositol catabolism protein IolS,99980 Enzymes with EC numbers,Unclassified: metabolism,Not Included in Pathway or Brite
chr_1170,K10857  exoX; exodeoxyribonuclease X,03430 Mismatch repair,Replication and repair,Genetic Information Processing
chr_1170,K10857  exoX; exodeoxyribonuclease X,03400 DNA repair and recombination proteins,Protein families: genetic information processing,Brite Hierarchies
chr_1182,"K00020  mmsB, HIBADH; 3-hydroxyisobutyrate dehydrogenase","00280 Valine, leucine and isoleucine degradation",Amino acid metabolism,Metabolism
chr_1184,"K08172  shiA; MFS transporter, MHS family, shikimate and dehydroshikimate transport protein",02000 Transporters,Protein families: signaling and cellular processes,Brite Hierarchies
chr_1185,K01042  selA; L-seryl-tRNA(Ser) seleniumtransferase,00450 Selenocompound metabolism,Metabolism of other amino acids,Metabolism
chr_1185,K01042  selA; L-seryl-tRNA(Ser) seleniumtransferase,00970 Aminoacyl-tRNA biosynthesis,Translation,Genetic Information Processing
chr_1195,"K00059  fabG, OAR1; 3-oxoacyl-[acyl-carrier protein] reductase",00061 Fatty acid biosynthesis,Lipid metabolism,Metabolism
chr_1195,"K00059  fabG, OAR1; 3-oxoacyl-[acyl-carrier protein] reductase",00333 Prodigiosin biosynthesis,Biosynthesis of other secondary metabolites,Metabolism
chr_1195,"K00059  fabG, OAR1; 3-oxoacyl-[acyl-carrier protein] reductase",00780 Biotin metabolism,Metabolism of cofactors and vitamins,Metabolism
chr_1195,"K00059  fabG, OAR1; 3-oxoacyl-[acyl-carrier protein] reductase",01004 Lipid biosynthesis proteins,Protein families: metabolism,Brite Hierarchies
chr_1202,"K08151  tetA; MFS transporter, DHA1 family, tetracycline resistance protein",01504 Antimicrobial resistance genes,Protein families: signaling and cellular processes,Brite Hierarchies
chr_1202,"K08151  tetA; MFS transporter, DHA1 family, tetracycline resistance protein",02000 Transporters,Protein families: signaling and cellular processes,Brite Hierarchies
chr_1204,K03885  ndh; NADH dehydrogenase,00190 Oxidative phosphorylation,Energy metabolism,Metabolism
chr_1207,K09701  K09701; uncharacterized protein,99997 Function unknown,Poorly characterized,Not Included in Pathway or Brite
chr_1208,K06954  K06954; uncharacterized protein,99997 Function unknown,Poorly characterized,Not Included in Pathway or Brite
chr_1211,"K03088  rpoE; RNA polymerase sigma-70 factor, ECF subfamily",03021 Transcription machinery,Protein families: genetic information processing,Brite Hierarchies
chr_1212,K00574  cfa; cyclopropane-fatty-acyl-phospholipid synthase,99980 Enzymes with EC numbers,Unclassified: metabolism,Not Included in Pathway or Brite
chr_1213,K00574  cfa; cyclopropane-fatty-acyl-phospholipid synthase,99980 Enzymes with EC numbers,Unclassified: metabolism,Not Included in Pathway or Brite
chr_1215,K00387  SUOX; sulfite oxidase,00920 Sulfur metabolism,Energy metabolism,Metabolism
chr_1222,K07506  K07506; AraC family transcriptional regulator,03000 Transcription factors,Protein families: genetic information processing,Brite Hierarchies
chr_1224,"K03711  fur, zur, furB; Fur family transcriptional regulator, ferric uptake regulator",03000 Transcription factors,Protein families: genetic information processing,Brite Hierarchies
chr_1225,"K03781  katE, CAT, catB, srpA; catalase",00630 Glyoxylate and dicarboxylate metabolism,Carbohydrate metabolism,Metabolism
chr_1225,"K03781  katE, CAT, catB, srpA; catalase",00380 Tryptophan metabolism,Amino acid metabolism,Metabolism
chr_1225,"K03781  katE, CAT, catB, srpA; catalase",04016 MAPK signaling pathway - plant,Signal transduction,Environmental Information Processing
chr_1225,"K03781  katE, CAT, catB, srpA; catalase",04068 FoxO signaling pathway,Signal transduction,Environmental Information Processing
chr_1225,"K03781  katE, CAT, catB, srpA; catalase",04011 MAPK signaling pathway - yeast,Signal transduction,Environmental Information Processing
chr_1225,"K03781  katE, CAT, catB, srpA; catalase",04146 Peroxisome,Transport and catabolism,Cellular Processes
chr_1225,"K03781  katE, CAT, catB, srpA; catalase",04212 Longevity regulating pathway - worm,Aging,Organismal Systems
chr_1225,"K03781  katE, CAT, catB, srpA; catalase",04213 Longevity regulating pathway - multiple species,Aging,Organismal Systems
chr_1225,"K03781  katE, CAT, catB, srpA; catalase",04211 Longevity regulating pathway,Aging,Organismal Systems
chr_1225,"K03781  katE, CAT, catB, srpA; catalase",05014 Amyotrophic lateral sclerosis (ALS),Neurodegenerative disease,Human Diseases
chr_1226,K06867  K06867; uncharacterized protein,99997 Function unknown,Poorly characterized,Not Included in Pathway or Brite
chr_1227,K17713  bamB; outer membrane protein assembly factor BamB,02000 Transporters,Protein families: signaling and cellular processes,Brite Hierarchies
chr_1238,K17690  CYP3A5; cytochrome P450 family 3 subfamily A polypeptide 5,00980 Metabolism of xenobiotics by cytochrome P450,Xenobiotics biodegradation and metabolism,Metabolism
chr_1238,K17690  CYP3A5; cytochrome P450 family 3 subfamily A polypeptide 5,00830 Retinol metabolism,Metabolism of cofactors and vitamins,Metabolism
chr_1238,K17690  CYP3A5; cytochrome P450 family 3 subfamily A polypeptide 5,00140 Steroid hormone biosynthesis,Lipid metabolism,Metabolism
chr_1238,K17690  CYP3A5; cytochrome P450 family 3 subfamily A polypeptide 5,00982 Drug metabolism - cytochrome P450,Xenobiotics biodegradation and metabolism,Metabolism
chr_1238,K17690  CYP3A5; cytochrome P450 family 3 subfamily A polypeptide 5,05204 Chemical carcinogenesis,Cancer: overview,Human Diseases
chr_1238,K17690  CYP3A5; cytochrome P450 family 3 subfamily A polypeptide 5,00199 Cytochrome P450,Protein families: metabolism,Brite Hierarchies
chr_1239,"K02043  phnF; GntR family transcriptional regulator, phosphonate transport system regulatory protein",03000 Transcription factors,Protein families: genetic information processing,Brite Hierarchies
chr_1241,"K03519  coxM, cutM; aerobic carbon-monoxide dehydrogenase medium subunit",99980 Enzymes with EC numbers,Unclassified: metabolism,Not Included in Pathway or Brite
chr_1242,K03518  coxS; aerobic carbon-monoxide dehydrogenase small subunit,99980 Enzymes with EC numbers,Unclassified: metabolism,Not Included in Pathway or Brite
chr_1247,"K00239  sdhA, frdA; succinate dehydrogenase / fumarate reductase, flavoprotein subunit",00190 Oxidative phosphorylation,Energy metabolism,Metabolism
chr_1247,"K00239  sdhA, frdA; succinate dehydrogenase / fumarate reductase, flavoprotein subunit",00020 Citrate cycle (TCA cycle),Carbohydrate metabolism,Metabolism
chr_1247,"K00239  sdhA, frdA; succinate dehydrogenase / fumarate reductase, flavoprotein subunit",00720 Carbon fixation pathways in prokaryotes,Energy metabolism,Metabolism
chr_1247,"K00239  sdhA, frdA; succinate dehydrogenase / fumarate reductase, flavoprotein subunit",00650 Butanoate metabolism,Carbohydrate metabolism,Metabolism
chr_1247,"K00239  sdhA, frdA; succinate dehydrogenase / fumarate reductase, flavoprotein subunit",05134 Legionellosis,Infectious disease: bacterial,Human Diseases
chr_1248,"K00240  sdhB, frdB; succinate dehydrogenase / fumarate reductase, iron-sulfur subunit",00720 Carbon fixation pathways in prokaryotes,Energy metabolism,Metabolism
chr_1248,"K00240  sdhB, frdB; succinate dehydrogenase / fumarate reductase, iron-sulfur subunit",00020 Citrate cycle (TCA cycle),Carbohydrate metabolism,Metabolism
chr_1248,"K00240  sdhB, frdB; succinate dehydrogenase / fumarate reductase, iron-sulfur subunit",00190 Oxidative phosphorylation,Energy metabolism,Metabolism
chr_1248,"K00240  sdhB, frdB; succinate dehydrogenase / fumarate reductase, iron-sulfur subunit",00650 Butanoate metabolism,Carbohydrate metabolism,Metabolism
chr_1249,K03824  yhbS; putative acetyltransferase,99980 Enzymes with EC numbers,Unclassified: metabolism,Not Included in Pathway or Brite
chr_1254,"K02274  coxA, ctaD; cytochrome c oxidase subunit I",00190 Oxidative phosphorylation,Energy metabolism,Metabolism
chr_1255,"K01079  serB, PSPH; phosphoserine phosphatase","00260 Glycine, serine and threonine metabolism",Amino acid metabolism,Metabolism
chr_1255,"K01079  serB, PSPH; phosphoserine phosphatase",00680 Methane metabolism,Energy metabolism,Metabolism
chr_1255,"K01079  serB, PSPH; phosphoserine phosphatase",01009 Protein phosphatases and associated proteins,Protein families: metabolism,Brite Hierarchies
chr_1258,K16785  ecfT; energy-coupling factor transport system permease protein,02010 ABC transporters,Membrane transport,Environmental Information Processing
chr_1258,K16785  ecfT; energy-coupling factor transport system permease protein,02000 Transporters,Protein families: signaling and cellular processes,Brite Hierarchies
chr_1259,K16787  ecfA2; energy-coupling factor transport system ATP-binding protein,02010 ABC transporters,Membrane transport,Environmental Information Processing
chr_1259,K16787  ecfA2; energy-coupling factor transport system ATP-binding protein,02000 Transporters,Protein families: signaling and cellular processes,Brite Hierarchies
chr_1260,"K00626  E2.3.1.9, atoB; acetyl-CoA C-acetyltransferase",00650 Butanoate metabolism,Carbohydrate metabolism,Metabolism
chr_1260,"K00626  E2.3.1.9, atoB; acetyl-CoA C-acetyltransferase",00630 Glyoxylate and dicarboxylate metabolism,Carbohydrate metabolism,Metabolism
chr_1260,"K00626  E2.3.1.9, atoB; acetyl-CoA C-acetyltransferase",00071 Fatty acid degradation,Lipid metabolism,Metabolism
chr_1260,"K00626  E2.3.1.9, atoB; acetyl-CoA C-acetyltransferase",00900 Terpenoid backbone biosynthesis,Metabolism of terpenoids and polyketides,Metabolism
chr_1260,"K00626  E2.3.1.9, atoB; acetyl-CoA C-acetyltransferase",00072 Synthesis and degradation of ketone bodies,Lipid metabolism,Metabolism
chr_1260,"K00626  E2.3.1.9, atoB; acetyl-CoA C-acetyltransferase",00640 Propanoate metabolism,Carbohydrate metabolism,Metabolism
chr_1260,"K00626  E2.3.1.9, atoB; acetyl-CoA C-acetyltransferase",00620 Pyruvate metabolism,Carbohydrate metabolism,Metabolism
chr_1260,"K00626  E2.3.1.9, atoB; acetyl-CoA C-acetyltransferase",00310 Lysine degradation,Amino acid metabolism,Metabolism
chr_1260,"K00626  E2.3.1.9, atoB; acetyl-CoA C-acetyltransferase",00720 Carbon fixation pathways in prokaryotes,Energy metabolism,Metabolism
chr_1260,"K00626  E2.3.1.9, atoB; acetyl-CoA C-acetyltransferase",00380 Tryptophan metabolism,Amino acid metabolism,Metabolism
chr_1260,"K00626  E2.3.1.9, atoB; acetyl-CoA C-acetyltransferase","00280 Valine, leucine and isoleucine degradation",Amino acid metabolism,Metabolism
chr_1260,"K00626  E2.3.1.9, atoB; acetyl-CoA C-acetyltransferase",00362 Benzoate degradation,Xenobiotics biodegradation and metabolism,Metabolism
chr_1260,"K00626  E2.3.1.9, atoB; acetyl-CoA C-acetyltransferase",02020 Two-component system,Signal transduction,Environmental Information Processing
chr_1260,"K00626  E2.3.1.9, atoB; acetyl-CoA C-acetyltransferase",04147 Exosome,Protein families: signaling and cellular processes,Brite Hierarchies
chr_1262,K03523  bioY; biotin transport system substrate-specific component,02010 ABC transporters,Membrane transport,Environmental Information Processing
chr_1262,K03523  bioY; biotin transport system substrate-specific component,02000 Transporters,Protein families: signaling and cellular processes,Brite Hierarchies
chr_1264,K03722  dinG; ATP-dependent DNA helicase DinG,03400 DNA repair and recombination proteins,Protein families: genetic information processing,Brite Hierarchies
chr_1265,K08281  pncA; nicotinamidase/pyrazinamidase,00760 Nicotinate and nicotinamide metabolism,Metabolism of cofactors and vitamins,Metabolism
chr_1266,"K00763  pncB, NAPRT1; nicotinate phosphoribosyltransferase",00760 Nicotinate and nicotinamide metabolism,Metabolism of cofactors and vitamins,Metabolism
chr_1267,K06891  clpS; ATP-dependent Clp protease adaptor protein ClpS,99975 Protein processing,Unclassified: genetic information processing,Not Included in Pathway or Brite
chr_1269,K07080  K07080; uncharacterized protein,99997 Function unknown,Poorly characterized,Not Included in Pathway or Brite
chr_1270,"K18940  arlS; two-component system, OmpR family, sensor histidine kinase ArlS",02020 Two-component system,Signal transduction,Environmental Information Processing
chr_1270,"K18940  arlS; two-component system, OmpR family, sensor histidine kinase ArlS",01001 Protein kinases,Protein families: metabolism,Brite Hierarchies
chr_1270,"K18940  arlS; two-component system, OmpR family, sensor histidine kinase ArlS",02022 Two-component system,Protein families: signaling and cellular processes,Brite Hierarchies
chr_1271,K14491  ARR-B; two-component response regulator ARR-B family,04075 Plant hormone signal transduction,Signal transduction,Environmental Information Processing
chr_1272,"K03761  kgtP; MFS transporter, MHS family, alpha-ketoglutarate permease",02000 Transporters,Protein families: signaling and cellular processes,Brite Hierarchies
chr_1274,K21140  mec; [CysO sulfur-carrier protein]-S-L-cysteine hydrolase,04122 Sulfur relay system,"Folding, sorting and degradation",Genetic Information Processing
chr_1275,"K03636  moaD, cysO; sulfur-carrier protein",04122 Sulfur relay system,"Folding, sorting and degradation",Genetic Information Processing
chr_1276,K21148  cysM; [CysO sulfur-carrier protein]-thiocarboxylate-dependent cysteine synthase,04122 Sulfur relay system,"Folding, sorting and degradation",Genetic Information Processing
chr_1278,"K01053  E3.1.1.17, gnl, RGN; gluconolactonase",00930 Caprolactam degradation,Xenobiotics biodegradation and metabolism,Metabolism
chr_1278,"K01053  E3.1.1.17, gnl, RGN; gluconolactonase",00030 Pentose phosphate pathway,Carbohydrate metabolism,Metabolism
chr_1278,"K01053  E3.1.1.17, gnl, RGN; gluconolactonase",00053 Ascorbate and aldarate metabolism,Carbohydrate metabolism,Metabolism
chr_1278,"K01053  E3.1.1.17, gnl, RGN; gluconolactonase",04147 Exosome,Protein families: signaling and cellular processes,Brite Hierarchies
chr_1280,K01776  murI; glutamate racemase,00471 D-Glutamine and D-glutamate metabolism,Metabolism of other amino acids,Metabolism
chr_1280,K01776  murI; glutamate racemase,01011 Peptidoglycan biosynthesis and degradation proteins,Protein families: metabolism,Brite Hierarchies
chr_1282,K00989  rph; ribonuclease PH,03016 Transfer RNA biogenesis,Protein families: genetic information processing,Brite Hierarchies
chr_1283,K01519  ITPA; inosine triphosphate pyrophosphatase,00983 Drug metabolism - other enzymes,Xenobiotics biodegradation and metabolism,Metabolism
chr_1283,K01519  ITPA; inosine triphosphate pyrophosphatase,00230 Purine metabolism,Nucleotide metabolism,Metabolism
chr_1286,K11159  K11159; carotenoid cleavage oxygenase,99980 Enzymes with EC numbers,Unclassified: metabolism,Not Included in Pathway or Brite
chr_1287,K07090  K07090; uncharacterized protein,99997 Function unknown,Poorly characterized,Not Included in Pathway or Brite
chr_1288,"K03564  BCP, PRXQ, DOT5; peroxiredoxin Q/BCP",99980 Enzymes with EC numbers,Unclassified: metabolism,Not Included in Pathway or Brite
chr_1290,K00156  poxB; pyruvate dehydrogenase (quinone),00620 Pyruvate metabolism,Carbohydrate metabolism,Metabolism
chr_1293,K08981  K08981; putative membrane protein,99996 General function prediction only,Poorly characterized,Not Included in Pathway or Brite
chr_1294,K09167  K09167; uncharacterized protein,99997 Function unknown,Poorly characterized,Not Included in Pathway or Brite
chr_1298,K01312  PRSS1_2_3; trypsin,04080 Neuroactive ligand-receptor interaction,Signaling molecules and interaction,Environmental Information Processing
chr_1298,K01312  PRSS1_2_3; trypsin,04972 Pancreatic secretion,Digestive system,Organismal Systems
chr_1298,K01312  PRSS1_2_3; trypsin,04974 Protein digestion and absorption,Digestive system,Organismal Systems
chr_1298,K01312  PRSS1_2_3; trypsin,05164 Influenza A,Infectious disease: viral,Human Diseases
chr_1298,K01312  PRSS1_2_3; trypsin,04147 Exosome,Protein families: signaling and cellular processes,Brite Hierarchies
chr_1298,K01312  PRSS1_2_3; trypsin,01002 Peptidases and inhibitors,Protein families: metabolism,Brite Hierarchies
chr_1299,"K01870  IARS, ileS; isoleucyl-tRNA synthetase",00970 Aminoacyl-tRNA biosynthesis,Translation,Genetic Information Processing
chr_1299,"K01870  IARS, ileS; isoleucyl-tRNA synthetase",01007 Amino acid related enzymes,Protein families: metabolism,Brite Hierarchies
chr_1299,"K01870  IARS, ileS; isoleucyl-tRNA synthetase",03016 Transfer RNA biogenesis,Protein families: genetic information processing,Brite Hierarchies
chr_1300,K16329  psuG; pseudouridylate synthase,00240 Pyrimidine metabolism,Nucleotide metabolism,Metabolism
chr_1301,"K10973  allR; IclR family transcriptional regulator, negative regulator of allantoin and glyoxylate utilization operons",03000 Transcription factors,Protein families: genetic information processing,Brite Hierarchies
chr_1302,"K15777  DOPA; 4,5-DOPA dioxygenase extradiol",00965 Betalain biosynthesis,Biosynthesis of other secondary metabolites,Metabolism
chr_1310,K01451  hipO; hippurate hydrolase,00360 Phenylalanine metabolism,Amino acid metabolism,Metabolism
chr_1310,K01451  hipO; hippurate hydrolase,01002 Peptidases and inhibitors,Protein families: metabolism,Brite Hierarchies
chr_1322,K07141  mocA; molybdenum cofactor cytidylyltransferase,00790 Folate biosynthesis,Metabolism of cofactors and vitamins,Metabolism
chr_1323,"K06901  pbuG; putative MFS transporter, AGZA family, xanthine/uracil permease",02000 Transporters,Protein families: signaling and cellular processes,Brite Hierarchies
chr_1324,"K01487  E3.5.4.3, guaD; guanine deaminase",00230 Purine metabolism,Nucleotide metabolism,Metabolism
chr_1326,K03518  coxS; aerobic carbon-monoxide dehydrogenase small subunit,99980 Enzymes with EC numbers,Unclassified: metabolism,Not Included in Pathway or Brite
chr_1327,"K13479  ygeT, xdhB; xanthine dehydrogenase FAD-binding subunit",00230 Purine metabolism,Nucleotide metabolism,Metabolism
chr_1329,"K01581  E4.1.1.17, ODC1, speC, speF; ornithine decarboxylase",00330 Arginine and proline metabolism,Amino acid metabolism,Metabolism
chr_1329,"K01581  E4.1.1.17, ODC1, speC, speF; ornithine decarboxylase",00480 Glutathione metabolism,Metabolism of other amino acids,Metabolism
chr_1330,"K01611  speD, AMD1; S-adenosylmethionine decarboxylase",00270 Cysteine and methionine metabolism,Amino acid metabolism,Metabolism
chr_1330,"K01611  speD, AMD1; S-adenosylmethionine decarboxylase",00330 Arginine and proline metabolism,Amino acid metabolism,Metabolism
chr_1333,"K00852  rbsK, RBKS; ribokinase",00030 Pentose phosphate pathway,Carbohydrate metabolism,Metabolism
chr_1341,K01687  ilvD; dihydroxy-acid dehydratase,"00290 Valine, leucine and isoleucine biosynthesis",Amino acid metabolism,Metabolism
chr_1341,K01687  ilvD; dihydroxy-acid dehydratase,00770 Pantothenate and CoA biosynthesis,Metabolism of cofactors and vitamins,Metabolism
chr_1342,"K00526  E1.17.4.1B, nrdB, nrdF; ribonucleoside-diphosphate reductase beta chain",00240 Pyrimidine metabolism,Nucleotide metabolism,Metabolism
chr_1342,"K00526  E1.17.4.1B, nrdB, nrdF; ribonucleoside-diphosphate reductase beta chain",00230 Purine metabolism,Nucleotide metabolism,Metabolism
chr_1342,"K00526  E1.17.4.1B, nrdB, nrdF; ribonucleoside-diphosphate reductase beta chain",03400 DNA repair and recombination proteins,Protein families: genetic information processing,Brite Hierarchies
chr_1343,"K00525  E1.17.4.1A, nrdA, nrdE; ribonucleoside-diphosphate reductase alpha chain",00230 Purine metabolism,Nucleotide metabolism,Metabolism
chr_1343,"K00525  E1.17.4.1A, nrdA, nrdE; ribonucleoside-diphosphate reductase alpha chain",00240 Pyrimidine metabolism,Nucleotide metabolism,Metabolism
chr_1343,"K00525  E1.17.4.1A, nrdA, nrdE; ribonucleoside-diphosphate reductase alpha chain",03400 DNA repair and recombination proteins,Protein families: genetic information processing,Brite Hierarchies
chr_1346,K03919  alkB; DNA oxidative demethylase,03400 DNA repair and recombination proteins,Protein families: genetic information processing,Brite Hierarchies
chr_1350,"K13288  orn, REX2, REXO2; oligoribonuclease",03008 Ribosome biogenesis in eukaryotes,Translation,Genetic Information Processing
chr_1350,"K13288  orn, REX2, REXO2; oligoribonuclease",03009 Ribosome biogenesis,Protein families: genetic information processing,Brite Hierarchies
chr_1350,"K13288  orn, REX2, REXO2; oligoribonuclease",03019 Messenger RNA biogenesis,Protein families: genetic information processing,Brite Hierarchies
chr_1354,K00941  thiD; hydroxymethylpyrimidine/phosphomethylpyrimidine kinase,00730 Thiamine metabolism,Metabolism of cofactors and vitamins,Metabolism
chr_1355,K03707  tenA; thiaminase (transcriptional activator TenA),00730 Thiamine metabolism,Metabolism of cofactors and vitamins,Metabolism
chr_1355,K03707  tenA; thiaminase (transcriptional activator TenA),03000 Transcription factors,Protein families: genetic information processing,Brite Hierarchies
chr_1361,K21992  mbtK; lysine N-acyltransferase,99980 Enzymes with EC numbers,Unclassified: metabolism,Not Included in Pathway or Brite
chr_1362,K04780  dhbF; nonribosomal peptide synthetase DhbF,01053 Biosynthesis of siderophore group nonribosomal peptides,Metabolism of terpenoids and polyketides,Metabolism
chr_1362,K04780  dhbF; nonribosomal peptide synthetase DhbF,01008 Polyketide biosynthesis proteins,Protein families: metabolism,Brite Hierarchies
chr_1365,K07229  yqjH; ferric-chelate reductase (NADPH),99980 Enzymes with EC numbers,Unclassified: metabolism,Not Included in Pathway or Brite
chr_1366,"K10531  pvdA, SIDA; L-ornithine N5-monooxygenase",99980 Enzymes with EC numbers,Unclassified: metabolism,Not Included in Pathway or Brite
chr_1369,"K02257  COX10, ctaB, cyoE; heme o synthase",00860 Porphyrin and chlorophyll metabolism,Metabolism of cofactors and vitamins,Metabolism
chr_1369,"K02257  COX10, ctaB, cyoE; heme o synthase",00190 Oxidative phosphorylation,Energy metabolism,Metabolism
chr_1369,"K02257  COX10, ctaB, cyoE; heme o synthase",04714 Thermogenesis,Environmental adaptation,Organismal Systems
chr_1369,"K02257  COX10, ctaB, cyoE; heme o synthase",01006 Prenyltransferases,Protein families: metabolism,Brite Hierarchies
chr_1369,"K02257  COX10, ctaB, cyoE; heme o synthase",03029 Mitochondrial biogenesis,Protein families: genetic information processing,Brite Hierarchies
chr_1370,"K07171  mazF, ndoA, chpA; mRNA interferase MazF",02048 Prokaryotic defense system,Protein families: signaling and cellular processes,Brite Hierarchies
chr_1406,"K19338  nac; LysR family transcriptional regulator, nitrogen assimilation regulatory protein",03000 Transcription factors,Protein families: genetic information processing,Brite Hierarchies
chr_1407,K18292  E4.1.3.25; (S)-citramalyl-CoA lyase,00660 C5-Branched dibasic acid metabolism,Carbohydrate metabolism,Metabolism
chr_1408,K18289  ict-P; itaconate CoA-transferase,00660 C5-Branched dibasic acid metabolism,Carbohydrate metabolism,Metabolism
chr_1409,K11616  maeN; malate:Na+ symporter,02020 Two-component system,Signal transduction,Environmental Information Processing
chr_1411,"K01426  E3.5.1.4, amiE; amidase",00330 Arginine and proline metabolism,Amino acid metabolism,Metabolism
chr_1411,"K01426  E3.5.1.4, amiE; amidase",00627 Aminobenzoate degradation,Xenobiotics biodegradation and metabolism,Metabolism
chr_1411,"K01426  E3.5.1.4, amiE; amidase",00380 Tryptophan metabolism,Amino acid metabolism,Metabolism
chr_1411,"K01426  E3.5.1.4, amiE; amidase",00360 Phenylalanine metabolism,Amino acid metabolism,Metabolism
chr_1411,"K01426  E3.5.1.4, amiE; amidase",00643 Styrene degradation,Xenobiotics biodegradation and metabolism,Metabolism
chr_1415,K07301  yrbG; cation:H+ antiporter,02000 Transporters,Protein families: signaling and cellular processes,Brite Hierarchies
chr_1417,"K01495  GCH1, folE; GTP cyclohydrolase IA",00790 Folate biosynthesis,Metabolism of cofactors and vitamins,Metabolism
chr_1418,K15977  K15977; putative oxidoreductase,99999 Others,Unclassified: metabolism,Not Included in Pathway or Brite
chr_1428,K15371  GDH2; glutamate dehydrogenase,00430 Taurine and hypotaurine metabolism,Metabolism of other amino acids,Metabolism
chr_1428,K15371  GDH2; glutamate dehydrogenase,"00250 Alanine, aspartate and glutamate metabolism",Amino acid metabolism,Metabolism
chr_1428,K15371  GDH2; glutamate dehydrogenase,00910 Nitrogen metabolism,Energy metabolism,Metabolism
chr_1428,K15371  GDH2; glutamate dehydrogenase,00220 Arginine biosynthesis,Amino acid metabolism,Metabolism
chr_1429,K07107  ybgC; acyl-CoA thioester hydrolase,99980 Enzymes with EC numbers,Unclassified: metabolism,Not Included in Pathway or Brite
chr_1439,"K06519  SLC3A2, MDU1, CD98; solute carrier family 3, member 2",04150 mTOR signaling pathway,Signal transduction,Environmental Information Processing
chr_1439,"K06519  SLC3A2, MDU1, CD98; solute carrier family 3, member 2",04216 Ferroptosis,Cell growth and death,Cellular Processes
chr_1439,"K06519  SLC3A2, MDU1, CD98; solute carrier family 3, member 2",04974 Protein digestion and absorption,Digestive system,Organismal Systems
chr_1439,"K06519  SLC3A2, MDU1, CD98; solute carrier family 3, member 2",04147 Exosome,Protein families: signaling and cellular processes,Brite Hierarchies
chr_1439,"K06519  SLC3A2, MDU1, CD98; solute carrier family 3, member 2",04090 CD molecules,Protein families: signaling and cellular processes,Brite Hierarchies
chr_1439,"K06519  SLC3A2, MDU1, CD98; solute carrier family 3, member 2",02000 Transporters,Protein families: signaling and cellular processes,Brite Hierarchies
chr_1440,K06886  glbN; hemoglobin,99996 General function prediction only,Poorly characterized,Not Included in Pathway or Brite
chr_1441,K22044  ybiO; moderate conductance mechanosensitive channel,02000 Transporters,Protein families: signaling and cellular processes,Brite Hierarchies
chr_1442,K01322  PREP; prolyl oligopeptidase,04614 Renin-angiotensin system,Endocrine system,Organismal Systems
chr_1442,K01322  PREP; prolyl oligopeptidase,01002 Peptidases and inhibitors,Protein families: metabolism,Brite Hierarchies
chr_1448,K01256  pepN; aminopeptidase N,00480 Glutathione metabolism,Metabolism of other amino acids,Metabolism
chr_1448,K01256  pepN; aminopeptidase N,01002 Peptidases and inhibitors,Protein families: metabolism,Brite Hierarchies
chr_1450,"K05982  E3.1.21.7, nfi; deoxyribonuclease V",03400 DNA repair and recombination proteins,Protein families: genetic information processing,Brite Hierarchies
chr_1458,K01808  rpiB; ribose 5-phosphate isomerase B,00051 Fructose and mannose metabolism,Carbohydrate metabolism,Metabolism
chr_1458,K01808  rpiB; ribose 5-phosphate isomerase B,00710 Carbon fixation in photosynthetic organisms,Energy metabolism,Metabolism
chr_1458,K01808  rpiB; ribose 5-phosphate isomerase B,00030 Pentose phosphate pathway,Carbohydrate metabolism,Metabolism
chr_1460,K05522  nei; endonuclease VIII,03410 Base excision repair,Replication and repair,Genetic Information Processing
chr_1460,K05522  nei; endonuclease VIII,03400 DNA repair and recombination proteins,Protein families: genetic information processing,Brite Hierarchies
chr_1464,"K03446  emrB; MFS transporter, DHA2 family, multidrug resistance protein",02000 Transporters,Protein families: signaling and cellular processes,Brite Hierarchies
chr_1472,K03545  tig; trigger factor,99975 Protein processing,Unclassified: genetic information processing,Not Included in Pathway or Brite
chr_1473,"K01358  clpP, CLPP; ATP-dependent Clp protease, protease subunit",04112 Cell cycle - Caulobacter,Cell growth and death,Cellular Processes
chr_1473,"K01358  clpP, CLPP; ATP-dependent Clp protease, protease subunit",04212 Longevity regulating pathway - worm,Aging,Organismal Systems
chr_1473,"K01358  clpP, CLPP; ATP-dependent Clp protease, protease subunit",01002 Peptidases and inhibitors,Protein families: metabolism,Brite Hierarchies
chr_1474,"K01358  clpP, CLPP; ATP-dependent Clp protease, protease subunit",04112 Cell cycle - Caulobacter,Cell growth and death,Cellular Processes
chr_1474,"K01358  clpP, CLPP; ATP-dependent Clp protease, protease subunit",04212 Longevity regulating pathway - worm,Aging,Organismal Systems
chr_1474,"K01358  clpP, CLPP; ATP-dependent Clp protease, protease subunit",01002 Peptidases and inhibitors,Protein families: metabolism,Brite Hierarchies
chr_1475,"K03544  clpX, CLPX; ATP-dependent Clp protease ATP-binding subunit ClpX",04112 Cell cycle - Caulobacter,Cell growth and death,Cellular Processes
chr_1475,"K03544  clpX, CLPX; ATP-dependent Clp protease ATP-binding subunit ClpX",03110 Chaperones and folding catalysts,Protein families: genetic information processing,Brite Hierarchies
chr_1478,K02379  fdhD; FdhD protein,99982 Energy metabolism,Unclassified: metabolism,Not Included in Pathway or Brite
chr_1483,"K01873  VARS, valS; valyl-tRNA synthetase",00970 Aminoacyl-tRNA biosynthesis,Translation,Genetic Information Processing
chr_1483,"K01873  VARS, valS; valyl-tRNA synthetase",03016 Transfer RNA biogenesis,Protein families: genetic information processing,Brite Hierarchies
chr_1483,"K01873  VARS, valS; valyl-tRNA synthetase",01007 Amino acid related enzymes,Protein families: metabolism,Brite Hierarchies
chr_1485,K11754  folC; dihydrofolate synthase / folylpolyglutamate synthase,00790 Folate biosynthesis,Metabolism of cofactors and vitamins,Metabolism
chr_1490,K01113  phoD; alkaline phosphatase D,00790 Folate biosynthesis,Metabolism of cofactors and vitamins,Metabolism
chr_1490,K01113  phoD; alkaline phosphatase D,02020 Two-component system,Signal transduction,Environmental Information Processing
chr_1493,"K00940  ndk, NME; nucleoside-diphosphate kinase",00230 Purine metabolism,Nucleotide metabolism,Metabolism
chr_1493,"K00940  ndk, NME; nucleoside-diphosphate kinase",00983 Drug metabolism - other enzymes,Xenobiotics biodegradation and metabolism,Metabolism
chr_1493,"K00940  ndk, NME; nucleoside-diphosphate kinase",00240 Pyrimidine metabolism,Nucleotide metabolism,Metabolism
chr_1493,"K00940  ndk, NME; nucleoside-diphosphate kinase",04016 MAPK signaling pathway - plant,Signal transduction,Environmental Information Processing
chr_1493,"K00940  ndk, NME; nucleoside-diphosphate kinase",04131 Membrane trafficking,Protein families: genetic information processing,Brite Hierarchies
chr_1497,K08300  rne; ribonuclease E,03018 RNA degradation,"Folding, sorting and degradation",Genetic Information Processing
chr_1497,K08300  rne; ribonuclease E,03009 Ribosome biogenesis,Protein families: genetic information processing,Brite Hierarchies
chr_1497,K08300  rne; ribonuclease E,03019 Messenger RNA biogenesis,Protein families: genetic information processing,Brite Hierarchies
chr_1500,K01049  ACHE; acetylcholinesterase,00564 Glycerophospholipid metabolism,Lipid metabolism,Metabolism
chr_1500,K01049  ACHE; acetylcholinesterase,04725 Cholinergic synapse,Nervous system,Organismal Systems
chr_1500,K01049  ACHE; acetylcholinesterase,00537 Glycosylphosphatidylinositol (GPI)-anchored proteins,Protein families: signaling and cellular processes,Brite Hierarchies
chr_1505,"K02888  RP-L21, MRPL21, rplU; large subunit ribosomal protein L21",03010 Ribosome,Translation,Genetic Information Processing
chr_1505,"K02888  RP-L21, MRPL21, rplU; large subunit ribosomal protein L21",03011 Ribosome,Protein families: genetic information processing,Brite Hierarchies
chr_1506,"K02899  RP-L27, MRPL27, rpmA; large subunit ribosomal protein L27",03010 Ribosome,Translation,Genetic Information Processing
chr_1506,"K02899  RP-L27, MRPL27, rpmA; large subunit ribosomal protein L27",03011 Ribosome,Protein families: genetic information processing,Brite Hierarchies
chr_1507,"K03979  obgE, cgtA, MTG2; GTPase",03009 Ribosome biogenesis,Protein families: genetic information processing,Brite Hierarchies
chr_1508,K00931  proB; glutamate 5-kinase,00330 Arginine and proline metabolism,Amino acid metabolism,Metabolism
chr_1508,K00931  proB; glutamate 5-kinase,00332 Carbapenem biosynthesis,Biosynthesis of other secondary metabolites,Metabolism
chr_1516,K00147  proA; glutamate-5-semialdehyde dehydrogenase,00332 Carbapenem biosynthesis,Biosynthesis of other secondary metabolites,Metabolism
chr_1516,K00147  proA; glutamate-5-semialdehyde dehydrogenase,00330 Arginine and proline metabolism,Amino acid metabolism,Metabolism
chr_1519,K00969  nadD; nicotinate-nucleotide adenylyltransferase,00760 Nicotinate and nicotinamide metabolism,Metabolism of cofactors and vitamins,Metabolism
chr_1520,K09710  ybeB; ribosome-associated protein,03009 Ribosome biogenesis,Protein families: genetic information processing,Brite Hierarchies
chr_1521,K22306  gpgP; glucosyl-3-phosphoglycerate phosphatase,99980 Enzymes with EC numbers,Unclassified: metabolism,Not Included in Pathway or Brite
chr_1523,K02237  comEA; competence protein ComEA,02044 Secretion system,Protein families: signaling and cellular processes,Brite Hierarchies
chr_1524,K02238  comEC; competence protein ComEC,02044 Secretion system,Protein families: signaling and cellular processes,Brite Hierarchies
chr_1525,K01733  thrC; threonine synthase,00750 Vitamin B6 metabolism,Metabolism of cofactors and vitamins,Metabolism
chr_1525,K01733  thrC; threonine synthase,"00260 Glycine, serine and threonine metabolism",Amino acid metabolism,Metabolism
chr_1526,K02340  holA; DNA polymerase III subunit delta,03030 DNA replication,Replication and repair,Genetic Information Processing
chr_1526,K02340  holA; DNA polymerase III subunit delta,03440 Homologous recombination,Replication and repair,Genetic Information Processing
chr_1526,K02340  holA; DNA polymerase III subunit delta,03430 Mismatch repair,Replication and repair,Genetic Information Processing
chr_1526,K02340  holA; DNA polymerase III subunit delta,03032 DNA replication proteins,Protein families: genetic information processing,Brite Hierarchies
chr_1526,K02340  holA; DNA polymerase III subunit delta,03400 DNA repair and recombination proteins,Protein families: genetic information processing,Brite Hierarchies
chr_1527,"K02968  RP-S20, rpsT; small subunit ribosomal protein S20",03010 Ribosome,Translation,Genetic Information Processing
chr_1527,"K02968  RP-S20, rpsT; small subunit ribosomal protein S20",03011 Ribosome,Protein families: genetic information processing,Brite Hierarchies
chr_1528,K07090  K07090; uncharacterized protein,99997 Function unknown,Poorly characterized,Not Included in Pathway or Brite
chr_1532,K03596  lepA; GTP-binding protein LepA,05134 Legionellosis,Infectious disease: bacterial,Human Diseases
chr_1534,"K00052  leuB, IMDH; 3-isopropylmalate dehydrogenase",00660 C5-Branched dibasic acid metabolism,Carbohydrate metabolism,Metabolism
chr_1534,"K00052  leuB, IMDH; 3-isopropylmalate dehydrogenase","00290 Valine, leucine and isoleucine biosynthesis",Amino acid metabolism,Metabolism
chr_1536,"K01637  E4.1.3.1, aceA; isocitrate lyase",00630 Glyoxylate and dicarboxylate metabolism,Carbohydrate metabolism,Metabolism
chr_1539,"K00459  ncd2, npd; nitronate monooxygenase",00910 Nitrogen metabolism,Energy metabolism,Metabolism
chr_1545,"K03892  arsR; ArsR family transcriptional regulator, arsenate/arsenite/antimonite-responsive transcriptional repressor",03000 Transcription factors,Protein families: genetic information processing,Brite Hierarchies
chr_1549,"K00140  mmsA, iolA, ALDH6A1; malonate-semialdehyde dehydrogenase (acetylating) / methylmalonate-semialdehyde dehydrogenase",00410 beta-Alanine metabolism,Metabolism of other amino acids,Metabolism
chr_1549,"K00140  mmsA, iolA, ALDH6A1; malonate-semialdehyde dehydrogenase (acetylating) / methylmalonate-semialdehyde dehydrogenase","00280 Valine, leucine and isoleucine degradation",Amino acid metabolism,Metabolism
chr_1549,"K00140  mmsA, iolA, ALDH6A1; malonate-semialdehyde dehydrogenase (acetylating) / methylmalonate-semialdehyde dehydrogenase",00640 Propanoate metabolism,Carbohydrate metabolism,Metabolism
chr_1549,"K00140  mmsA, iolA, ALDH6A1; malonate-semialdehyde dehydrogenase (acetylating) / methylmalonate-semialdehyde dehydrogenase",00562 Inositol phosphate metabolism,Carbohydrate metabolism,Metabolism
chr_1551,K05605  HIBCH; 3-hydroxyisobutyryl-CoA hydrolase,00410 beta-Alanine metabolism,Metabolism of other amino acids,Metabolism
chr_1551,K05605  HIBCH; 3-hydroxyisobutyryl-CoA hydrolase,00640 Propanoate metabolism,Carbohydrate metabolism,Metabolism
chr_1551,K05605  HIBCH; 3-hydroxyisobutyryl-CoA hydrolase,"00280 Valine, leucine and isoleucine degradation",Amino acid metabolism,Metabolism
chr_1552,"K00020  mmsB, HIBADH; 3-hydroxyisobutyrate dehydrogenase","00280 Valine, leucine and isoleucine degradation",Amino acid metabolism,Metabolism
chr_1562,K00955  cysNC; bifunctional enzyme CysN/CysC,00261 Monobactam biosynthesis,Biosynthesis of other secondary metabolites,Metabolism
chr_1562,K00955  cysNC; bifunctional enzyme CysN/CysC,00920 Sulfur metabolism,Energy metabolism,Metabolism
chr_1562,K00955  cysNC; bifunctional enzyme CysN/CysC,00230 Purine metabolism,Nucleotide metabolism,Metabolism
chr_1562,K00955  cysNC; bifunctional enzyme CysN/CysC,00450 Selenocompound metabolism,Metabolism of other amino acids,Metabolism
chr_1563,K00957  cysD; sulfate adenylyltransferase subunit 2,00920 Sulfur metabolism,Energy metabolism,Metabolism
chr_1563,K00957  cysD; sulfate adenylyltransferase subunit 2,00450 Selenocompound metabolism,Metabolism of other amino acids,Metabolism
chr_1563,K00957  cysD; sulfate adenylyltransferase subunit 2,00230 Purine metabolism,Nucleotide metabolism,Metabolism
chr_1563,K00957  cysD; sulfate adenylyltransferase subunit 2,00261 Monobactam biosynthesis,Biosynthesis of other secondary metabolites,Metabolism
chr_1564,K00390  cysH; phosphoadenosine phosphosulfate reductase,00920 Sulfur metabolism,Energy metabolism,Metabolism
chr_1566,K00392  sir; sulfite reductase (ferredoxin),00920 Sulfur metabolism,Energy metabolism,Metabolism
chr_1570,K03705  hrcA; heat-inducible transcriptional repressor,03000 Transcription factors,Protein families: genetic information processing,Brite Hierarchies
chr_1571,K03686  dnaJ; molecular chaperone DnaJ,03029 Mitochondrial biogenesis,Protein families: genetic information processing,Brite Hierarchies
chr_1571,K03686  dnaJ; molecular chaperone DnaJ,03110 Chaperones and folding catalysts,Protein families: genetic information processing,Brite Hierarchies
chr_1572,K09761  rsmE; 16S rRNA (uracil1498-N3)-methyltransferase,03009 Ribosome biogenesis,Protein families: genetic information processing,Brite Hierarchies
chr_1573,"K02503  HINT1, hinT, hit; histidine triad (HIT) family protein",04147 Exosome,Protein families: signaling and cellular processes,Brite Hierarchies
chr_1574,"K06217  phoH, phoL; phosphate starvation-inducible protein PhoH and related proteins",99995 Signaling proteins,Unclassified: signaling and cellular processes,Not Included in Pathway or Brite
chr_1575,"K07042  ybeY, yqfG; probable rRNA maturation factor",03009 Ribosome biogenesis,Protein families: genetic information processing,Brite Hierarchies
chr_1576,K03699  tlyC; putative hemolysin,02042 Bacterial toxins,Protein families: signaling and cellular processes,Brite Hierarchies
chr_1578,"K03595  era, ERAL1; GTPase",03009 Ribosome biogenesis,Protein families: genetic information processing,Brite Hierarchies
chr_1578,"K03595  era, ERAL1; GTPase",03029 Mitochondrial biogenesis,Protein families: genetic information processing,Brite Hierarchies
chr_1583,K03584  recO; DNA repair protein RecO (recombination protein O),03440 Homologous recombination,Replication and repair,Genetic Information Processing
chr_1583,K03584  recO; DNA repair protein RecO (recombination protein O),03400 DNA repair and recombination proteins,Protein families: genetic information processing,Brite Hierarchies
chr_1584,K00806  uppS; undecaprenyl diphosphate synthase,00900 Terpenoid backbone biosynthesis,Metabolism of terpenoids and polyketides,Metabolism
chr_1584,K00806  uppS; undecaprenyl diphosphate synthase,01006 Prenyltransferases,Protein families: metabolism,Brite Hierarchies
chr_1586,K07089  K07089; uncharacterized protein,99997 Function unknown,Poorly characterized,Not Included in Pathway or Brite
chr_1589,"K03711  fur, zur, furB; Fur family transcriptional regulator, ferric uptake regulator",03000 Transcription factors,Protein families: genetic information processing,Brite Hierarchies
chr_1590,"K22298  smtB; ArsR family transcriptional regulator, zinc-responsive transcriptional repressor",03000 Transcription factors,Protein families: genetic information processing,Brite Hierarchies
chr_1591,"K01880  GARS, glyS1; glycyl-tRNA synthetase",00970 Aminoacyl-tRNA biosynthesis,Translation,Genetic Information Processing
chr_1591,"K01880  GARS, glyS1; glycyl-tRNA synthetase",01007 Amino acid related enzymes,Protein families: metabolism,Brite Hierarchies
chr_1591,"K01880  GARS, glyS1; glycyl-tRNA synthetase",03029 Mitochondrial biogenesis,Protein families: genetic information processing,Brite Hierarchies
chr_1591,"K01880  GARS, glyS1; glycyl-tRNA synthetase",03016 Transfer RNA biogenesis,Protein families: genetic information processing,Brite Hierarchies
chr_1593,K01129  dgt; dGTPase,00230 Purine metabolism,Nucleotide metabolism,Metabolism
chr_1595,K13963  SERPINB; serpin B,05146 Amoebiasis,Infectious disease: parasitic,Human Diseases
chr_1595,K13963  SERPINB; serpin B,01002 Peptidases and inhibitors,Protein families: metabolism,Brite Hierarchies
chr_1597,K07486  K07486; transposase,99976 Replication and repair,Unclassified: genetic information processing,Not Included in Pathway or Brite
chr_1598,"K03088  rpoE; RNA polymerase sigma-70 factor, ECF subfamily",03021 Transcription machinery,Protein families: genetic information processing,Brite Hierarchies
chr_1599,K02316  dnaG; DNA primase,03030 DNA replication,Replication and repair,Genetic Information Processing
chr_1599,K02316  dnaG; DNA primase,03032 DNA replication proteins,Protein families: genetic information processing,Brite Hierarchies
chr_1601,K00598  tam; trans-aconitate 2-methyltransferase,99980 Enzymes with EC numbers,Unclassified: metabolism,Not Included in Pathway or Brite
chr_1615,K15837  GPSM2; G-protein signaling modulator 2,03036 Chromosome and associated proteins,Protein families: genetic information processing,Brite Hierarchies
chr_1621,K12349  ASAH2; neutral ceramidase,00600 Sphingolipid metabolism,Lipid metabolism,Metabolism
chr_1621,K12349  ASAH2; neutral ceramidase,04071 Sphingolipid signaling pathway,Signal transduction,Environmental Information Processing
chr_1662,K06200  cstA; carbon starvation protein,99995 Signaling proteins,Unclassified: signaling and cellular processes,Not Included in Pathway or Brite
chr_1670,K18472  accD6; acetyl-CoA/propionyl-CoA carboxylase carboxyl transferase subunit,00061 Fatty acid biosynthesis,Lipid metabolism,Metabolism
chr_1670,K18472  accD6; acetyl-CoA/propionyl-CoA carboxylase carboxyl transferase subunit,00620 Pyruvate metabolism,Carbohydrate metabolism,Metabolism
chr_1670,K18472  accD6; acetyl-CoA/propionyl-CoA carboxylase carboxyl transferase subunit,"00280 Valine, leucine and isoleucine degradation",Amino acid metabolism,Metabolism
chr_1670,K18472  accD6; acetyl-CoA/propionyl-CoA carboxylase carboxyl transferase subunit,00640 Propanoate metabolism,Carbohydrate metabolism,Metabolism
chr_1670,K18472  accD6; acetyl-CoA/propionyl-CoA carboxylase carboxyl transferase subunit,00630 Glyoxylate and dicarboxylate metabolism,Carbohydrate metabolism,Metabolism
chr_1671,"K09458  fabF, OXSM, CEM1; 3-oxoacyl-[acyl-carrier-protein] synthase II",00061 Fatty acid biosynthesis,Lipid metabolism,Metabolism
chr_1671,"K09458  fabF, OXSM, CEM1; 3-oxoacyl-[acyl-carrier-protein] synthase II",00780 Biotin metabolism,Metabolism of cofactors and vitamins,Metabolism
chr_1671,"K09458  fabF, OXSM, CEM1; 3-oxoacyl-[acyl-carrier-protein] synthase II",01004 Lipid biosynthesis proteins,Protein families: metabolism,Brite Hierarchies
chr_1672,K02078  acpP; acyl carrier protein,00061 Fatty acid biosynthesis,Lipid metabolism,Metabolism
chr_1672,K02078  acpP; acyl carrier protein,00998 Biosynthesis of secondary metabolites - other antibiotics,Biosynthesis of other secondary metabolites,Metabolism
chr_1673,K00648  fabH; 3-oxoacyl-[acyl-carrier-protein] synthase III,00061 Fatty acid biosynthesis,Lipid metabolism,Metabolism
chr_1673,K00648  fabH; 3-oxoacyl-[acyl-carrier-protein] synthase III,01004 Lipid biosynthesis proteins,Protein families: metabolism,Brite Hierarchies
chr_1674,"K00645  fabD, MCAT, MCT1; [acyl-carrier-protein] S-malonyltransferase",00333 Prodigiosin biosynthesis,Biosynthesis of other secondary metabolites,Metabolism
chr_1674,"K00645  fabD, MCAT, MCT1; [acyl-carrier-protein] S-malonyltransferase",00061 Fatty acid biosynthesis,Lipid metabolism,Metabolism
chr_1674,"K00645  fabD, MCAT, MCT1; [acyl-carrier-protein] S-malonyltransferase",01004 Lipid biosynthesis proteins,Protein families: metabolism,Brite Hierarchies
chr_1680,K03811  pnuC; nicotinamide mononucleotide transporter,02000 Transporters,Protein families: signaling and cellular processes,Brite Hierarchies
chr_1681,K00163  aceE; pyruvate dehydrogenase E1 component,00010 Glycolysis / Gluconeogenesis,Carbohydrate metabolism,Metabolism
chr_1681,K00163  aceE; pyruvate dehydrogenase E1 component,00620 Pyruvate metabolism,Carbohydrate metabolism,Metabolism
chr_1681,K00163  aceE; pyruvate dehydrogenase E1 component,00020 Citrate cycle (TCA cycle),Carbohydrate metabolism,Metabolism
chr_1697,"K13787  idsA; geranylgeranyl diphosphate synthase, type I",00900 Terpenoid backbone biosynthesis,Metabolism of terpenoids and polyketides,Metabolism
chr_1697,"K13787  idsA; geranylgeranyl diphosphate synthase, type I",01006 Prenyltransferases,Protein families: metabolism,Brite Hierarchies
chr_1702,"K01626  E2.5.1.54, aroF, aroG, aroH; 3-deoxy-7-phosphoheptulonate synthase","00400 Phenylalanine, tyrosine and tryptophan biosynthesis",Amino acid metabolism,Metabolism
chr_1702,"K01626  E2.5.1.54, aroF, aroG, aroH; 3-deoxy-7-phosphoheptulonate synthase",02024 Quorum sensing,Cellular community - prokaryotes,Cellular Processes
chr_1722,K04090  E1.2.7.8; indolepyruvate ferredoxin oxidoreductase,99980 Enzymes with EC numbers,Unclassified: metabolism,Not Included in Pathway or Brite
chr_1723,"K03719  lrp; Lrp/AsnC family transcriptional regulator, leucine-responsive regulatory protein",03036 Chromosome and associated proteins,Protein families: genetic information processing,Brite Hierarchies
chr_1723,"K03719  lrp; Lrp/AsnC family transcriptional regulator, leucine-responsive regulatory protein",03000 Transcription factors,Protein families: genetic information processing,Brite Hierarchies
chr_1731,K07160  pxpA; 5-oxoprolinase (ATP-hydrolysing) subunit A,00480 Glutathione metabolism,Metabolism of other amino acids,Metabolism
chr_1732,K23123  pxpB; 5-oxoprolinase (ATP-hydrolysing) subunit B,00480 Glutathione metabolism,Metabolism of other amino acids,Metabolism
chr_1748,"K02227  cbiB, cobD; adenosylcobinamide-phosphate synthase",00860 Porphyrin and chlorophyll metabolism,Metabolism of cofactors and vitamins,Metabolism
chr_1750,K15523  FN3KRP; protein-ribulosamine 3-kinase,99980 Enzymes with EC numbers,Unclassified: metabolism,Not Included in Pathway or Brite
chr_1754,K07164  K07164; uncharacterized protein,99997 Function unknown,Poorly characterized,Not Included in Pathway or Brite
chr_1755,K22316  rhnA-cobC; ribonuclease H / adenosylcobalamin/alpha-ribazole phosphatase,00860 Porphyrin and chlorophyll metabolism,Metabolism of cofactors and vitamins,Metabolism
chr_1755,K22316  rhnA-cobC; ribonuclease H / adenosylcobalamin/alpha-ribazole phosphatase,03030 DNA replication,Replication and repair,Genetic Information Processing
chr_1755,K22316  rhnA-cobC; ribonuclease H / adenosylcobalamin/alpha-ribazole phosphatase,03032 DNA replication proteins,Protein families: genetic information processing,Brite Hierarchies
chr_1762,K19303  mepH; murein DD-endopeptidase,01011 Peptidoglycan biosynthesis and degradation proteins,Protein families: metabolism,Brite Hierarchies
chr_1762,K19303  mepH; murein DD-endopeptidase,01002 Peptidases and inhibitors,Protein families: metabolism,Brite Hierarchies
chr_1765,"K12573  rnr, vacB; ribonuclease R",03018 RNA degradation,"Folding, sorting and degradation",Genetic Information Processing
chr_1765,"K12573  rnr, vacB; ribonuclease R",03019 Messenger RNA biogenesis,Protein families: genetic information processing,Brite Hierarchies
chr_1765,"K12573  rnr, vacB; ribonuclease R",03016 Transfer RNA biogenesis,Protein families: genetic information processing,Brite Hierarchies
chr_1766,K06988  fno; 8-hydroxy-5-deazaflavin:NADPH oxidoreductase,99980 Enzymes with EC numbers,Unclassified: metabolism,Not Included in Pathway or Brite
chr_1768,"K07393  ECM4, yqjG; glutathionyl-hydroquinone reductase",99980 Enzymes with EC numbers,Unclassified: metabolism,Not Included in Pathway or Brite
chr_1770,K00606  panB; 3-methyl-2-oxobutanoate hydroxymethyltransferase,00770 Pantothenate and CoA biosynthesis,Metabolism of cofactors and vitamins,Metabolism
chr_1771,K01713  pheC; cyclohexadienyl dehydratase,"00400 Phenylalanine, tyrosine and tryptophan biosynthesis",Amino acid metabolism,Metabolism
chr_1778,K01916  nadE; NAD+ synthase,00760 Nicotinate and nicotinamide metabolism,Metabolism of cofactors and vitamins,Metabolism
chr_1780,"K01915  glnA, GLUL; glutamine synthetase","00250 Alanine, aspartate and glutamate metabolism",Amino acid metabolism,Metabolism
chr_1780,"K01915  glnA, GLUL; glutamine synthetase",00630 Glyoxylate and dicarboxylate metabolism,Carbohydrate metabolism,Metabolism
chr_1780,"K01915  glnA, GLUL; glutamine synthetase",00910 Nitrogen metabolism,Energy metabolism,Metabolism
chr_1780,"K01915  glnA, GLUL; glutamine synthetase",00220 Arginine biosynthesis,Amino acid metabolism,Metabolism
chr_1780,"K01915  glnA, GLUL; glutamine synthetase",02020 Two-component system,Signal transduction,Environmental Information Processing
chr_1780,"K01915  glnA, GLUL; glutamine synthetase",04217 Necroptosis,Cell growth and death,Cellular Processes
chr_1780,"K01915  glnA, GLUL; glutamine synthetase",04727 GABAergic synapse,Nervous system,Organismal Systems
chr_1780,"K01915  glnA, GLUL; glutamine synthetase",04724 Glutamatergic synapse,Nervous system,Organismal Systems
chr_1780,"K01915  glnA, GLUL; glutamine synthetase",04147 Exosome,Protein families: signaling and cellular processes,Brite Hierarchies
chr_1783,K00982  glnE; [glutamine synthetase] adenylyltransferase / [glutamine synthetase]-adenylyl-L-tyrosine phosphorylase,99980 Enzymes with EC numbers,Unclassified: metabolism,Not Included in Pathway or Brite
chr_1786,"K01915  glnA, GLUL; glutamine synthetase","00250 Alanine, aspartate and glutamate metabolism",Amino acid metabolism,Metabolism
chr_1786,"K01915  glnA, GLUL; glutamine synthetase",00630 Glyoxylate and dicarboxylate metabolism,Carbohydrate metabolism,Metabolism
chr_1786,"K01915  glnA, GLUL; glutamine synthetase",00910 Nitrogen metabolism,Energy metabolism,Metabolism
chr_1786,"K01915  glnA, GLUL; glutamine synthetase",00220 Arginine biosynthesis,Amino acid metabolism,Metabolism
chr_1786,"K01915  glnA, GLUL; glutamine synthetase",02020 Two-component system,Signal transduction,Environmental Information Processing
chr_1786,"K01915  glnA, GLUL; glutamine synthetase",04217 Necroptosis,Cell growth and death,Cellular Processes
chr_1786,"K01915  glnA, GLUL; glutamine synthetase",04727 GABAergic synapse,Nervous system,Organismal Systems
chr_1786,"K01915  glnA, GLUL; glutamine synthetase",04724 Glutamatergic synapse,Nervous system,Organismal Systems
chr_1786,"K01915  glnA, GLUL; glutamine synthetase",04147 Exosome,Protein families: signaling and cellular processes,Brite Hierarchies
chr_1789,"K03644  lipA, LIAS, LIP1, LIP5; lipoyl synthase",00785 Lipoic acid metabolism,Metabolism of cofactors and vitamins,Metabolism
chr_1793,K03801  lipB; lipoyl(octanoyl) transferase,00785 Lipoic acid metabolism,Metabolism of cofactors and vitamins,Metabolism
chr_1794,K07071  K07071; uncharacterized protein,99997 Function unknown,Poorly characterized,Not Included in Pathway or Brite
chr_1795,"K00627  DLAT, aceF, pdhC; pyruvate dehydrogenase E2 component (dihydrolipoamide acetyltransferase)",00020 Citrate cycle (TCA cycle),Carbohydrate metabolism,Metabolism
chr_1795,"K00627  DLAT, aceF, pdhC; pyruvate dehydrogenase E2 component (dihydrolipoamide acetyltransferase)",00620 Pyruvate metabolism,Carbohydrate metabolism,Metabolism
chr_1795,"K00627  DLAT, aceF, pdhC; pyruvate dehydrogenase E2 component (dihydrolipoamide acetyltransferase)",00010 Glycolysis / Gluconeogenesis,Carbohydrate metabolism,Metabolism
chr_1796,"K00382  DLD, lpd, pdhD; dihydrolipoamide dehydrogenase",00020 Citrate cycle (TCA cycle),Carbohydrate metabolism,Metabolism
chr_1796,"K00382  DLD, lpd, pdhD; dihydrolipoamide dehydrogenase",00310 Lysine degradation,Amino acid metabolism,Metabolism
chr_1796,"K00382  DLD, lpd, pdhD; dihydrolipoamide dehydrogenase",00640 Propanoate metabolism,Carbohydrate metabolism,Metabolism
chr_1796,"K00382  DLD, lpd, pdhD; dihydrolipoamide dehydrogenase",00630 Glyoxylate and dicarboxylate metabolism,Carbohydrate metabolism,Metabolism
chr_1796,"K00382  DLD, lpd, pdhD; dihydrolipoamide dehydrogenase","00280 Valine, leucine and isoleucine degradation",Amino acid metabolism,Metabolism
chr_1796,"K00382  DLD, lpd, pdhD; dihydrolipoamide dehydrogenase",00380 Tryptophan metabolism,Amino acid metabolism,Metabolism
chr_1796,"K00382  DLD, lpd, pdhD; dihydrolipoamide dehydrogenase",00620 Pyruvate metabolism,Carbohydrate metabolism,Metabolism
chr_1796,"K00382  DLD, lpd, pdhD; dihydrolipoamide dehydrogenase","00260 Glycine, serine and threonine metabolism",Amino acid metabolism,Metabolism
chr_1796,"K00382  DLD, lpd, pdhD; dihydrolipoamide dehydrogenase",00010 Glycolysis / Gluconeogenesis,Carbohydrate metabolism,Metabolism
chr_1796,"K00382  DLD, lpd, pdhD; dihydrolipoamide dehydrogenase",04147 Exosome,Protein families: signaling and cellular processes,Brite Hierarchies
chr_1799,"K01255  CARP, pepA; leucyl aminopeptidase",00480 Glutathione metabolism,Metabolism of other amino acids,Metabolism
chr_1799,"K01255  CARP, pepA; leucyl aminopeptidase",01002 Peptidases and inhibitors,Protein families: metabolism,Brite Hierarchies
chr_1803,"K00826  E2.6.1.42, ilvE; branched-chain amino acid aminotransferase","00290 Valine, leucine and isoleucine biosynthesis",Amino acid metabolism,Metabolism
chr_1803,"K00826  E2.6.1.42, ilvE; branched-chain amino acid aminotransferase","00280 Valine, leucine and isoleucine degradation",Amino acid metabolism,Metabolism
chr_1803,"K00826  E2.6.1.42, ilvE; branched-chain amino acid aminotransferase",00770 Pantothenate and CoA biosynthesis,Metabolism of cofactors and vitamins,Metabolism
chr_1803,"K00826  E2.6.1.42, ilvE; branched-chain amino acid aminotransferase",00270 Cysteine and methionine metabolism,Amino acid metabolism,Metabolism
chr_1803,"K00826  E2.6.1.42, ilvE; branched-chain amino acid aminotransferase",01007 Amino acid related enzymes,Protein families: metabolism,Brite Hierarchies
chr_1804,"K02233  E2.7.8.26, cobS, cobV; adenosylcobinamide-GDP ribazoletransferase",00860 Porphyrin and chlorophyll metabolism,Metabolism of cofactors and vitamins,Metabolism
chr_1805,"K00768  E2.4.2.21, cobU, cobT; nicotinate-nucleotide--dimethylbenzimidazole phosphoribosyltransferase",00860 Porphyrin and chlorophyll metabolism,Metabolism of cofactors and vitamins,Metabolism
chr_1806,"K02231  cobP, cobU; adenosylcobinamide kinase / adenosylcobinamide-phosphate guanylyltransferase",00860 Porphyrin and chlorophyll metabolism,Metabolism of cofactors and vitamins,Metabolism
chr_1808,K15724  erpA; iron-sulfur cluster insertion protein,99996 General function prediction only,Poorly characterized,Not Included in Pathway or Brite
chr_1811,K14761  ybcJ; ribosome-associated protein,03009 Ribosome biogenesis,Protein families: genetic information processing,Brite Hierarchies
chr_1812,"K00856  E2.7.1.20, ADK; adenosine kinase",00230 Purine metabolism,Nucleotide metabolism,Metabolism
chr_1813,"K01176  AMY, amyA, malS; alpha-amylase",00500 Starch and sucrose metabolism,Carbohydrate metabolism,Metabolism
chr_1813,"K01176  AMY, amyA, malS; alpha-amylase",04973 Carbohydrate digestion and absorption,Digestive system,Organismal Systems
chr_1813,"K01176  AMY, amyA, malS; alpha-amylase",04972 Pancreatic secretion,Digestive system,Organismal Systems
chr_1816,"K00547  mmuM, BHMT2; homocysteine S-methyltransferase",00270 Cysteine and methionine metabolism,Amino acid metabolism,Metabolism
chr_1820,"K01953  asnB, ASNS; asparagine synthase (glutamine-hydrolysing)","00250 Alanine, aspartate and glutamate metabolism",Amino acid metabolism,Metabolism
chr_1820,"K01953  asnB, ASNS; asparagine synthase (glutamine-hydrolysing)",01002 Peptidases and inhibitors,Protein families: metabolism,Brite Hierarchies
chr_1821,"K02275  coxB, ctaC; cytochrome c oxidase subunit II",00190 Oxidative phosphorylation,Energy metabolism,Metabolism
chr_1824,K00766  trpD; anthranilate phosphoribosyltransferase,"00400 Phenylalanine, tyrosine and tryptophan biosynthesis",Amino acid metabolism,Metabolism
chr_1827,"K02276  coxC, ctaE; cytochrome c oxidase subunit III",00190 Oxidative phosphorylation,Energy metabolism,Metabolism
chr_1828,K03889  qcrC; ubiquinol-cytochrome c reductase cytochrome c subunit,00190 Oxidative phosphorylation,Energy metabolism,Metabolism
chr_1829,K03890  qcrA; ubiquinol-cytochrome c reductase iron-sulfur subunit,00190 Oxidative phosphorylation,Energy metabolism,Metabolism
chr_1830,K03891  qcrB; ubiquinol-cytochrome c reductase cytochrome b subunit,00190 Oxidative phosphorylation,Energy metabolism,Metabolism
chr_1832,K02342  dnaQ; DNA polymerase III subunit epsilon,03030 DNA replication,Replication and repair,Genetic Information Processing
chr_1832,K02342  dnaQ; DNA polymerase III subunit epsilon,03440 Homologous recombination,Replication and repair,Genetic Information Processing
chr_1832,K02342  dnaQ; DNA polymerase III subunit epsilon,03430 Mismatch repair,Replication and repair,Genetic Information Processing
chr_1832,K02342  dnaQ; DNA polymerase III subunit epsilon,03032 DNA replication proteins,Protein families: genetic information processing,Brite Hierarchies
chr_1832,K02342  dnaQ; DNA polymerase III subunit epsilon,03400 DNA repair and recombination proteins,Protein families: genetic information processing,Brite Hierarchies
chr_1834,K21471  cwlO; peptidoglycan DL-endopeptidase CwlO,01002 Peptidases and inhibitors,Protein families: metabolism,Brite Hierarchies
chr_1834,K21471  cwlO; peptidoglycan DL-endopeptidase CwlO,01011 Peptidoglycan biosynthesis and degradation proteins,Protein families: metabolism,Brite Hierarchies
chr_1836,"K01897  ACSL, fadD; long-chain acyl-CoA synthetase",00061 Fatty acid biosynthesis,Lipid metabolism,Metabolism
chr_1836,"K01897  ACSL, fadD; long-chain acyl-CoA synthetase",00071 Fatty acid degradation,Lipid metabolism,Metabolism
chr_1836,"K01897  ACSL, fadD; long-chain acyl-CoA synthetase",04216 Ferroptosis,Cell growth and death,Cellular Processes
chr_1836,"K01897  ACSL, fadD; long-chain acyl-CoA synthetase",02024 Quorum sensing,Cellular community - prokaryotes,Cellular Processes
chr_1836,"K01897  ACSL, fadD; long-chain acyl-CoA synthetase",04146 Peroxisome,Transport and catabolism,Cellular Processes
chr_1836,"K01897  ACSL, fadD; long-chain acyl-CoA synthetase",04714 Thermogenesis,Environmental adaptation,Organismal Systems
chr_1836,"K01897  ACSL, fadD; long-chain acyl-CoA synthetase",04920 Adipocytokine signaling pathway,Endocrine system,Organismal Systems
chr_1836,"K01897  ACSL, fadD; long-chain acyl-CoA synthetase",03320 PPAR signaling pathway,Endocrine system,Organismal Systems
chr_1836,"K01897  ACSL, fadD; long-chain acyl-CoA synthetase",04147 Exosome,Protein families: signaling and cellular processes,Brite Hierarchies
chr_1836,"K01897  ACSL, fadD; long-chain acyl-CoA synthetase",01004 Lipid biosynthesis proteins,Protein families: metabolism,Brite Hierarchies
chr_1839,"K01551  arsA, ASNA1, GET3; arsenite/tail-anchored protein-transporting ATPase",04131 Membrane trafficking,Protein families: genetic information processing,Brite Hierarchies
chr_1839,"K01551  arsA, ASNA1, GET3; arsenite/tail-anchored protein-transporting ATPase",02000 Transporters,Protein families: signaling and cellular processes,Brite Hierarchies
chr_1843,K03928  yvaK; carboxylesterase,99980 Enzymes with EC numbers,Unclassified: metabolism,Not Included in Pathway or Brite
chr_1844,K00655  plsC; 1-acyl-sn-glycerol-3-phosphate acyltransferase,00561 Glycerolipid metabolism,Lipid metabolism,Metabolism
chr_1844,K00655  plsC; 1-acyl-sn-glycerol-3-phosphate acyltransferase,00564 Glycerophospholipid metabolism,Lipid metabolism,Metabolism
chr_1844,K00655  plsC; 1-acyl-sn-glycerol-3-phosphate acyltransferase,01004 Lipid biosynthesis proteins,Protein families: metabolism,Brite Hierarchies
chr_1846,"K00850  pfkA, PFK; 6-phosphofructokinase 1",00030 Pentose phosphate pathway,Carbohydrate metabolism,Metabolism
chr_1846,"K00850  pfkA, PFK; 6-phosphofructokinase 1",00680 Methane metabolism,Energy metabolism,Metabolism
chr_1846,"K00850  pfkA, PFK; 6-phosphofructokinase 1",00052 Galactose metabolism,Carbohydrate metabolism,Metabolism
chr_1846,"K00850  pfkA, PFK; 6-phosphofructokinase 1",00010 Glycolysis / Gluconeogenesis,Carbohydrate metabolism,Metabolism
chr_1846,"K00850  pfkA, PFK; 6-phosphofructokinase 1",00051 Fructose and mannose metabolism,Carbohydrate metabolism,Metabolism
chr_1846,"K00850  pfkA, PFK; 6-phosphofructokinase 1",03018 RNA degradation,"Folding, sorting and degradation",Genetic Information Processing
chr_1846,"K00850  pfkA, PFK; 6-phosphofructokinase 1",04152 AMPK signaling pathway,Signal transduction,Environmental Information Processing
chr_1846,"K00850  pfkA, PFK; 6-phosphofructokinase 1",04066 HIF-1 signaling pathway,Signal transduction,Environmental Information Processing
chr_1846,"K00850  pfkA, PFK; 6-phosphofructokinase 1",04922 Glucagon signaling pathway,Endocrine system,Organismal Systems
chr_1846,"K00850  pfkA, PFK; 6-phosphofructokinase 1",05230 Central carbon metabolism in cancer,Cancer: overview,Human Diseases
chr_1846,"K00850  pfkA, PFK; 6-phosphofructokinase 1",03019 Messenger RNA biogenesis,Protein families: genetic information processing,Brite Hierarchies
chr_1846,"K00850  pfkA, PFK; 6-phosphofructokinase 1",01009 Protein phosphatases and associated proteins,Protein families: metabolism,Brite Hierarchies
chr_1854,"K01626  E2.5.1.54, aroF, aroG, aroH; 3-deoxy-7-phosphoheptulonate synthase","00400 Phenylalanine, tyrosine and tryptophan biosynthesis",Amino acid metabolism,Metabolism
chr_1854,"K01626  E2.5.1.54, aroF, aroG, aroH; 3-deoxy-7-phosphoheptulonate synthase",02024 Quorum sensing,Cellular community - prokaryotes,Cellular Processes
chr_1855,"K14337  mptA; alpha-1,6-mannosyltransferase",00571 Lipoarabinomannan (LAM) biosynthesis,Glycan biosynthesis and metabolism,Metabolism
chr_1855,"K14337  mptA; alpha-1,6-mannosyltransferase",01003 Glycosyltransferases,Protein families: metabolism,Brite Hierarchies
chr_1856,"K08884  K08884; serine/threonine protein kinase, bacterial",01001 Protein kinases,Protein families: metabolism,Brite Hierarchies
chr_1858,"K10209  crtN; 4,4'-diapophytoene desaturase",00906 Carotenoid biosynthesis,Metabolism of terpenoids and polyketides,Metabolism
chr_1859,"K13787  idsA; geranylgeranyl diphosphate synthase, type I",00900 Terpenoid backbone biosynthesis,Metabolism of terpenoids and polyketides,Metabolism
chr_1859,"K13787  idsA; geranylgeranyl diphosphate synthase, type I",01006 Prenyltransferases,Protein families: metabolism,Brite Hierarchies
chr_1860,"K00297  metF, MTHFR; methylenetetrahydrofolate reductase (NADPH)",00670 One carbon pool by folate,Metabolism of cofactors and vitamins,Metabolism
chr_1860,"K00297  metF, MTHFR; methylenetetrahydrofolate reductase (NADPH)",00720 Carbon fixation pathways in prokaryotes,Energy metabolism,Metabolism
chr_1860,"K00297  metF, MTHFR; methylenetetrahydrofolate reductase (NADPH)",01523 Antifolate resistance,Drug resistance: antineoplastic,Human Diseases
chr_1868,K03724  lhr; ATP-dependent helicase Lhr and Lhr-like helicase,03400 DNA repair and recombination proteins,Protein families: genetic information processing,Brite Hierarchies
chr_1873,K03553  recA; recombination protein RecA,03440 Homologous recombination,Replication and repair,Genetic Information Processing
chr_1873,K03553  recA; recombination protein RecA,03400 DNA repair and recombination proteins,Protein families: genetic information processing,Brite Hierarchies
chr_1874,K03565  recX; regulatory protein,03400 DNA repair and recombination proteins,Protein families: genetic information processing,Brite Hierarchies
chr_1877,K01625  eda; 2-dehydro-3-deoxyphosphogluconate aldolase / (4S)-4-hydroxy-2-oxoglutarate aldolase,00630 Glyoxylate and dicarboxylate metabolism,Carbohydrate metabolism,Metabolism
chr_1877,K01625  eda; 2-dehydro-3-deoxyphosphogluconate aldolase / (4S)-4-hydroxy-2-oxoglutarate aldolase,00030 Pentose phosphate pathway,Carbohydrate metabolism,Metabolism
chr_1878,K01690  edd; phosphogluconate dehydratase,00030 Pentose phosphate pathway,Carbohydrate metabolism,Metabolism
chr_1880,K02029  ABC.PA.P; polar amino acid transport system permease protein,02000 Transporters,Protein families: signaling and cellular processes,Brite Hierarchies
chr_1881,"K10040  peb1B, glnP, glnM; aspartate/glutamate/glutamine transport system permease protein",02010 ABC transporters,Membrane transport,Environmental Information Processing
chr_1881,"K10040  peb1B, glnP, glnM; aspartate/glutamate/glutamine transport system permease protein",02000 Transporters,Protein families: signaling and cellular processes,Brite Hierarchies
chr_1882,K02030  ABC.PA.S; polar amino acid transport system substrate-binding protein,02000 Transporters,Protein families: signaling and cellular processes,Brite Hierarchies
chr_1883,K02028  ABC.PA.A; polar amino acid transport system ATP-binding protein,02000 Transporters,Protein families: signaling and cellular processes,Brite Hierarchies
chr_1884,K06168  miaB; tRNA-2-methylthio-N6-dimethylallyladenosine synthase,03016 Transfer RNA biogenesis,Protein families: genetic information processing,Brite Hierarchies
chr_1889,"K00791  miaA, TRIT1; tRNA dimethylallyltransferase",00908 Zeatin biosynthesis,Metabolism of terpenoids and polyketides,Metabolism
chr_1889,"K00791  miaA, TRIT1; tRNA dimethylallyltransferase",01006 Prenyltransferases,Protein families: metabolism,Brite Hierarchies
chr_1889,"K00791  miaA, TRIT1; tRNA dimethylallyltransferase",03016 Transfer RNA biogenesis,Protein families: genetic information processing,Brite Hierarchies
chr_1890,K01778  dapF; diaminopimelate epimerase,00300 Lysine biosynthesis,Amino acid metabolism,Metabolism
chr_1891,K03665  hflX; GTPase,03009 Ribosome biogenesis,Protein families: genetic information processing,Brite Hierarchies
chr_1893,K01356  lexA; repressor LexA,03400 DNA repair and recombination proteins,Protein families: genetic information processing,Brite Hierarchies
chr_1893,K01356  lexA; repressor LexA,01002 Peptidases and inhibitors,Protein families: metabolism,Brite Hierarchies
chr_1896,K07738  nrdR; transcriptional repressor NrdR,03000 Transcription factors,Protein families: genetic information processing,Brite Hierarchies
chr_1897,"K00525  E1.17.4.1A, nrdA, nrdE; ribonucleoside-diphosphate reductase alpha chain",00230 Purine metabolism,Nucleotide metabolism,Metabolism
chr_1897,"K00525  E1.17.4.1A, nrdA, nrdE; ribonucleoside-diphosphate reductase alpha chain",00240 Pyrimidine metabolism,Nucleotide metabolism,Metabolism
chr_1897,"K00525  E1.17.4.1A, nrdA, nrdE; ribonucleoside-diphosphate reductase alpha chain",03400 DNA repair and recombination proteins,Protein families: genetic information processing,Brite Hierarchies
chr_1905,K01281  pepX; X-Pro dipeptidyl-peptidase,01002 Peptidases and inhibitors,Protein families: metabolism,Brite Hierarchies
chr_1907,"K01784  galE, GALE; UDP-glucose 4-epimerase",00052 Galactose metabolism,Carbohydrate metabolism,Metabolism
chr_1907,"K01784  galE, GALE; UDP-glucose 4-epimerase",00520 Amino sugar and nucleotide sugar metabolism,Carbohydrate metabolism,Metabolism
chr_1908,K00849  galK; galactokinase,00520 Amino sugar and nucleotide sugar metabolism,Carbohydrate metabolism,Metabolism
chr_1908,K00849  galK; galactokinase,00052 Galactose metabolism,Carbohydrate metabolism,Metabolism
chr_1908,K00849  galK; galactokinase,04147 Exosome,Protein families: signaling and cellular processes,Brite Hierarchies
chr_1910,"K01011  TST, MPST, sseA; thiosulfate/3-mercaptopyruvate sulfurtransferase",00270 Cysteine and methionine metabolism,Amino acid metabolism,Metabolism
chr_1910,"K01011  TST, MPST, sseA; thiosulfate/3-mercaptopyruvate sulfurtransferase",00920 Sulfur metabolism,Energy metabolism,Metabolism
chr_1910,"K01011  TST, MPST, sseA; thiosulfate/3-mercaptopyruvate sulfurtransferase",04122 Sulfur relay system,"Folding, sorting and degradation",Genetic Information Processing
chr_1911,K04768  acuC; acetoin utilization protein AcuC,99981 Carbohydrate metabolism,Unclassified: metabolism,Not Included in Pathway or Brite
chr_1915,K07112  K07112; uncharacterized protein,99997 Function unknown,Poorly characterized,Not Included in Pathway or Brite
chr_1917,"K01676  E4.2.1.2A, fumA, fumB; fumarate hydratase, class I",00020 Citrate cycle (TCA cycle),Carbohydrate metabolism,Metabolism
chr_1917,"K01676  E4.2.1.2A, fumA, fumB; fumarate hydratase, class I",00720 Carbon fixation pathways in prokaryotes,Energy metabolism,Metabolism
chr_1917,"K01676  E4.2.1.2A, fumA, fumB; fumarate hydratase, class I",00620 Pyruvate metabolism,Carbohydrate metabolism,Metabolism
chr_1918,K01104  E3.1.3.48; protein-tyrosine phosphatase,02020 Two-component system,Signal transduction,Environmental Information Processing
chr_1919,K03087  rpoS; RNA polymerase nonessential primary-like sigma factor,05111 Biofilm formation - Vibrio cholerae,Cellular community - prokaryotes,Cellular Processes
chr_1919,K03087  rpoS; RNA polymerase nonessential primary-like sigma factor,02026 Biofilm formation - Escherichia coli,Cellular community - prokaryotes,Cellular Processes
chr_1919,K03087  rpoS; RNA polymerase nonessential primary-like sigma factor,03021 Transcription machinery,Protein families: genetic information processing,Brite Hierarchies
chr_1920,"K07560  dtd, DTD; D-aminoacyl-tRNA deacylase",03016 Transfer RNA biogenesis,Protein families: genetic information processing,Brite Hierarchies
chr_1921,K00564  rsmC; 16S rRNA (guanine1207-N2)-methyltransferase,03009 Ribosome biogenesis,Protein families: genetic information processing,Brite Hierarchies
chr_1925,K07559  kptA; putative RNA 2'-phosphotransferase,03016 Transfer RNA biogenesis,Protein families: genetic information processing,Brite Hierarchies
chr_1931,K07058  K07058; membrane protein,99996 General function prediction only,Poorly characterized,Not Included in Pathway or Brite
chr_1937,K03086  rpoD; RNA polymerase primary sigma factor,03021 Transcription machinery,Protein families: genetic information processing,Brite Hierarchies
chr_1938,K00886  ppgK; polyphosphate glucokinase,00010 Glycolysis / Gluconeogenesis,Carbohydrate metabolism,Metabolism
chr_1938,K00886  ppgK; polyphosphate glucokinase,00520 Amino sugar and nucleotide sugar metabolism,Carbohydrate metabolism,Metabolism
chr_1939,"K01092  E3.1.3.25, IMPA, suhB; myo-inositol-1(or 4)-monophosphatase",00562 Inositol phosphate metabolism,Carbohydrate metabolism,Metabolism
chr_1939,"K01092  E3.1.3.25, IMPA, suhB; myo-inositol-1(or 4)-monophosphatase",00521 Streptomycin biosynthesis,Biosynthesis of other secondary metabolites,Metabolism
chr_1939,"K01092  E3.1.3.25, IMPA, suhB; myo-inositol-1(or 4)-monophosphatase",04070 Phosphatidylinositol signaling system,Signal transduction,Environmental Information Processing
chr_1943,"K01520  dut, DUT; dUTP pyrophosphatase",00240 Pyrimidine metabolism,Nucleotide metabolism,Metabolism
chr_1943,"K01520  dut, DUT; dUTP pyrophosphatase",00983 Drug metabolism - other enzymes,Xenobiotics biodegradation and metabolism,Metabolism
chr_1943,"K01520  dut, DUT; dUTP pyrophosphatase",03400 DNA repair and recombination proteins,Protein families: genetic information processing,Brite Hierarchies
chr_1949,K03926  cutA; periplasmic divalent cation tolerance protein,99994 Others,Unclassified: signaling and cellular processes,Not Included in Pathway or Brite
chr_1950,"K03499  trkA, ktrA; trk system potassium uptake protein",02000 Transporters,Protein families: signaling and cellular processes,Brite Hierarchies
chr_1951,"K03499  trkA, ktrA; trk system potassium uptake protein",02000 Transporters,Protein families: signaling and cellular processes,Brite Hierarchies
chr_1953,K03215  rumA; 23S rRNA (uracil1939-C5)-methyltransferase,03009 Ribosome biogenesis,Protein families: genetic information processing,Brite Hierarchies
chr_1958,K01662  dxs; 1-deoxy-D-xylulose-5-phosphate synthase,00730 Thiamine metabolism,Metabolism of cofactors and vitamins,Metabolism
chr_1958,K01662  dxs; 1-deoxy-D-xylulose-5-phosphate synthase,00900 Terpenoid backbone biosynthesis,Metabolism of terpenoids and polyketides,Metabolism
chr_1959,"K11330  nrsR, rppA; two-component system, OmpR family, Ni(II)-responsive and/or redox-responsive regulator NrsR",02020 Two-component system,Signal transduction,Environmental Information Processing
chr_1959,"K11330  nrsR, rppA; two-component system, OmpR family, Ni(II)-responsive and/or redox-responsive regulator NrsR",02022 Two-component system,Protein families: signaling and cellular processes,Brite Hierarchies
chr_1960,"K07642  baeS, smeS; two-component system, OmpR family, sensor histidine kinase BaeS",02020 Two-component system,Signal transduction,Environmental Information Processing
chr_1960,"K07642  baeS, smeS; two-component system, OmpR family, sensor histidine kinase BaeS",02022 Two-component system,Protein families: signaling and cellular processes,Brite Hierarchies
chr_1960,"K07642  baeS, smeS; two-component system, OmpR family, sensor histidine kinase BaeS",01001 Protein kinases,Protein families: metabolism,Brite Hierarchies
chr_1962,K07064  K07064; uncharacterized protein,99997 Function unknown,Poorly characterized,Not Included in Pathway or Brite
chr_1963,K10527  MFP2; enoyl-CoA hydratase/3-hydroxyacyl-CoA dehydrogenase,00071 Fatty acid degradation,Lipid metabolism,Metabolism
chr_1963,K10527  MFP2; enoyl-CoA hydratase/3-hydroxyacyl-CoA dehydrogenase,00592 alpha-Linolenic acid metabolism,Lipid metabolism,Metabolism
chr_1964,K07513  ACAA1; acetyl-CoA acyltransferase 1,00592 alpha-Linolenic acid metabolism,Lipid metabolism,Metabolism
chr_1964,K07513  ACAA1; acetyl-CoA acyltransferase 1,"00280 Valine, leucine and isoleucine degradation",Amino acid metabolism,Metabolism
chr_1964,K07513  ACAA1; acetyl-CoA acyltransferase 1,00071 Fatty acid degradation,Lipid metabolism,Metabolism
chr_1964,K07513  ACAA1; acetyl-CoA acyltransferase 1,01040 Biosynthesis of unsaturated fatty acids,Lipid metabolism,Metabolism
chr_1964,K07513  ACAA1; acetyl-CoA acyltransferase 1,04146 Peroxisome,Transport and catabolism,Cellular Processes
chr_1964,K07513  ACAA1; acetyl-CoA acyltransferase 1,03320 PPAR signaling pathway,Endocrine system,Organismal Systems
chr_1967,K03684  rnd; ribonuclease D,03016 Transfer RNA biogenesis,Protein families: genetic information processing,Brite Hierarchies
chr_1968,"K07686  uhpA; two-component system, NarL family, uhpT operon response regulator UhpA",02020 Two-component system,Signal transduction,Environmental Information Processing
chr_1968,"K07686  uhpA; two-component system, NarL family, uhpT operon response regulator UhpA",02022 Two-component system,Protein families: signaling and cellular processes,Brite Hierarchies
chr_1970,"K01599  hemE, UROD; uroporphyrinogen decarboxylase",00860 Porphyrin and chlorophyll metabolism,Metabolism of cofactors and vitamins,Metabolism
chr_1971,"K00231  PPOX, hemY; protoporphyrinogen/coproporphyrinogen III oxidase",00860 Porphyrin and chlorophyll metabolism,Metabolism of cofactors and vitamins,Metabolism
chr_1972,K00435  hemQ; hydrogen peroxide-dependent heme synthase,00860 Porphyrin and chlorophyll metabolism,Metabolism of cofactors and vitamins,Metabolism
chr_1980,K03710  K03710; GntR family transcriptional regulator,03000 Transcription factors,Protein families: genetic information processing,Brite Hierarchies
chr_1981,K07305  msrB; peptide-methionine (R)-S-oxide reductase,99980 Enzymes with EC numbers,Unclassified: metabolism,Not Included in Pathway or Brite
chr_1986,K11939  rhtA; inner membrane transporter RhtA,02000 Transporters,Protein families: signaling and cellular processes,Brite Hierarchies
chr_1987,"K00077  panE, apbA; 2-dehydropantoate 2-reductase",00770 Pantothenate and CoA biosynthesis,Metabolism of cofactors and vitamins,Metabolism
chr_1997,"K03088  rpoE; RNA polymerase sigma-70 factor, ECF subfamily",03021 Transcription machinery,Protein families: genetic information processing,Brite Hierarchies
chr_1999,K06916  zapE; cell division protein ZapE,03036 Chromosome and associated proteins,Protein families: genetic information processing,Brite Hierarchies
chr_2000,"K00819  rocD, OAT; ornithine--oxo-acid transaminase",00330 Arginine and proline metabolism,Amino acid metabolism,Metabolism
chr_2000,"K00819  rocD, OAT; ornithine--oxo-acid transaminase",01007 Amino acid related enzymes,Protein families: metabolism,Brite Hierarchies
chr_2001,K07404  pgl; 6-phosphogluconolactonase,00030 Pentose phosphate pathway,Carbohydrate metabolism,Metabolism
chr_2004,K10441  rbsA; ribose transport system ATP-binding protein,02010 ABC transporters,Membrane transport,Environmental Information Processing
chr_2004,K10441  rbsA; ribose transport system ATP-binding protein,02000 Transporters,Protein families: signaling and cellular processes,Brite Hierarchies
chr_2005,K10440  rbsC; ribose transport system permease protein,02010 ABC transporters,Membrane transport,Environmental Information Processing
chr_2005,K10440  rbsC; ribose transport system permease protein,02000 Transporters,Protein families: signaling and cellular processes,Brite Hierarchies
chr_2006,K10439  rbsB; ribose transport system substrate-binding protein,02010 ABC transporters,Membrane transport,Environmental Information Processing
chr_2006,K10439  rbsB; ribose transport system substrate-binding protein,02030 Bacterial chemotaxis,Cell motility,Cellular Processes
chr_2006,K10439  rbsB; ribose transport system substrate-binding protein,02000 Transporters,Protein families: signaling and cellular processes,Brite Hierarchies
chr_2014,"K03564  BCP, PRXQ, DOT5; peroxiredoxin Q/BCP",99980 Enzymes with EC numbers,Unclassified: metabolism,Not Included in Pathway or Brite
chr_2017,"K00074  paaH, hbd, fadB, mmgB; 3-hydroxybutyryl-CoA dehydrogenase",00650 Butanoate metabolism,Carbohydrate metabolism,Metabolism
chr_2017,"K00074  paaH, hbd, fadB, mmgB; 3-hydroxybutyryl-CoA dehydrogenase",00362 Benzoate degradation,Xenobiotics biodegradation and metabolism,Metabolism
chr_2017,"K00074  paaH, hbd, fadB, mmgB; 3-hydroxybutyryl-CoA dehydrogenase",00360 Phenylalanine metabolism,Amino acid metabolism,Metabolism
chr_2021,K01563  dhaA; haloalkane dehalogenase,00625 Chloroalkane and chloroalkene degradation,Xenobiotics biodegradation and metabolism,Metabolism
chr_2021,K01563  dhaA; haloalkane dehalogenase,00361 Chlorocyclohexane and chlorobenzene degradation,Xenobiotics biodegradation and metabolism,Metabolism
chr_2026,"K00252  GCDH, gcdH; glutaryl-CoA dehydrogenase",00071 Fatty acid degradation,Lipid metabolism,Metabolism
chr_2026,"K00252  GCDH, gcdH; glutaryl-CoA dehydrogenase",00380 Tryptophan metabolism,Amino acid metabolism,Metabolism
chr_2026,"K00252  GCDH, gcdH; glutaryl-CoA dehydrogenase",00362 Benzoate degradation,Xenobiotics biodegradation and metabolism,Metabolism
chr_2026,"K00252  GCDH, gcdH; glutaryl-CoA dehydrogenase",00310 Lysine degradation,Amino acid metabolism,Metabolism
chr_2027,"K01426  E3.5.1.4, amiE; amidase",00330 Arginine and proline metabolism,Amino acid metabolism,Metabolism
chr_2027,"K01426  E3.5.1.4, amiE; amidase",00627 Aminobenzoate degradation,Xenobiotics biodegradation and metabolism,Metabolism
chr_2027,"K01426  E3.5.1.4, amiE; amidase",00380 Tryptophan metabolism,Amino acid metabolism,Metabolism
chr_2027,"K01426  E3.5.1.4, amiE; amidase",00360 Phenylalanine metabolism,Amino acid metabolism,Metabolism
chr_2027,"K01426  E3.5.1.4, amiE; amidase",00643 Styrene degradation,Xenobiotics biodegradation and metabolism,Metabolism
chr_2030,K00153  E1.1.1.306; S-(hydroxymethyl)mycothiol dehydrogenase,99980 Enzymes with EC numbers,Unclassified: metabolism,Not Included in Pathway or Brite
chr_2032,"K07778  desK; two-component system, NarL family, sensor histidine kinase DesK",02020 Two-component system,Signal transduction,Environmental Information Processing
chr_2032,"K07778  desK; two-component system, NarL family, sensor histidine kinase DesK",02022 Two-component system,Protein families: signaling and cellular processes,Brite Hierarchies
chr_2032,"K07778  desK; two-component system, NarL family, sensor histidine kinase DesK",01001 Protein kinases,Protein families: metabolism,Brite Hierarchies
chr_2033,"K02479  K02479; two-component system, NarL family, response regulator",02022 Two-component system,Protein families: signaling and cellular processes,Brite Hierarchies
chr_2034,K16044  iolW; scyllo-inositol 2-dehydrogenase (NADP+),00562 Inositol phosphate metabolism,Carbohydrate metabolism,Metabolism
chr_2036,"K01621  xfp, xpk; xylulose-5-phosphate/fructose-6-phosphate phosphoketolase",00710 Carbon fixation in photosynthetic organisms,Energy metabolism,Metabolism
chr_2036,"K01621  xfp, xpk; xylulose-5-phosphate/fructose-6-phosphate phosphoketolase",00030 Pentose phosphate pathway,Carbohydrate metabolism,Metabolism
chr_2037,K00925  ackA; acetate kinase,00620 Pyruvate metabolism,Carbohydrate metabolism,Metabolism
chr_2037,K00925  ackA; acetate kinase,00430 Taurine and hypotaurine metabolism,Metabolism of other amino acids,Metabolism
chr_2037,K00925  ackA; acetate kinase,00680 Methane metabolism,Energy metabolism,Metabolism
chr_2037,K00925  ackA; acetate kinase,00720 Carbon fixation pathways in prokaryotes,Energy metabolism,Metabolism
chr_2037,K00925  ackA; acetate kinase,00640 Propanoate metabolism,Carbohydrate metabolism,Metabolism
chr_2041,K02030  ABC.PA.S; polar amino acid transport system substrate-binding protein,02000 Transporters,Protein families: signaling and cellular processes,Brite Hierarchies
chr_2042,K02029  ABC.PA.P; polar amino acid transport system permease protein,02000 Transporters,Protein families: signaling and cellular processes,Brite Hierarchies
chr_2043,K02029  ABC.PA.P; polar amino acid transport system permease protein,02000 Transporters,Protein families: signaling and cellular processes,Brite Hierarchies
chr_2044,K02028  ABC.PA.A; polar amino acid transport system ATP-binding protein,02000 Transporters,Protein families: signaling and cellular processes,Brite Hierarchies
chr_2050,"K05913  E1.13.11.41; 2,4'-dihydroxyacetophenone dioxygenase",00363 Bisphenol degradation,Xenobiotics biodegradation and metabolism,Metabolism
chr_2052,K01474  hyuB; N-methylhydantoinase B,00330 Arginine and proline metabolism,Amino acid metabolism,Metabolism
chr_2053,K01473  hyuA; N-methylhydantoinase A,00330 Arginine and proline metabolism,Amino acid metabolism,Metabolism
chr_2071,K22745  AIFM2; apoptosis-inducing factor 2,04115 p53 signaling pathway,Cell growth and death,Cellular Processes
chr_2078,K11531  lsrR; lsr operon transcriptional repressor,02026 Biofilm formation - Escherichia coli,Cellular community - prokaryotes,Cellular Processes
chr_2078,K11531  lsrR; lsr operon transcriptional repressor,02024 Quorum sensing,Cellular community - prokaryotes,Cellular Processes
chr_2078,K11531  lsrR; lsr operon transcriptional repressor,03000 Transcription factors,Protein families: genetic information processing,Brite Hierarchies
chr_2079,"K00008  SORD, gutB; L-iditol 2-dehydrogenase",00040 Pentose and glucuronate interconversions,Carbohydrate metabolism,Metabolism
chr_2079,"K00008  SORD, gutB; L-iditol 2-dehydrogenase",00051 Fructose and mannose metabolism,Carbohydrate metabolism,Metabolism
chr_2080,"K10227  smoE, mtlE; sorbitol/mannitol transport system substrate-binding protein",02010 ABC transporters,Membrane transport,Environmental Information Processing
chr_2080,"K10227  smoE, mtlE; sorbitol/mannitol transport system substrate-binding protein",02000 Transporters,Protein families: signaling and cellular processes,Brite Hierarchies
chr_2081,"K10228  smoF, mtlF; sorbitol/mannitol transport system permease protein",02010 ABC transporters,Membrane transport,Environmental Information Processing
chr_2081,"K10228  smoF, mtlF; sorbitol/mannitol transport system permease protein",02000 Transporters,Protein families: signaling and cellular processes,Brite Hierarchies
chr_2082,"K10229  smoG, mtlG; sorbitol/mannitol transport system permease protein",02010 ABC transporters,Membrane transport,Environmental Information Processing
chr_2082,"K10229  smoG, mtlG; sorbitol/mannitol transport system permease protein",02000 Transporters,Protein families: signaling and cellular processes,Brite Hierarchies
chr_2090,K04123  KAO; ent-kaurenoic acid monooxygenase,00904 Diterpenoid biosynthesis,Metabolism of terpenoids and polyketides,Metabolism
chr_2090,K04123  KAO; ent-kaurenoic acid monooxygenase,00199 Cytochrome P450,Protein families: metabolism,Brite Hierarchies
chr_2097,"K16914  RIOX1, NO66; bifunctional lysine-specific demethylase and histidyl-hydroxylase NO66",03009 Ribosome biogenesis,Protein families: genetic information processing,Brite Hierarchies
chr_2097,"K16914  RIOX1, NO66; bifunctional lysine-specific demethylase and histidyl-hydroxylase NO66",03036 Chromosome and associated proteins,Protein families: genetic information processing,Brite Hierarchies
chr_2098,K15342  cas1; CRISP-associated protein Cas1,03400 DNA repair and recombination proteins,Protein families: genetic information processing,Brite Hierarchies
chr_2098,K15342  cas1; CRISP-associated protein Cas1,02048 Prokaryotic defense system,Protein families: signaling and cellular processes,Brite Hierarchies
chr_2100,K03926  cutA; periplasmic divalent cation tolerance protein,99994 Others,Unclassified: signaling and cellular processes,Not Included in Pathway or Brite
chr_2101,"K07695  devR; two-component system, NarL family, response regulator DevR",02020 Two-component system,Signal transduction,Environmental Information Processing
chr_2101,"K07695  devR; two-component system, NarL family, response regulator DevR",02022 Two-component system,Protein families: signaling and cellular processes,Brite Hierarchies
chr_2105,K21689  rpfC; resuscitation-promoting factor RpfC,99986 Glycan metabolism,Unclassified: metabolism,Not Included in Pathway or Brite
chr_2108,K07506  K07506; AraC family transcriptional regulator,03000 Transcription factors,Protein families: genetic information processing,Brite Hierarchies
chr_2110,K13993  HSP20; HSP20 family protein,04141 Protein processing in endoplasmic reticulum,"Folding, sorting and degradation",Genetic Information Processing
chr_2110,K13993  HSP20; HSP20 family protein,03110 Chaperones and folding catalysts,Protein families: genetic information processing,Brite Hierarchies
chr_2122,"K01596  E4.1.1.32, pckA, PCK; phosphoenolpyruvate carboxykinase (GTP)",00010 Glycolysis / Gluconeogenesis,Carbohydrate metabolism,Metabolism
chr_2122,"K01596  E4.1.1.32, pckA, PCK; phosphoenolpyruvate carboxykinase (GTP)",00020 Citrate cycle (TCA cycle),Carbohydrate metabolism,Metabolism
chr_2122,"K01596  E4.1.1.32, pckA, PCK; phosphoenolpyruvate carboxykinase (GTP)",00620 Pyruvate metabolism,Carbohydrate metabolism,Metabolism
chr_2122,"K01596  E4.1.1.32, pckA, PCK; phosphoenolpyruvate carboxykinase (GTP)",04152 AMPK signaling pathway,Signal transduction,Environmental Information Processing
chr_2122,"K01596  E4.1.1.32, pckA, PCK; phosphoenolpyruvate carboxykinase (GTP)",04068 FoxO signaling pathway,Signal transduction,Environmental Information Processing
chr_2122,"K01596  E4.1.1.32, pckA, PCK; phosphoenolpyruvate carboxykinase (GTP)",04151 PI3K-Akt signaling pathway,Signal transduction,Environmental Information Processing
chr_2122,"K01596  E4.1.1.32, pckA, PCK; phosphoenolpyruvate carboxykinase (GTP)",03320 PPAR signaling pathway,Endocrine system,Organismal Systems
chr_2122,"K01596  E4.1.1.32, pckA, PCK; phosphoenolpyruvate carboxykinase (GTP)",04910 Insulin signaling pathway,Endocrine system,Organismal Systems
chr_2122,"K01596  E4.1.1.32, pckA, PCK; phosphoenolpyruvate carboxykinase (GTP)",04922 Glucagon signaling pathway,Endocrine system,Organismal Systems
chr_2122,"K01596  E4.1.1.32, pckA, PCK; phosphoenolpyruvate carboxykinase (GTP)",04920 Adipocytokine signaling pathway,Endocrine system,Organismal Systems
chr_2122,"K01596  E4.1.1.32, pckA, PCK; phosphoenolpyruvate carboxykinase (GTP)",04964 Proximal tubule bicarbonate reclamation,Excretory system,Organismal Systems
chr_2122,"K01596  E4.1.1.32, pckA, PCK; phosphoenolpyruvate carboxykinase (GTP)",04931 Insulin resistance,Endocrine and metabolic disease,Human Diseases
chr_2141,K07284  srtA; sortase A,01002 Peptidases and inhibitors,Protein families: metabolism,Brite Hierarchies
chr_2141,K07284  srtA; sortase A,01011 Peptidoglycan biosynthesis and degradation proteins,Protein families: metabolism,Brite Hierarchies
chr_2147,K18277  tmm; trimethylamine monooxygenase,00680 Methane metabolism,Energy metabolism,Metabolism
chr_2148,"K15580  oppA, mppA; oligopeptide transport system substrate-binding protein",02010 ABC transporters,Membrane transport,Environmental Information Processing
chr_2148,"K15580  oppA, mppA; oligopeptide transport system substrate-binding protein",02024 Quorum sensing,Cellular community - prokaryotes,Cellular Processes
chr_2148,"K15580  oppA, mppA; oligopeptide transport system substrate-binding protein",01501 beta-Lactam resistance,Drug resistance: antimicrobial,Human Diseases
chr_2148,"K15580  oppA, mppA; oligopeptide transport system substrate-binding protein",02000 Transporters,Protein families: signaling and cellular processes,Brite Hierarchies
chr_2149,K02033  ABC.PE.P; peptide/nickel transport system permease protein,02024 Quorum sensing,Cellular community - prokaryotes,Cellular Processes
chr_2149,K02033  ABC.PE.P; peptide/nickel transport system permease protein,02000 Transporters,Protein families: signaling and cellular processes,Brite Hierarchies
chr_2150,K02034  ABC.PE.P1; peptide/nickel transport system permease protein,02024 Quorum sensing,Cellular community - prokaryotes,Cellular Processes
chr_2150,K02034  ABC.PE.P1; peptide/nickel transport system permease protein,02000 Transporters,Protein families: signaling and cellular processes,Brite Hierarchies
chr_2157,"K03719  lrp; Lrp/AsnC family transcriptional regulator, leucine-responsive regulatory protein",03036 Chromosome and associated proteins,Protein families: genetic information processing,Brite Hierarchies
chr_2157,"K03719  lrp; Lrp/AsnC family transcriptional regulator, leucine-responsive regulatory protein",03000 Transcription factors,Protein families: genetic information processing,Brite Hierarchies
chr_2158,K01782  fadJ; 3-hydroxyacyl-CoA dehydrogenase / enoyl-CoA hydratase / 3-hydroxybutyryl-CoA epimerase,00362 Benzoate degradation,Xenobiotics biodegradation and metabolism,Metabolism
chr_2158,K01782  fadJ; 3-hydroxyacyl-CoA dehydrogenase / enoyl-CoA hydratase / 3-hydroxybutyryl-CoA epimerase,00410 beta-Alanine metabolism,Metabolism of other amino acids,Metabolism
chr_2158,K01782  fadJ; 3-hydroxyacyl-CoA dehydrogenase / enoyl-CoA hydratase / 3-hydroxybutyryl-CoA epimerase,00071 Fatty acid degradation,Lipid metabolism,Metabolism
chr_2158,K01782  fadJ; 3-hydroxyacyl-CoA dehydrogenase / enoyl-CoA hydratase / 3-hydroxybutyryl-CoA epimerase,00310 Lysine degradation,Amino acid metabolism,Metabolism
chr_2158,K01782  fadJ; 3-hydroxyacyl-CoA dehydrogenase / enoyl-CoA hydratase / 3-hydroxybutyryl-CoA epimerase,00903 Limonene and pinene degradation,Metabolism of terpenoids and polyketides,Metabolism
chr_2158,K01782  fadJ; 3-hydroxyacyl-CoA dehydrogenase / enoyl-CoA hydratase / 3-hydroxybutyryl-CoA epimerase,00380 Tryptophan metabolism,Amino acid metabolism,Metabolism
chr_2158,K01782  fadJ; 3-hydroxyacyl-CoA dehydrogenase / enoyl-CoA hydratase / 3-hydroxybutyryl-CoA epimerase,00650 Butanoate metabolism,Carbohydrate metabolism,Metabolism
chr_2158,K01782  fadJ; 3-hydroxyacyl-CoA dehydrogenase / enoyl-CoA hydratase / 3-hydroxybutyryl-CoA epimerase,00930 Caprolactam degradation,Xenobiotics biodegradation and metabolism,Metabolism
chr_2158,K01782  fadJ; 3-hydroxyacyl-CoA dehydrogenase / enoyl-CoA hydratase / 3-hydroxybutyryl-CoA epimerase,"00280 Valine, leucine and isoleucine degradation",Amino acid metabolism,Metabolism
chr_2158,K01782  fadJ; 3-hydroxyacyl-CoA dehydrogenase / enoyl-CoA hydratase / 3-hydroxybutyryl-CoA epimerase,00281 Geraniol degradation,Metabolism of terpenoids and polyketides,Metabolism
chr_2158,K01782  fadJ; 3-hydroxyacyl-CoA dehydrogenase / enoyl-CoA hydratase / 3-hydroxybutyryl-CoA epimerase,00640 Propanoate metabolism,Carbohydrate metabolism,Metabolism
chr_2159,"K00626  E2.3.1.9, atoB; acetyl-CoA C-acetyltransferase",00650 Butanoate metabolism,Carbohydrate metabolism,Metabolism
chr_2159,"K00626  E2.3.1.9, atoB; acetyl-CoA C-acetyltransferase",00630 Glyoxylate and dicarboxylate metabolism,Carbohydrate metabolism,Metabolism
chr_2159,"K00626  E2.3.1.9, atoB; acetyl-CoA C-acetyltransferase",00071 Fatty acid degradation,Lipid metabolism,Metabolism
chr_2159,"K00626  E2.3.1.9, atoB; acetyl-CoA C-acetyltransferase",00900 Terpenoid backbone biosynthesis,Metabolism of terpenoids and polyketides,Metabolism
chr_2159,"K00626  E2.3.1.9, atoB; acetyl-CoA C-acetyltransferase",00072 Synthesis and degradation of ketone bodies,Lipid metabolism,Metabolism
chr_2159,"K00626  E2.3.1.9, atoB; acetyl-CoA C-acetyltransferase",00640 Propanoate metabolism,Carbohydrate metabolism,Metabolism
chr_2159,"K00626  E2.3.1.9, atoB; acetyl-CoA C-acetyltransferase",00620 Pyruvate metabolism,Carbohydrate metabolism,Metabolism
chr_2159,"K00626  E2.3.1.9, atoB; acetyl-CoA C-acetyltransferase",00310 Lysine degradation,Amino acid metabolism,Metabolism
chr_2159,"K00626  E2.3.1.9, atoB; acetyl-CoA C-acetyltransferase",00720 Carbon fixation pathways in prokaryotes,Energy metabolism,Metabolism
chr_2159,"K00626  E2.3.1.9, atoB; acetyl-CoA C-acetyltransferase",00380 Tryptophan metabolism,Amino acid metabolism,Metabolism
chr_2159,"K00626  E2.3.1.9, atoB; acetyl-CoA C-acetyltransferase","00280 Valine, leucine and isoleucine degradation",Amino acid metabolism,Metabolism
chr_2159,"K00626  E2.3.1.9, atoB; acetyl-CoA C-acetyltransferase",00362 Benzoate degradation,Xenobiotics biodegradation and metabolism,Metabolism
chr_2159,"K00626  E2.3.1.9, atoB; acetyl-CoA C-acetyltransferase",02020 Two-component system,Signal transduction,Environmental Information Processing
chr_2159,"K00626  E2.3.1.9, atoB; acetyl-CoA C-acetyltransferase",04147 Exosome,Protein families: signaling and cellular processes,Brite Hierarchies
chr_2160,K00823  puuE; 4-aminobutyrate aminotransferase,00640 Propanoate metabolism,Carbohydrate metabolism,Metabolism
chr_2160,K00823  puuE; 4-aminobutyrate aminotransferase,00650 Butanoate metabolism,Carbohydrate metabolism,Metabolism
chr_2160,K00823  puuE; 4-aminobutyrate aminotransferase,00410 beta-Alanine metabolism,Metabolism of other amino acids,Metabolism
chr_2160,K00823  puuE; 4-aminobutyrate aminotransferase,"00250 Alanine, aspartate and glutamate metabolism",Amino acid metabolism,Metabolism
chr_2160,K00823  puuE; 4-aminobutyrate aminotransferase,01007 Amino acid related enzymes,Protein families: metabolism,Brite Hierarchies
chr_2164,K00128  ALDH; aldehyde dehydrogenase (NAD+),00310 Lysine degradation,Amino acid metabolism,Metabolism
chr_2164,K00128  ALDH; aldehyde dehydrogenase (NAD+),"00280 Valine, leucine and isoleucine degradation",Amino acid metabolism,Metabolism
chr_2164,K00128  ALDH; aldehyde dehydrogenase (NAD+),00410 beta-Alanine metabolism,Metabolism of other amino acids,Metabolism
chr_2164,K00128  ALDH; aldehyde dehydrogenase (NAD+),00010 Glycolysis / Gluconeogenesis,Carbohydrate metabolism,Metabolism
chr_2164,K00128  ALDH; aldehyde dehydrogenase (NAD+),00071 Fatty acid degradation,Lipid metabolism,Metabolism
chr_2164,K00128  ALDH; aldehyde dehydrogenase (NAD+),00625 Chloroalkane and chloroalkene degradation,Xenobiotics biodegradation and metabolism,Metabolism
chr_2164,K00128  ALDH; aldehyde dehydrogenase (NAD+),00340 Histidine metabolism,Amino acid metabolism,Metabolism
chr_2164,K00128  ALDH; aldehyde dehydrogenase (NAD+),00380 Tryptophan metabolism,Amino acid metabolism,Metabolism
chr_2164,K00128  ALDH; aldehyde dehydrogenase (NAD+),00903 Limonene and pinene degradation,Metabolism of terpenoids and polyketides,Metabolism
chr_2164,K00128  ALDH; aldehyde dehydrogenase (NAD+),00620 Pyruvate metabolism,Carbohydrate metabolism,Metabolism
chr_2164,K00128  ALDH; aldehyde dehydrogenase (NAD+),00981 Insect hormone biosynthesis,Metabolism of terpenoids and polyketides,Metabolism
chr_2164,K00128  ALDH; aldehyde dehydrogenase (NAD+),00561 Glycerolipid metabolism,Lipid metabolism,Metabolism
chr_2164,K00128  ALDH; aldehyde dehydrogenase (NAD+),00053 Ascorbate and aldarate metabolism,Carbohydrate metabolism,Metabolism
chr_2164,K00128  ALDH; aldehyde dehydrogenase (NAD+),00330 Arginine and proline metabolism,Amino acid metabolism,Metabolism
chr_2168,K11730  ACAD11; acyl-CoA dehydrogenase family member 11,99983 Lipid metabolism,Unclassified: metabolism,Not Included in Pathway or Brite
chr_2176,K11735  gabP; GABA permease,02000 Transporters,Protein families: signaling and cellular processes,Brite Hierarchies
chr_2177,"K22010  pdtaR; two-component system, response regulator PdtaR",02022 Two-component system,Protein families: signaling and cellular processes,Brite Hierarchies
chr_2180,"K19222  menI, DHNAT; 1,4-dihydroxy-2-naphthoyl-CoA hydrolase",00130 Ubiquinone and other terpenoid-quinone biosynthesis,Metabolism of cofactors and vitamins,Metabolism
chr_2181,K02335  polA; DNA polymerase I,03420 Nucleotide excision repair,Replication and repair,Genetic Information Processing
chr_2181,K02335  polA; DNA polymerase I,03440 Homologous recombination,Replication and repair,Genetic Information Processing
chr_2181,K02335  polA; DNA polymerase I,03030 DNA replication,Replication and repair,Genetic Information Processing
chr_2181,K02335  polA; DNA polymerase I,03410 Base excision repair,Replication and repair,Genetic Information Processing
chr_2181,K02335  polA; DNA polymerase I,03400 DNA repair and recombination proteins,Protein families: genetic information processing,Brite Hierarchies
chr_2181,K02335  polA; DNA polymerase I,03032 DNA replication proteins,Protein families: genetic information processing,Brite Hierarchies
chr_2185,K01421  yhgE; putative membrane protein,99996 General function prediction only,Poorly characterized,Not Included in Pathway or Brite
chr_2189,"K02945  RP-S1, rpsA; small subunit ribosomal protein S1",03010 Ribosome,Translation,Genetic Information Processing
chr_2189,"K02945  RP-S1, rpsA; small subunit ribosomal protein S1",03011 Ribosome,Protein families: genetic information processing,Brite Hierarchies
chr_2192,K00859  coaE; dephospho-CoA kinase,00770 Pantothenate and CoA biosynthesis,Metabolism of cofactors and vitamins,Metabolism
chr_2195,K09146  K09146; uncharacterized protein,99997 Function unknown,Poorly characterized,Not Included in Pathway or Brite
chr_2197,K03702  uvrB; excinuclease ABC subunit B,03420 Nucleotide excision repair,Replication and repair,Genetic Information Processing
chr_2197,K03702  uvrB; excinuclease ABC subunit B,03400 DNA repair and recombination proteins,Protein families: genetic information processing,Brite Hierarchies
chr_2198,"K09838  ZEP, ABA1; zeaxanthin epoxidase",00906 Carotenoid biosynthesis,Metabolism of terpenoids and polyketides,Metabolism
chr_2209,K05794  terC; tellurite resistance protein TerC,99994 Others,Unclassified: signaling and cellular processes,Not Included in Pathway or Brite
chr_2212,K01183  E3.2.1.14; chitinase,00520 Amino sugar and nucleotide sugar metabolism,Carbohydrate metabolism,Metabolism
chr_2216,K11165  DHRS7; dehydrogenase/reductase SDR family member 7,99980 Enzymes with EC numbers,Unclassified: metabolism,Not Included in Pathway or Brite
chr_2217,"K22108  kstR2; TetR/AcrR family transcriptional regulator, cholesterol catabolism regulator",03000 Transcription factors,Protein families: genetic information processing,Brite Hierarchies
chr_2220,K22820  fadE34; 3-oxochol-4-en-24-oyl-CoA dehydrogenase,99980 Enzymes with EC numbers,Unclassified: metabolism,Not Included in Pathway or Brite
chr_2221,"K00059  fabG, OAR1; 3-oxoacyl-[acyl-carrier protein] reductase",00061 Fatty acid biosynthesis,Lipid metabolism,Metabolism
chr_2221,"K00059  fabG, OAR1; 3-oxoacyl-[acyl-carrier protein] reductase",00333 Prodigiosin biosynthesis,Biosynthesis of other secondary metabolites,Metabolism
chr_2221,"K00059  fabG, OAR1; 3-oxoacyl-[acyl-carrier protein] reductase",00780 Biotin metabolism,Metabolism of cofactors and vitamins,Metabolism
chr_2221,"K00059  fabG, OAR1; 3-oxoacyl-[acyl-carrier protein] reductase",01004 Lipid biosynthesis proteins,Protein families: metabolism,Brite Hierarchies
chr_2222,"K00249  ACADM, acd; acyl-CoA dehydrogenase",00071 Fatty acid degradation,Lipid metabolism,Metabolism
chr_2222,"K00249  ACADM, acd; acyl-CoA dehydrogenase","00280 Valine, leucine and isoleucine degradation",Amino acid metabolism,Metabolism
chr_2222,"K00249  ACADM, acd; acyl-CoA dehydrogenase",03320 PPAR signaling pathway,Endocrine system,Organismal Systems
chr_2224,K20866  yihX; glucose-1-phosphatase,00010 Glycolysis / Gluconeogenesis,Carbohydrate metabolism,Metabolism
chr_2230,K05782  benE; benzoate membrane transport protein,02000 Transporters,Protein families: signaling and cellular processes,Brite Hierarchies
chr_2235,"K00108  betA, CHDH; choline dehydrogenase","00260 Glycine, serine and threonine metabolism",Amino acid metabolism,Metabolism
chr_2237,"K00130  betB, gbsA; betaine-aldehyde dehydrogenase","00260 Glycine, serine and threonine metabolism",Amino acid metabolism,Metabolism
chr_2238,"K23778  rcdA; TetR/AcrR family transcriptional regulator, regulator of biofilm formation and stress response",03000 Transcription factors,Protein families: genetic information processing,Brite Hierarchies
chr_2245,"K04564  SOD2; superoxide dismutase, Fe-Mn family",04013 MAPK signaling pathway - fly,Signal transduction,Environmental Information Processing
chr_2245,"K04564  SOD2; superoxide dismutase, Fe-Mn family",04068 FoxO signaling pathway,Signal transduction,Environmental Information Processing
chr_2245,"K04564  SOD2; superoxide dismutase, Fe-Mn family",04146 Peroxisome,Transport and catabolism,Cellular Processes
chr_2245,"K04564  SOD2; superoxide dismutase, Fe-Mn family",04213 Longevity regulating pathway - multiple species,Aging,Organismal Systems
chr_2245,"K04564  SOD2; superoxide dismutase, Fe-Mn family",04212 Longevity regulating pathway - worm,Aging,Organismal Systems
chr_2245,"K04564  SOD2; superoxide dismutase, Fe-Mn family",04211 Longevity regulating pathway,Aging,Organismal Systems
chr_2245,"K04564  SOD2; superoxide dismutase, Fe-Mn family",05016 Huntington disease,Neurodegenerative disease,Human Diseases
chr_2246,"K11692  K11692, dctR; two-component system, CitB family, response regulator DctR",02020 Two-component system,Signal transduction,Environmental Information Processing
chr_2246,"K11692  K11692, dctR; two-component system, CitB family, response regulator DctR",02022 Two-component system,Protein families: signaling and cellular processes,Brite Hierarchies
chr_2248,"K11614  yufL, malK; two-component system, CitB family, sensor histidine kinase MalK",02020 Two-component system,Signal transduction,Environmental Information Processing
chr_2248,"K11614  yufL, malK; two-component system, CitB family, sensor histidine kinase MalK",02022 Two-component system,Protein families: signaling and cellular processes,Brite Hierarchies
chr_2248,"K11614  yufL, malK; two-component system, CitB family, sensor histidine kinase MalK",01001 Protein kinases,Protein families: metabolism,Brite Hierarchies
chr_2250,"K00276  AOC3, AOC2, tynA; primary-amine oxidase",00950 Isoquinoline alkaloid biosynthesis,Biosynthesis of other secondary metabolites,Metabolism
chr_2250,"K00276  AOC3, AOC2, tynA; primary-amine oxidase",00360 Phenylalanine metabolism,Amino acid metabolism,Metabolism
chr_2250,"K00276  AOC3, AOC2, tynA; primary-amine oxidase",00350 Tyrosine metabolism,Amino acid metabolism,Metabolism
chr_2250,"K00276  AOC3, AOC2, tynA; primary-amine oxidase","00960 Tropane, piperidine and pyridine alkaloid biosynthesis",Biosynthesis of other secondary metabolites,Metabolism
chr_2250,"K00276  AOC3, AOC2, tynA; primary-amine oxidase",00410 beta-Alanine metabolism,Metabolism of other amino acids,Metabolism
chr_2250,"K00276  AOC3, AOC2, tynA; primary-amine oxidase","00260 Glycine, serine and threonine metabolism",Amino acid metabolism,Metabolism
chr_2253,"K01580  E4.1.1.15, gadB, gadA, GAD; glutamate decarboxylase",00410 beta-Alanine metabolism,Metabolism of other amino acids,Metabolism
chr_2253,"K01580  E4.1.1.15, gadB, gadA, GAD; glutamate decarboxylase",00650 Butanoate metabolism,Carbohydrate metabolism,Metabolism
chr_2253,"K01580  E4.1.1.15, gadB, gadA, GAD; glutamate decarboxylase",00430 Taurine and hypotaurine metabolism,Metabolism of other amino acids,Metabolism
chr_2253,"K01580  E4.1.1.15, gadB, gadA, GAD; glutamate decarboxylase","00250 Alanine, aspartate and glutamate metabolism",Amino acid metabolism,Metabolism
chr_2253,"K01580  E4.1.1.15, gadB, gadA, GAD; glutamate decarboxylase",02024 Quorum sensing,Cellular community - prokaryotes,Cellular Processes
chr_2253,"K01580  E4.1.1.15, gadB, gadA, GAD; glutamate decarboxylase",04727 GABAergic synapse,Nervous system,Organismal Systems
chr_2253,"K01580  E4.1.1.15, gadB, gadA, GAD; glutamate decarboxylase",04940 Type I diabetes mellitus,Endocrine and metabolic disease,Human Diseases
chr_2257,"K13641  iclR; IclR family transcriptional regulator, acetate operon repressor",03000 Transcription factors,Protein families: genetic information processing,Brite Hierarchies
chr_2259,K19709  ydiF; acetate CoA-transferase,00627 Aminobenzoate degradation,Xenobiotics biodegradation and metabolism,Metabolism
chr_2259,K19709  ydiF; acetate CoA-transferase,00640 Propanoate metabolism,Carbohydrate metabolism,Metabolism
chr_2259,K19709  ydiF; acetate CoA-transferase,00650 Butanoate metabolism,Carbohydrate metabolism,Metabolism
chr_2262,K01715  crt; enoyl-CoA hydratase,00650 Butanoate metabolism,Carbohydrate metabolism,Metabolism
chr_2263,"K22540  HTD2; 3-hydroxyacyl-thioester dehydratase, animal type",00061 Fatty acid biosynthesis,Lipid metabolism,Metabolism
chr_2265,"K00001  E1.1.1.1, adh; alcohol dehydrogenase",00830 Retinol metabolism,Metabolism of cofactors and vitamins,Metabolism
chr_2265,"K00001  E1.1.1.1, adh; alcohol dehydrogenase",00350 Tyrosine metabolism,Amino acid metabolism,Metabolism
chr_2265,"K00001  E1.1.1.1, adh; alcohol dehydrogenase",00626 Naphthalene degradation,Xenobiotics biodegradation and metabolism,Metabolism
chr_2265,"K00001  E1.1.1.1, adh; alcohol dehydrogenase",00010 Glycolysis / Gluconeogenesis,Carbohydrate metabolism,Metabolism
chr_2265,"K00001  E1.1.1.1, adh; alcohol dehydrogenase",00980 Metabolism of xenobiotics by cytochrome P450,Xenobiotics biodegradation and metabolism,Metabolism
chr_2265,"K00001  E1.1.1.1, adh; alcohol dehydrogenase",00982 Drug metabolism - cytochrome P450,Xenobiotics biodegradation and metabolism,Metabolism
chr_2265,"K00001  E1.1.1.1, adh; alcohol dehydrogenase",00625 Chloroalkane and chloroalkene degradation,Xenobiotics biodegradation and metabolism,Metabolism
chr_2265,"K00001  E1.1.1.1, adh; alcohol dehydrogenase",00071 Fatty acid degradation,Lipid metabolism,Metabolism
chr_2266,K01561  dehH; haloacetate dehalogenase,00361 Chlorocyclohexane and chlorobenzene degradation,Xenobiotics biodegradation and metabolism,Metabolism
chr_2266,K01561  dehH; haloacetate dehalogenase,00625 Chloroalkane and chloroalkene degradation,Xenobiotics biodegradation and metabolism,Metabolism
chr_2298,K06959  tex; protein Tex,99973 Transcription,Unclassified: genetic information processing,Not Included in Pathway or Brite
chr_2305,K07273  acm; lysozyme,99992 Structural proteins,Unclassified: signaling and cellular processes,Not Included in Pathway or Brite
chr_2312,"K22107  kstR; TetR/AcrR family transcriptional regulator, cholesterol catabolism regulator",03000 Transcription factors,Protein families: genetic information processing,Brite Hierarchies
chr_2328,"K00626  E2.3.1.9, atoB; acetyl-CoA C-acetyltransferase",00650 Butanoate metabolism,Carbohydrate metabolism,Metabolism
chr_2328,"K00626  E2.3.1.9, atoB; acetyl-CoA C-acetyltransferase",00630 Glyoxylate and dicarboxylate metabolism,Carbohydrate metabolism,Metabolism
chr_2328,"K00626  E2.3.1.9, atoB; acetyl-CoA C-acetyltransferase",00071 Fatty acid degradation,Lipid metabolism,Metabolism
chr_2328,"K00626  E2.3.1.9, atoB; acetyl-CoA C-acetyltransferase",00900 Terpenoid backbone biosynthesis,Metabolism of terpenoids and polyketides,Metabolism
chr_2328,"K00626  E2.3.1.9, atoB; acetyl-CoA C-acetyltransferase",00072 Synthesis and degradation of ketone bodies,Lipid metabolism,Metabolism
chr_2328,"K00626  E2.3.1.9, atoB; acetyl-CoA C-acetyltransferase",00640 Propanoate metabolism,Carbohydrate metabolism,Metabolism
chr_2328,"K00626  E2.3.1.9, atoB; acetyl-CoA C-acetyltransferase",00620 Pyruvate metabolism,Carbohydrate metabolism,Metabolism
chr_2328,"K00626  E2.3.1.9, atoB; acetyl-CoA C-acetyltransferase",00310 Lysine degradation,Amino acid metabolism,Metabolism
chr_2328,"K00626  E2.3.1.9, atoB; acetyl-CoA C-acetyltransferase",00720 Carbon fixation pathways in prokaryotes,Energy metabolism,Metabolism
chr_2328,"K00626  E2.3.1.9, atoB; acetyl-CoA C-acetyltransferase",00380 Tryptophan metabolism,Amino acid metabolism,Metabolism
chr_2328,"K00626  E2.3.1.9, atoB; acetyl-CoA C-acetyltransferase","00280 Valine, leucine and isoleucine degradation",Amino acid metabolism,Metabolism
chr_2328,"K00626  E2.3.1.9, atoB; acetyl-CoA C-acetyltransferase",00362 Benzoate degradation,Xenobiotics biodegradation and metabolism,Metabolism
chr_2328,"K00626  E2.3.1.9, atoB; acetyl-CoA C-acetyltransferase",02020 Two-component system,Signal transduction,Environmental Information Processing
chr_2328,"K00626  E2.3.1.9, atoB; acetyl-CoA C-acetyltransferase",04147 Exosome,Protein families: signaling and cellular processes,Brite Hierarchies
chr_2330,K15981  CYP125A; cholest-4-en-3-one 26-monooxygenase,00984 Steroid degradation,Xenobiotics biodegradation and metabolism,Metabolism
chr_2330,K15981  CYP125A; cholest-4-en-3-one 26-monooxygenase,00199 Cytochrome P450,Protein families: metabolism,Brite Hierarchies
chr_2331,K01822  E5.3.3.1; steroid Delta-isomerase,00984 Steroid degradation,Xenobiotics biodegradation and metabolism,Metabolism
chr_2331,K01822  E5.3.3.1; steroid Delta-isomerase,00140 Steroid hormone biosynthesis,Lipid metabolism,Metabolism
chr_2333,"K00626  E2.3.1.9, atoB; acetyl-CoA C-acetyltransferase",00650 Butanoate metabolism,Carbohydrate metabolism,Metabolism
chr_2333,"K00626  E2.3.1.9, atoB; acetyl-CoA C-acetyltransferase",00630 Glyoxylate and dicarboxylate metabolism,Carbohydrate metabolism,Metabolism
chr_2333,"K00626  E2.3.1.9, atoB; acetyl-CoA C-acetyltransferase",00071 Fatty acid degradation,Lipid metabolism,Metabolism
chr_2333,"K00626  E2.3.1.9, atoB; acetyl-CoA C-acetyltransferase",00900 Terpenoid backbone biosynthesis,Metabolism of terpenoids and polyketides,Metabolism
chr_2333,"K00626  E2.3.1.9, atoB; acetyl-CoA C-acetyltransferase",00072 Synthesis and degradation of ketone bodies,Lipid metabolism,Metabolism
chr_2333,"K00626  E2.3.1.9, atoB; acetyl-CoA C-acetyltransferase",00640 Propanoate metabolism,Carbohydrate metabolism,Metabolism
chr_2333,"K00626  E2.3.1.9, atoB; acetyl-CoA C-acetyltransferase",00620 Pyruvate metabolism,Carbohydrate metabolism,Metabolism
chr_2333,"K00626  E2.3.1.9, atoB; acetyl-CoA C-acetyltransferase",00310 Lysine degradation,Amino acid metabolism,Metabolism
chr_2333,"K00626  E2.3.1.9, atoB; acetyl-CoA C-acetyltransferase",00720 Carbon fixation pathways in prokaryotes,Energy metabolism,Metabolism
chr_2333,"K00626  E2.3.1.9, atoB; acetyl-CoA C-acetyltransferase",00380 Tryptophan metabolism,Amino acid metabolism,Metabolism
chr_2333,"K00626  E2.3.1.9, atoB; acetyl-CoA C-acetyltransferase","00280 Valine, leucine and isoleucine degradation",Amino acid metabolism,Metabolism
chr_2333,"K00626  E2.3.1.9, atoB; acetyl-CoA C-acetyltransferase",00362 Benzoate degradation,Xenobiotics biodegradation and metabolism,Metabolism
chr_2333,"K00626  E2.3.1.9, atoB; acetyl-CoA C-acetyltransferase",02020 Two-component system,Signal transduction,Environmental Information Processing
chr_2333,"K00626  E2.3.1.9, atoB; acetyl-CoA C-acetyltransferase",04147 Exosome,Protein families: signaling and cellular processes,Brite Hierarchies
chr_2334,K07068  K07068; uncharacterized protein,99997 Function unknown,Poorly characterized,Not Included in Pathway or Brite
chr_2337,K18688  fadD19; 3-oxocholest-4-en-26-oate---CoA ligase,99980 Enzymes with EC numbers,Unclassified: metabolism,Not Included in Pathway or Brite
chr_2342,K22819  fadE27; 3-oxocholest-4-en-26-oyl-CoA dehydrogenase beta subunit,99980 Enzymes with EC numbers,Unclassified: metabolism,Not Included in Pathway or Brite
chr_2343,K22818  fadE26; 3-oxocholest-4-en-26-oyl-CoA dehydrogenase alpha subunit,99980 Enzymes with EC numbers,Unclassified: metabolism,Not Included in Pathway or Brite
chr_2347,"K04043  dnaK, HSPA9; molecular chaperone DnaK",03018 RNA degradation,"Folding, sorting and degradation",Genetic Information Processing
chr_2347,"K04043  dnaK, HSPA9; molecular chaperone DnaK",04212 Longevity regulating pathway - worm,Aging,Organismal Systems
chr_2347,"K04043  dnaK, HSPA9; molecular chaperone DnaK",05152 Tuberculosis,Infectious disease: bacterial,Human Diseases
chr_2347,"K04043  dnaK, HSPA9; molecular chaperone DnaK",04147 Exosome,Protein families: signaling and cellular processes,Brite Hierarchies
chr_2347,"K04043  dnaK, HSPA9; molecular chaperone DnaK",03110 Chaperones and folding catalysts,Protein families: genetic information processing,Brite Hierarchies
chr_2347,"K04043  dnaK, HSPA9; molecular chaperone DnaK",03029 Mitochondrial biogenesis,Protein families: genetic information processing,Brite Hierarchies
chr_2347,"K04043  dnaK, HSPA9; molecular chaperone DnaK",03019 Messenger RNA biogenesis,Protein families: genetic information processing,Brite Hierarchies
chr_2348,K17836  penP; beta-lactamase class A,00311 Penicillin and cephalosporin biosynthesis,Biosynthesis of other secondary metabolites,Metabolism
chr_2348,K17836  penP; beta-lactamase class A,01501 beta-Lactam resistance,Drug resistance: antimicrobial,Human Diseases
chr_2348,K17836  penP; beta-lactamase class A,01504 Antimicrobial resistance genes,Protein families: signaling and cellular processes,Brite Hierarchies
chr_2360,K03701  uvrA; excinuclease ABC subunit A,03420 Nucleotide excision repair,Replication and repair,Genetic Information Processing
chr_2360,K03701  uvrA; excinuclease ABC subunit A,03400 DNA repair and recombination proteins,Protein families: genetic information processing,Brite Hierarchies
chr_2370,"K19333  kdgR; IclR family transcriptional regulator, KDG regulon repressor",03000 Transcription factors,Protein families: genetic information processing,Brite Hierarchies
chr_2371,"K09022  ridA, tdcF, RIDA; 2-iminobutanoate/2-iminopropanoate deaminase",99980 Enzymes with EC numbers,Unclassified: metabolism,Not Included in Pathway or Brite
chr_2376,"K02520  infC, MTIF3; translation initiation factor IF-3",03012 Translation factors,Protein families: genetic information processing,Brite Hierarchies
chr_2376,"K02520  infC, MTIF3; translation initiation factor IF-3",03029 Mitochondrial biogenesis,Protein families: genetic information processing,Brite Hierarchies
chr_2377,"K02916  RP-L35, MRPL35, rpmI; large subunit ribosomal protein L35",03010 Ribosome,Translation,Genetic Information Processing
chr_2377,"K02916  RP-L35, MRPL35, rpmI; large subunit ribosomal protein L35",03011 Ribosome,Protein families: genetic information processing,Brite Hierarchies
chr_2378,"K02887  RP-L20, MRPL20, rplT; large subunit ribosomal protein L20",03010 Ribosome,Translation,Genetic Information Processing
chr_2378,"K02887  RP-L20, MRPL20, rplT; large subunit ribosomal protein L20",03011 Ribosome,Protein families: genetic information processing,Brite Hierarchies
chr_2379,"K03437  spoU; RNA methyltransferase, TrmH family",03016 Transfer RNA biogenesis,Protein families: genetic information processing,Brite Hierarchies
chr_2380,"K01889  FARSA, pheS; phenylalanyl-tRNA synthetase alpha chain",00970 Aminoacyl-tRNA biosynthesis,Translation,Genetic Information Processing
chr_2380,"K01889  FARSA, pheS; phenylalanyl-tRNA synthetase alpha chain",03016 Transfer RNA biogenesis,Protein families: genetic information processing,Brite Hierarchies
chr_2380,"K01889  FARSA, pheS; phenylalanyl-tRNA synthetase alpha chain",01007 Amino acid related enzymes,Protein families: metabolism,Brite Hierarchies
chr_2381,"K01890  FARSB, pheT; phenylalanyl-tRNA synthetase beta chain",00970 Aminoacyl-tRNA biosynthesis,Translation,Genetic Information Processing
chr_2381,"K01890  FARSB, pheT; phenylalanyl-tRNA synthetase beta chain",03016 Transfer RNA biogenesis,Protein families: genetic information processing,Brite Hierarchies
chr_2381,"K01890  FARSB, pheT; phenylalanyl-tRNA synthetase beta chain",01007 Amino acid related enzymes,Protein families: metabolism,Brite Hierarchies
chr_2383,K00285  dadA; D-amino-acid dehydrogenase,00360 Phenylalanine metabolism,Amino acid metabolism,Metabolism
chr_2393,K00145  argC; N-acetyl-gamma-glutamyl-phosphate reductase,00220 Arginine biosynthesis,Amino acid metabolism,Metabolism
chr_2395,K00620  argJ; glutamate N-acetyltransferase / amino-acid N-acetyltransferase,00220 Arginine biosynthesis,Amino acid metabolism,Metabolism
chr_2396,K00930  argB; acetylglutamate kinase,00220 Arginine biosynthesis,Amino acid metabolism,Metabolism
chr_2397,K00821  argD; acetylornithine/N-succinyldiaminopimelate aminotransferase,00300 Lysine biosynthesis,Amino acid metabolism,Metabolism
chr_2397,K00821  argD; acetylornithine/N-succinyldiaminopimelate aminotransferase,00220 Arginine biosynthesis,Amino acid metabolism,Metabolism
chr_2397,K00821  argD; acetylornithine/N-succinyldiaminopimelate aminotransferase,01007 Amino acid related enzymes,Protein families: metabolism,Brite Hierarchies
chr_2398,"K00611  OTC, argF, argI; ornithine carbamoyltransferase",00220 Arginine biosynthesis,Amino acid metabolism,Metabolism
chr_2399,"K03402  argR, ahrC; transcriptional regulator of arginine metabolism",03000 Transcription factors,Protein families: genetic information processing,Brite Hierarchies
chr_2401,"K01755  argH, ASL; argininosuccinate lyase","00250 Alanine, aspartate and glutamate metabolism",Amino acid metabolism,Metabolism
chr_2401,"K01755  argH, ASL; argininosuccinate lyase",00220 Arginine biosynthesis,Amino acid metabolism,Metabolism
chr_2401,"K01755  argH, ASL; argininosuccinate lyase",04147 Exosome,Protein families: signaling and cellular processes,Brite Hierarchies
chr_2402,K03652  MPG; DNA-3-methyladenine glycosylase,03410 Base excision repair,Replication and repair,Genetic Information Processing
chr_2402,K03652  MPG; DNA-3-methyladenine glycosylase,03400 DNA repair and recombination proteins,Protein families: genetic information processing,Brite Hierarchies
chr_2403,"K01866  YARS, tyrS; tyrosyl-tRNA synthetase",00970 Aminoacyl-tRNA biosynthesis,Translation,Genetic Information Processing
chr_2403,"K01866  YARS, tyrS; tyrosyl-tRNA synthetase",03029 Mitochondrial biogenesis,Protein families: genetic information processing,Brite Hierarchies
chr_2403,"K01866  YARS, tyrS; tyrosyl-tRNA synthetase",01007 Amino acid related enzymes,Protein families: metabolism,Brite Hierarchies
chr_2403,"K01866  YARS, tyrS; tyrosyl-tRNA synthetase",03016 Transfer RNA biogenesis,Protein families: genetic information processing,Brite Hierarchies
chr_2406,K06117  E3.1.3.21; glycerol-1-phosphatase,00561 Glycerolipid metabolism,Lipid metabolism,Metabolism
chr_2408,K06442  tlyA; 23S rRNA (cytidine1920-2'-O)/16S rRNA (cytidine1409-2'-O)-methyltransferase,03009 Ribosome biogenesis,Protein families: genetic information processing,Brite Hierarchies
chr_2409,"K00858  ppnK, NADK; NAD+ kinase",00760 Nicotinate and nicotinamide metabolism,Metabolism of cofactors and vitamins,Metabolism
chr_2410,K03631  recN; DNA repair protein RecN (Recombination protein N),03400 DNA repair and recombination proteins,Protein families: genetic information processing,Brite Hierarchies
chr_2413,"K01937  pyrG, CTPS; CTP synthase",00240 Pyrimidine metabolism,Nucleotide metabolism,Metabolism
chr_2414,K01554  K01554; 8-oxo-dGDP phosphatase,03400 DNA repair and recombination proteins,Protein families: genetic information processing,Brite Hierarchies
chr_2415,K04763  xerD; integrase/recombinase XerD,03036 Chromosome and associated proteins,Protein families: genetic information processing,Brite Hierarchies
chr_2416,"K03496  parA, soj; chromosome partitioning protein",03036 Chromosome and associated proteins,Protein families: genetic information processing,Brite Hierarchies
chr_2416,"K03496  parA, soj; chromosome partitioning protein",04812 Cytoskeleton proteins,Protein families: signaling and cellular processes,Brite Hierarchies
chr_2418,K05896  scpA; segregation and condensation protein A,03036 Chromosome and associated proteins,Protein families: genetic information processing,Brite Hierarchies
chr_2419,K06024  scpB; segregation and condensation protein B,03036 Chromosome and associated proteins,Protein families: genetic information processing,Brite Hierarchies
chr_2420,K06178  rluB; 23S rRNA pseudouridine2605 synthase,03009 Ribosome biogenesis,Protein families: genetic information processing,Brite Hierarchies
chr_2422,K07228  K07228; TrkA domain protein,99994 Others,Unclassified: signaling and cellular processes,Not Included in Pathway or Brite
chr_2423,K00945  cmk; CMP/dCMP kinase,00240 Pyrimidine metabolism,Nucleotide metabolism,Metabolism
chr_2424,K00655  plsC; 1-acyl-sn-glycerol-3-phosphate acyltransferase,00561 Glycerolipid metabolism,Lipid metabolism,Metabolism
chr_2424,K00655  plsC; 1-acyl-sn-glycerol-3-phosphate acyltransferase,00564 Glycerophospholipid metabolism,Lipid metabolism,Metabolism
chr_2424,K00655  plsC; 1-acyl-sn-glycerol-3-phosphate acyltransferase,01004 Lipid biosynthesis proteins,Protein families: metabolism,Brite Hierarchies
chr_2425,"K03977  engA, der; GTPase",03009 Ribosome biogenesis,Protein families: genetic information processing,Brite Hierarchies
chr_2429,K08656  DPP9; dipeptidyl-peptidase 9,01002 Peptidases and inhibitors,Protein families: metabolism,Brite Hierarchies
chr_2436,K17623  HDHD1; pseudouridine 5'-phosphatase,01009 Protein phosphatases and associated proteins,Protein families: metabolism,Brite Hierarchies
chr_2437,"K00058  serA, PHGDH; D-3-phosphoglycerate dehydrogenase / 2-oxoglutarate reductase",00270 Cysteine and methionine metabolism,Amino acid metabolism,Metabolism
chr_2437,"K00058  serA, PHGDH; D-3-phosphoglycerate dehydrogenase / 2-oxoglutarate reductase",00680 Methane metabolism,Energy metabolism,Metabolism
chr_2437,"K00058  serA, PHGDH; D-3-phosphoglycerate dehydrogenase / 2-oxoglutarate reductase","00260 Glycine, serine and threonine metabolism",Amino acid metabolism,Metabolism
chr_2437,"K00058  serA, PHGDH; D-3-phosphoglycerate dehydrogenase / 2-oxoglutarate reductase",04147 Exosome,Protein families: signaling and cellular processes,Brite Hierarchies
chr_2438,K00862  eryA; erythritol kinase (D-erythritol 1-phosphate-forming),99980 Enzymes with EC numbers,Unclassified: metabolism,Not Included in Pathway or Brite
chr_2439,K05878  dhaK; phosphoenolpyruvate---glycerone phosphotransferase subunit DhaK,00561 Glycerolipid metabolism,Lipid metabolism,Metabolism
chr_2440,K01808  rpiB; ribose 5-phosphate isomerase B,00051 Fructose and mannose metabolism,Carbohydrate metabolism,Metabolism
chr_2440,K01808  rpiB; ribose 5-phosphate isomerase B,00710 Carbon fixation in photosynthetic organisms,Energy metabolism,Metabolism
chr_2440,K01808  rpiB; ribose 5-phosphate isomerase B,00030 Pentose phosphate pathway,Carbohydrate metabolism,Metabolism
chr_2441,K01628  fucA; L-fuculose-phosphate aldolase,00051 Fructose and mannose metabolism,Carbohydrate metabolism,Metabolism
chr_2448,"K01823  idi, IDI; isopentenyl-diphosphate Delta-isomerase",00900 Terpenoid backbone biosynthesis,Metabolism of terpenoids and polyketides,Metabolism
chr_2449,K14677  ACY1; aminoacylase,00220 Arginine biosynthesis,Amino acid metabolism,Metabolism
chr_2449,K14677  ACY1; aminoacylase,04147 Exosome,Protein families: signaling and cellular processes,Brite Hierarchies
chr_2449,K14677  ACY1; aminoacylase,01002 Peptidases and inhibitors,Protein families: metabolism,Brite Hierarchies
chr_2450,K10974  codB; cytosine permease,02000 Transporters,Protein families: signaling and cellular processes,Brite Hierarchies
chr_2453,K21061  lhpB; D-hydroxyproline dehydrogenase subunit beta,00330 Arginine and proline metabolism,Amino acid metabolism,Metabolism
chr_2454,K10814  hcnA; hydrogen cyanide synthase HcnA,00460 Cyanoamino acid metabolism,Metabolism of other amino acids,Metabolism
chr_2454,K10814  hcnA; hydrogen cyanide synthase HcnA,02042 Bacterial toxins,Protein families: signaling and cellular processes,Brite Hierarchies
chr_2455,K22549  lhpC; D-hydroxyproline dehydrogenase subunit alpha,00330 Arginine and proline metabolism,Amino acid metabolism,Metabolism
chr_2456,K21062  lhpC; 1-pyrroline-4-hydroxy-2-carboxylate deaminase,00330 Arginine and proline metabolism,Amino acid metabolism,Metabolism
chr_2457,K22548  lhpL; trans-L-3-hydroxyproline dehydratase,00330 Arginine and proline metabolism,Amino acid metabolism,Metabolism
chr_2459,K17840  aac2-I; aminoglycoside 2'-N-acetyltransferase I,01504 Antimicrobial resistance genes,Protein families: signaling and cellular processes,Brite Hierarchies
chr_2464,K09122  K09122; uncharacterized protein,99997 Function unknown,Poorly characterized,Not Included in Pathway or Brite
chr_2468,K07228  K07228; TrkA domain protein,99994 Others,Unclassified: signaling and cellular processes,Not Included in Pathway or Brite
chr_2470,K16301  efeB; deferrochelatase/peroxidase EfeB,02000 Transporters,Protein families: signaling and cellular processes,Brite Hierarchies
chr_2471,K07224  efeO; iron uptake system component EfeO,02000 Transporters,Protein families: signaling and cellular processes,Brite Hierarchies
chr_2472,"K07243  FTR, FTH1, efeU; high-affinity iron transporter",02000 Transporters,Protein families: signaling and cellular processes,Brite Hierarchies
chr_2478,K01061  E3.1.1.45; carboxymethylenebutenolidase,00364 Fluorobenzoate degradation,Xenobiotics biodegradation and metabolism,Metabolism
chr_2478,K01061  E3.1.1.45; carboxymethylenebutenolidase,00361 Chlorocyclohexane and chlorobenzene degradation,Xenobiotics biodegradation and metabolism,Metabolism
chr_2478,K01061  E3.1.1.45; carboxymethylenebutenolidase,00623 Toluene degradation,Xenobiotics biodegradation and metabolism,Metabolism
chr_2486,K17940  pqsH; 2-heptyl-3-hydroxy-4(1H)-quinolone synthase,00405 Phenazine biosynthesis,Biosynthesis of other secondary metabolites,Metabolism
chr_2486,K17940  pqsH; 2-heptyl-3-hydroxy-4(1H)-quinolone synthase,02024 Quorum sensing,Cellular community - prokaryotes,Cellular Processes
chr_2486,K17940  pqsH; 2-heptyl-3-hydroxy-4(1H)-quinolone synthase,02025 Biofilm formation - Pseudomonas aeruginosa,Cellular community - prokaryotes,Cellular Processes
chr_2489,K08296  sixA; phosphohistidine phosphatase,99980 Enzymes with EC numbers,Unclassified: metabolism,Not Included in Pathway or Brite
chr_2502,"K04567  KARS, lysS; lysyl-tRNA synthetase, class II",00970 Aminoacyl-tRNA biosynthesis,Translation,Genetic Information Processing
chr_2502,"K04567  KARS, lysS; lysyl-tRNA synthetase, class II",01007 Amino acid related enzymes,Protein families: metabolism,Brite Hierarchies
chr_2502,"K04567  KARS, lysS; lysyl-tRNA synthetase, class II",03016 Transfer RNA biogenesis,Protein families: genetic information processing,Brite Hierarchies
chr_2512,K04091  ssuD; alkanesulfonate monooxygenase,00920 Sulfur metabolism,Energy metabolism,Metabolism
chr_2513,K15553  ssuA; sulfonate transport system substrate-binding protein,00920 Sulfur metabolism,Energy metabolism,Metabolism
chr_2513,K15553  ssuA; sulfonate transport system substrate-binding protein,02010 ABC transporters,Membrane transport,Environmental Information Processing
chr_2513,K15553  ssuA; sulfonate transport system substrate-binding protein,02000 Transporters,Protein families: signaling and cellular processes,Brite Hierarchies
chr_2514,K18121  GLYR; glyoxylate/succinic semialdehyde reductase,00650 Butanoate metabolism,Carbohydrate metabolism,Metabolism
chr_2514,K18121  GLYR; glyoxylate/succinic semialdehyde reductase,00630 Glyoxylate and dicarboxylate metabolism,Carbohydrate metabolism,Metabolism
chr_2516,"K00537  arsC1, arsC; arsenate reductase (glutaredoxin)",99980 Enzymes with EC numbers,Unclassified: metabolism,Not Included in Pathway or Brite
chr_2518,K03696  clpC; ATP-dependent Clp protease ATP-binding subunit ClpC,03110 Chaperones and folding catalysts,Protein families: genetic information processing,Brite Hierarchies
chr_2526,K03654  recQ; ATP-dependent DNA helicase RecQ,03018 RNA degradation,"Folding, sorting and degradation",Genetic Information Processing
chr_2526,K03654  recQ; ATP-dependent DNA helicase RecQ,03400 DNA repair and recombination proteins,Protein families: genetic information processing,Brite Hierarchies
chr_2528,K00299  ssuE; FMN reductase,00920 Sulfur metabolism,Energy metabolism,Metabolism
chr_2528,K00299  ssuE; FMN reductase,00740 Riboflavin metabolism,Metabolism of cofactors and vitamins,Metabolism
chr_2529,"K01915  glnA, GLUL; glutamine synthetase","00250 Alanine, aspartate and glutamate metabolism",Amino acid metabolism,Metabolism
chr_2529,"K01915  glnA, GLUL; glutamine synthetase",00630 Glyoxylate and dicarboxylate metabolism,Carbohydrate metabolism,Metabolism
chr_2529,"K01915  glnA, GLUL; glutamine synthetase",00910 Nitrogen metabolism,Energy metabolism,Metabolism
chr_2529,"K01915  glnA, GLUL; glutamine synthetase",00220 Arginine biosynthesis,Amino acid metabolism,Metabolism
chr_2529,"K01915  glnA, GLUL; glutamine synthetase",02020 Two-component system,Signal transduction,Environmental Information Processing
chr_2529,"K01915  glnA, GLUL; glutamine synthetase",04217 Necroptosis,Cell growth and death,Cellular Processes
chr_2529,"K01915  glnA, GLUL; glutamine synthetase",04727 GABAergic synapse,Nervous system,Organismal Systems
chr_2529,"K01915  glnA, GLUL; glutamine synthetase",04724 Glutamatergic synapse,Nervous system,Organismal Systems
chr_2529,"K01915  glnA, GLUL; glutamine synthetase",04147 Exosome,Protein families: signaling and cellular processes,Brite Hierarchies
chr_2533,"K11263  bccA, pccA; acetyl-CoA/propionyl-CoA carboxylase, biotin carboxylase, biotin carboxyl carrier protein",00620 Pyruvate metabolism,Carbohydrate metabolism,Metabolism
chr_2533,"K11263  bccA, pccA; acetyl-CoA/propionyl-CoA carboxylase, biotin carboxylase, biotin carboxyl carrier protein",00640 Propanoate metabolism,Carbohydrate metabolism,Metabolism
chr_2533,"K11263  bccA, pccA; acetyl-CoA/propionyl-CoA carboxylase, biotin carboxylase, biotin carboxyl carrier protein","00280 Valine, leucine and isoleucine degradation",Amino acid metabolism,Metabolism
chr_2533,"K11263  bccA, pccA; acetyl-CoA/propionyl-CoA carboxylase, biotin carboxylase, biotin carboxyl carrier protein",00061 Fatty acid biosynthesis,Lipid metabolism,Metabolism
chr_2533,"K11263  bccA, pccA; acetyl-CoA/propionyl-CoA carboxylase, biotin carboxylase, biotin carboxyl carrier protein",00630 Glyoxylate and dicarboxylate metabolism,Carbohydrate metabolism,Metabolism
chr_2538,K07491  K07491; putative transposase,99976 Replication and repair,Unclassified: genetic information processing,Not Included in Pathway or Brite
chr_2539,K07496  K07496; putative transposase,99976 Replication and repair,Unclassified: genetic information processing,Not Included in Pathway or Brite
chr_2543,"K05799  pdhR; GntR family transcriptional regulator, transcriptional repressor for pyruvate dehydrogenase complex",03000 Transcription factors,Protein families: genetic information processing,Brite Hierarchies
chr_2545,K07045  K07045; uncharacterized protein,99997 Function unknown,Poorly characterized,Not Included in Pathway or Brite
chr_2554,"K00615  E2.2.1.1, tktA, tktB; transketolase",00710 Carbon fixation in photosynthetic organisms,Energy metabolism,Metabolism
chr_2554,"K00615  E2.2.1.1, tktA, tktB; transketolase",00030 Pentose phosphate pathway,Carbohydrate metabolism,Metabolism
chr_2554,"K00615  E2.2.1.1, tktA, tktB; transketolase",01051 Biosynthesis of ansamycins,Metabolism of terpenoids and polyketides,Metabolism
chr_2556,K12256  spuC; putrescine---pyruvate transaminase,00330 Arginine and proline metabolism,Amino acid metabolism,Metabolism
chr_2556,K12256  spuC; putrescine---pyruvate transaminase,01007 Amino acid related enzymes,Protein families: metabolism,Brite Hierarchies
chr_2561,K00299  ssuE; FMN reductase,00920 Sulfur metabolism,Energy metabolism,Metabolism
chr_2561,K00299  ssuE; FMN reductase,00740 Riboflavin metabolism,Metabolism of cofactors and vitamins,Metabolism
chr_2567,"K14733  limB; limonene 1,2-monooxygenase",00903 Limonene and pinene degradation,Metabolism of terpenoids and polyketides,Metabolism
chr_2570,K06378  spoIIAA; stage II sporulation protein AA (anti-sigma F factor antagonist),99978 Cell growth,Unclassified: signaling and cellular processes,Not Included in Pathway or Brite
chr_2571,"K17686  copA, ctpA, ATP7; P-type Cu+ transporter",04016 MAPK signaling pathway - plant,Signal transduction,Environmental Information Processing
chr_2571,"K17686  copA, ctpA, ATP7; P-type Cu+ transporter",01524 Platinum drug resistance,Drug resistance: antineoplastic,Human Diseases
chr_2576,K01992  ABC-2.P; ABC-2 type transport system permease protein,02000 Transporters,Protein families: signaling and cellular processes,Brite Hierarchies
chr_2577,K13926  rbbA; ribosome-dependent ATPase,99974 Translation,Unclassified: genetic information processing,Not Included in Pathway or Brite
chr_2590,K06139  pqqE; PqqA peptide cyclase,99980 Enzymes with EC numbers,Unclassified: metabolism,Not Included in Pathway or Brite
chr_2592,K06137  pqqC; pyrroloquinoline-quinone synthase,99980 Enzymes with EC numbers,Unclassified: metabolism,Not Included in Pathway or Brite
chr_2593,K06136  pqqB; pyrroloquinoline quinone biosynthesis protein B,99996 General function prediction only,Poorly characterized,Not Included in Pathway or Brite
chr_2595,K00114  exaA; alcohol dehydrogenase (cytochrome c),00010 Glycolysis / Gluconeogenesis,Carbohydrate metabolism,Metabolism
chr_2595,K00114  exaA; alcohol dehydrogenase (cytochrome c),00625 Chloroalkane and chloroalkene degradation,Xenobiotics biodegradation and metabolism,Metabolism
chr_2603,"K08139  HXT; MFS transporter, SP family, sugar:H+ symporter",04113 Meiosis - yeast,Cell growth and death,Cellular Processes
chr_2603,"K08139  HXT; MFS transporter, SP family, sugar:H+ symporter",02000 Transporters,Protein families: signaling and cellular processes,Brite Hierarchies
chr_2611,K01356  lexA; repressor LexA,03400 DNA repair and recombination proteins,Protein families: genetic information processing,Brite Hierarchies
chr_2611,K01356  lexA; repressor LexA,01002 Peptidases and inhibitors,Protein families: metabolism,Brite Hierarchies
chr_2612,K01574  adc; acetoacetate decarboxylase,00072 Synthesis and degradation of ketone bodies,Lipid metabolism,Metabolism
chr_2612,K01574  adc; acetoacetate decarboxylase,00640 Propanoate metabolism,Carbohydrate metabolism,Metabolism
chr_2616,K22468  ppk2; polyphosphate kinase,00190 Oxidative phosphorylation,Energy metabolism,Metabolism
chr_2616,K22468  ppk2; polyphosphate kinase,03018 RNA degradation,"Folding, sorting and degradation",Genetic Information Processing
chr_2616,K22468  ppk2; polyphosphate kinase,03019 Messenger RNA biogenesis,Protein families: genetic information processing,Brite Hierarchies
chr_2618,K13481  xdhA; xanthine dehydrogenase small subunit,00230 Purine metabolism,Nucleotide metabolism,Metabolism
chr_2620,"K00087  ygeS, xdhA; xanthine dehydrogenase molybdenum-binding subunit",00230 Purine metabolism,Nucleotide metabolism,Metabolism
chr_2622,K11262  ACACA; acetyl-CoA carboxylase / biotin carboxylase 1,00620 Pyruvate metabolism,Carbohydrate metabolism,Metabolism
chr_2622,K11262  ACACA; acetyl-CoA carboxylase / biotin carboxylase 1,00254 Aflatoxin biosynthesis,Biosynthesis of other secondary metabolites,Metabolism
chr_2622,K11262  ACACA; acetyl-CoA carboxylase / biotin carboxylase 1,00061 Fatty acid biosynthesis,Lipid metabolism,Metabolism
chr_2622,K11262  ACACA; acetyl-CoA carboxylase / biotin carboxylase 1,00640 Propanoate metabolism,Carbohydrate metabolism,Metabolism
chr_2622,K11262  ACACA; acetyl-CoA carboxylase / biotin carboxylase 1,04152 AMPK signaling pathway,Signal transduction,Environmental Information Processing
chr_2622,K11262  ACACA; acetyl-CoA carboxylase / biotin carboxylase 1,04922 Glucagon signaling pathway,Endocrine system,Organismal Systems
chr_2622,K11262  ACACA; acetyl-CoA carboxylase / biotin carboxylase 1,04910 Insulin signaling pathway,Endocrine system,Organismal Systems
chr_2630,K01996  livF; branched-chain amino acid transport system ATP-binding protein,02010 ABC transporters,Membrane transport,Environmental Information Processing
chr_2630,K01996  livF; branched-chain amino acid transport system ATP-binding protein,02024 Quorum sensing,Cellular community - prokaryotes,Cellular Processes
chr_2630,K01996  livF; branched-chain amino acid transport system ATP-binding protein,02000 Transporters,Protein families: signaling and cellular processes,Brite Hierarchies
chr_2633,K01998  livM; branched-chain amino acid transport system permease protein,02010 ABC transporters,Membrane transport,Environmental Information Processing
chr_2633,K01998  livM; branched-chain amino acid transport system permease protein,02024 Quorum sensing,Cellular community - prokaryotes,Cellular Processes
chr_2633,K01998  livM; branched-chain amino acid transport system permease protein,02000 Transporters,Protein families: signaling and cellular processes,Brite Hierarchies
chr_2634,K01997  livH; branched-chain amino acid transport system permease protein,02010 ABC transporters,Membrane transport,Environmental Information Processing
chr_2634,K01997  livH; branched-chain amino acid transport system permease protein,02024 Quorum sensing,Cellular community - prokaryotes,Cellular Processes
chr_2634,K01997  livH; branched-chain amino acid transport system permease protein,02000 Transporters,Protein families: signaling and cellular processes,Brite Hierarchies
chr_2635,K01999  livK; branched-chain amino acid transport system substrate-binding protein,02010 ABC transporters,Membrane transport,Environmental Information Processing
chr_2635,K01999  livK; branched-chain amino acid transport system substrate-binding protein,02024 Quorum sensing,Cellular community - prokaryotes,Cellular Processes
chr_2635,K01999  livK; branched-chain amino acid transport system substrate-binding protein,02000 Transporters,Protein families: signaling and cellular processes,Brite Hierarchies
chr_2636,"K03487  ascG; LacI family transcriptional regulator, asc operon repressor",03000 Transcription factors,Protein families: genetic information processing,Brite Hierarchies
chr_2646,"K01194  TREH, treA, treF; alpha,alpha-trehalase",00500 Starch and sucrose metabolism,Carbohydrate metabolism,Metabolism
chr_2646,"K01194  TREH, treA, treF; alpha,alpha-trehalase",00537 Glycosylphosphatidylinositol (GPI)-anchored proteins,Protein families: signaling and cellular processes,Brite Hierarchies
chr_2647,K01087  otsB; trehalose 6-phosphate phosphatase,00500 Starch and sucrose metabolism,Carbohydrate metabolism,Metabolism
chr_2650,K04656  hypF; hydrogenase maturation protein HypF,99975 Protein processing,Unclassified: genetic information processing,Not Included in Pathway or Brite
chr_2651,K04652  hypB; hydrogenase nickel incorporation protein HypB,03110 Chaperones and folding catalysts,Protein families: genetic information processing,Brite Hierarchies
chr_2652,"K04651  hypA, hybF; hydrogenase nickel incorporation protein HypA/HybF",03110 Chaperones and folding catalysts,Protein families: genetic information processing,Brite Hierarchies
chr_2653,K04655  hypE; hydrogenase expression/formation protein HypE,99975 Protein processing,Unclassified: genetic information processing,Not Included in Pathway or Brite
chr_2654,K04654  hypD; hydrogenase expression/formation protein HypD,99975 Protein processing,Unclassified: genetic information processing,Not Included in Pathway or Brite
chr_2655,"K03271  gmhA, lpcA; D-sedoheptulose 7-phosphate isomerase",00540 Lipopolysaccharide biosynthesis,Glycan biosynthesis and metabolism,Metabolism
chr_2655,"K03271  gmhA, lpcA; D-sedoheptulose 7-phosphate isomerase",01005 Lipopolysaccharide biosynthesis proteins,Protein families: metabolism,Brite Hierarchies
chr_2657,"K03271  gmhA, lpcA; D-sedoheptulose 7-phosphate isomerase",00540 Lipopolysaccharide biosynthesis,Glycan biosynthesis and metabolism,Metabolism
chr_2657,"K03271  gmhA, lpcA; D-sedoheptulose 7-phosphate isomerase",01005 Lipopolysaccharide biosynthesis proteins,Protein families: metabolism,Brite Hierarchies
chr_2664,"K06281  hyaB, hybC; hydrogenase large subunit",00633 Nitrotoluene degradation,Xenobiotics biodegradation and metabolism,Metabolism
chr_2664,"K06281  hyaB, hybC; hydrogenase large subunit",02020 Two-component system,Signal transduction,Environmental Information Processing
chr_2665,"K06282  hyaA, hybO; hydrogenase small subunit",00633 Nitrotoluene degradation,Xenobiotics biodegradation and metabolism,Metabolism
chr_2665,"K06282  hyaA, hybO; hydrogenase small subunit",02020 Two-component system,Signal transduction,Environmental Information Processing
chr_2667,"K03605  hyaD, hybD; hydrogenase maturation protease",01002 Peptidases and inhibitors,Protein families: metabolism,Brite Hierarchies
chr_2675,K07090  K07090; uncharacterized protein,99997 Function unknown,Poorly characterized,Not Included in Pathway or Brite
chr_2693,K03791  K03791; putative chitinase,99996 General function prediction only,Poorly characterized,Not Included in Pathway or Brite
chr_2730,K03111  ssb; single-strand DNA-binding protein,03430 Mismatch repair,Replication and repair,Genetic Information Processing
chr_2730,K03111  ssb; single-strand DNA-binding protein,03030 DNA replication,Replication and repair,Genetic Information Processing
chr_2730,K03111  ssb; single-strand DNA-binding protein,03440 Homologous recombination,Replication and repair,Genetic Information Processing
chr_2730,K03111  ssb; single-strand DNA-binding protein,03029 Mitochondrial biogenesis,Protein families: genetic information processing,Brite Hierarchies
chr_2730,K03111  ssb; single-strand DNA-binding protein,03400 DNA repair and recombination proteins,Protein families: genetic information processing,Brite Hierarchies
chr_2730,K03111  ssb; single-strand DNA-binding protein,03032 DNA replication proteins,Protein families: genetic information processing,Brite Hierarchies
chr_2746,K02364  entF; enterobactin synthetase component F,01053 Biosynthesis of siderophore group nonribosomal peptides,Metabolism of terpenoids and polyketides,Metabolism
chr_2746,K02364  entF; enterobactin synthetase component F,01008 Polyketide biosynthesis proteins,Protein families: metabolism,Brite Hierarchies
chr_2750,"K18009  budC; meso-butanediol dehydrogenase / (S,S)-butanediol dehydrogenase / diacetyl reductase",00650 Butanoate metabolism,Carbohydrate metabolism,Metabolism
chr_2755,K03704  cspA; cold shock protein,99973 Transcription,Unclassified: genetic information processing,Not Included in Pathway or Brite
chr_2757,K00540  fqr; F420H(2)-dependent quinone reductase,99980 Enzymes with EC numbers,Unclassified: metabolism,Not Included in Pathway or Brite
chr_2761,K02379  fdhD; FdhD protein,99982 Energy metabolism,Unclassified: metabolism,Not Included in Pathway or Brite
chr_2768,"K10112  msmX, msmK, malK, sugC, ggtA, msiK; multiple sugar transport system ATP-binding protein",02010 ABC transporters,Membrane transport,Environmental Information Processing
chr_2768,"K10112  msmX, msmK, malK, sugC, ggtA, msiK; multiple sugar transport system ATP-binding protein",02000 Transporters,Protein families: signaling and cellular processes,Brite Hierarchies
chr_2769,K05813  ugpB; sn-glycerol 3-phosphate transport system substrate-binding protein,02010 ABC transporters,Membrane transport,Environmental Information Processing
chr_2769,K05813  ugpB; sn-glycerol 3-phosphate transport system substrate-binding protein,02000 Transporters,Protein families: signaling and cellular processes,Brite Hierarchies
chr_2770,"K03651  cpdA; 3',5'-cyclic-AMP phosphodiesterase",00230 Purine metabolism,Nucleotide metabolism,Metabolism
chr_2770,"K03651  cpdA; 3',5'-cyclic-AMP phosphodiesterase",02025 Biofilm formation - Pseudomonas aeruginosa,Cellular community - prokaryotes,Cellular Processes
chr_2771,K02025  ABC.MS.P; multiple sugar transport system permease protein,02000 Transporters,Protein families: signaling and cellular processes,Brite Hierarchies
chr_2772,K05815  ugpE; sn-glycerol 3-phosphate transport system permease protein,02010 ABC transporters,Membrane transport,Environmental Information Processing
chr_2772,K05815  ugpE; sn-glycerol 3-phosphate transport system permease protein,02000 Transporters,Protein families: signaling and cellular processes,Brite Hierarchies
chr_2776,"K22297  furA; Fur family transcriptional regulator, stress-responsive regulator",03000 Transcription factors,Protein families: genetic information processing,Brite Hierarchies
chr_2777,K03782  katG; catalase-peroxidase,00360 Phenylalanine metabolism,Amino acid metabolism,Metabolism
chr_2777,K03782  katG; catalase-peroxidase,00983 Drug metabolism - other enzymes,Xenobiotics biodegradation and metabolism,Metabolism
chr_2777,K03782  katG; catalase-peroxidase,00940 Phenylpropanoid biosynthesis,Biosynthesis of other secondary metabolites,Metabolism
chr_2777,K03782  katG; catalase-peroxidase,00380 Tryptophan metabolism,Amino acid metabolism,Metabolism
chr_2784,"K17686  copA, ctpA, ATP7; P-type Cu+ transporter",04016 MAPK signaling pathway - plant,Signal transduction,Environmental Information Processing
chr_2784,"K17686  copA, ctpA, ATP7; P-type Cu+ transporter",01524 Platinum drug resistance,Drug resistance: antineoplastic,Human Diseases
chr_2805,"K15735  csiR; GntR family transcriptional regulator, carbon starvation induced regulator",03000 Transcription factors,Protein families: genetic information processing,Brite Hierarchies
chr_2813,K02337  dnaE; DNA polymerase III subunit alpha,03430 Mismatch repair,Replication and repair,Genetic Information Processing
chr_2813,K02337  dnaE; DNA polymerase III subunit alpha,03440 Homologous recombination,Replication and repair,Genetic Information Processing
chr_2813,K02337  dnaE; DNA polymerase III subunit alpha,03030 DNA replication,Replication and repair,Genetic Information Processing
chr_2813,K02337  dnaE; DNA polymerase III subunit alpha,03032 DNA replication proteins,Protein families: genetic information processing,Brite Hierarchies
chr_2813,K02337  dnaE; DNA polymerase III subunit alpha,03400 DNA repair and recombination proteins,Protein families: genetic information processing,Brite Hierarchies
chr_2814,K12242  pchC; pyochelin biosynthetic protein PchC,01008 Polyketide biosynthesis proteins,Protein families: metabolism,Brite Hierarchies
chr_2818,K01935  bioD; dethiobiotin synthetase,00780 Biotin metabolism,Metabolism of cofactors and vitamins,Metabolism
chr_2819,K00652  bioF; 8-amino-7-oxononanoate synthase,00780 Biotin metabolism,Metabolism of cofactors and vitamins,Metabolism
chr_2819,K00652  bioF; 8-amino-7-oxononanoate synthase,01007 Amino acid related enzymes,Protein families: metabolism,Brite Hierarchies
chr_2820,K00833  bioA; adenosylmethionine---8-amino-7-oxononanoate aminotransferase,00780 Biotin metabolism,Metabolism of cofactors and vitamins,Metabolism
chr_2820,K00833  bioA; adenosylmethionine---8-amino-7-oxononanoate aminotransferase,01007 Amino acid related enzymes,Protein families: metabolism,Brite Hierarchies
chr_2821,K01012  bioB; biotin synthase,00780 Biotin metabolism,Metabolism of cofactors and vitamins,Metabolism
chr_2822,"K18476  tetR; TetR/AcrR family transcriptional regulator, tetracycline repressor protein",03000 Transcription factors,Protein families: genetic information processing,Brite Hierarchies
chr_2823,K13015  wbpA; UDP-N-acetyl-D-glucosamine dehydrogenase,00520 Amino sugar and nucleotide sugar metabolism,Carbohydrate metabolism,Metabolism
chr_2823,K13015  wbpA; UDP-N-acetyl-D-glucosamine dehydrogenase,01005 Lipopolysaccharide biosynthesis proteins,Protein families: metabolism,Brite Hierarchies
chr_2829,"K13017  wbpE, wlbC; UDP-2-acetamido-2-deoxy-ribo-hexuluronate aminotransferase",00520 Amino sugar and nucleotide sugar metabolism,Carbohydrate metabolism,Metabolism
chr_2829,"K13017  wbpE, wlbC; UDP-2-acetamido-2-deoxy-ribo-hexuluronate aminotransferase",01005 Lipopolysaccharide biosynthesis proteins,Protein families: metabolism,Brite Hierarchies
chr_2829,"K13017  wbpE, wlbC; UDP-2-acetamido-2-deoxy-ribo-hexuluronate aminotransferase",01007 Amino acid related enzymes,Protein families: metabolism,Brite Hierarchies
chr_2833,K07032  K07032; uncharacterized protein,99997 Function unknown,Poorly characterized,Not Included in Pathway or Brite
chr_2836,K01990  ABC-2.A; ABC-2 type transport system ATP-binding protein,02000 Transporters,Protein families: signaling and cellular processes,Brite Hierarchies
chr_2844,K23124  pxpC; 5-oxoprolinase (ATP-hydrolysing) subunit C,00480 Glutathione metabolism,Metabolism of other amino acids,Metabolism
chr_2846,K07160  pxpA; 5-oxoprolinase (ATP-hydrolysing) subunit A,00480 Glutathione metabolism,Metabolism of other amino acids,Metabolism
chr_2849,K10907  K10907; aminotransferase,01007 Amino acid related enzymes,Protein families: metabolism,Brite Hierarchies
chr_2851,K00135  gabD; succinate-semialdehyde dehydrogenase / glutarate-semialdehyde dehydrogenase,"00250 Alanine, aspartate and glutamate metabolism",Amino acid metabolism,Metabolism
chr_2851,K00135  gabD; succinate-semialdehyde dehydrogenase / glutarate-semialdehyde dehydrogenase,00760 Nicotinate and nicotinamide metabolism,Metabolism of cofactors and vitamins,Metabolism
chr_2851,K00135  gabD; succinate-semialdehyde dehydrogenase / glutarate-semialdehyde dehydrogenase,00350 Tyrosine metabolism,Amino acid metabolism,Metabolism
chr_2851,K00135  gabD; succinate-semialdehyde dehydrogenase / glutarate-semialdehyde dehydrogenase,00650 Butanoate metabolism,Carbohydrate metabolism,Metabolism
chr_2851,K00135  gabD; succinate-semialdehyde dehydrogenase / glutarate-semialdehyde dehydrogenase,00310 Lysine degradation,Amino acid metabolism,Metabolism
chr_2852,"K19577  ydhP; MFS transporter, DHA1 family, inner membrane transport protein",02000 Transporters,Protein families: signaling and cellular processes,Brite Hierarchies
chr_2854,K01854  glf; UDP-galactopyranose mutase,00052 Galactose metabolism,Carbohydrate metabolism,Metabolism
chr_2854,K01854  glf; UDP-galactopyranose mutase,00520 Amino sugar and nucleotide sugar metabolism,Carbohydrate metabolism,Metabolism
chr_2858,K01695  trpA; tryptophan synthase alpha chain,"00400 Phenylalanine, tyrosine and tryptophan biosynthesis",Amino acid metabolism,Metabolism
chr_2858,K01695  trpA; tryptophan synthase alpha chain,"00260 Glycine, serine and threonine metabolism",Amino acid metabolism,Metabolism
chr_2862,"K00249  ACADM, acd; acyl-CoA dehydrogenase",00071 Fatty acid degradation,Lipid metabolism,Metabolism
chr_2862,"K00249  ACADM, acd; acyl-CoA dehydrogenase","00280 Valine, leucine and isoleucine degradation",Amino acid metabolism,Metabolism
chr_2862,"K00249  ACADM, acd; acyl-CoA dehydrogenase",03320 PPAR signaling pathway,Endocrine system,Organismal Systems
chr_2868,K06889  K06889; uncharacterized protein,99997 Function unknown,Poorly characterized,Not Included in Pathway or Brite
chr_2871,K07485  K07485; transposase,99976 Replication and repair,Unclassified: genetic information processing,Not Included in Pathway or Brite
chr_2874,"K03762  proP; MFS transporter, MHS family, proline/betaine transporter",02000 Transporters,Protein families: signaling and cellular processes,Brite Hierarchies
chr_2877,K07734  paiB; transcriptional regulator,03000 Transcription factors,Protein families: genetic information processing,Brite Hierarchies
chr_2880,K00622  nat; arylamine N-acetyltransferase,00633 Nitrotoluene degradation,Xenobiotics biodegradation and metabolism,Metabolism
chr_2880,K00622  nat; arylamine N-acetyltransferase,00983 Drug metabolism - other enzymes,Xenobiotics biodegradation and metabolism,Metabolism
chr_2880,K00622  nat; arylamine N-acetyltransferase,00232 Caffeine metabolism,Biosynthesis of other secondary metabolites,Metabolism
chr_2880,K00622  nat; arylamine N-acetyltransferase,05204 Chemical carcinogenesis,Cancer: overview,Human Diseases
chr_2881,K22270  nagX; 3-hydroxybenzoate 6-monooxygenase,00362 Benzoate degradation,Xenobiotics biodegradation and metabolism,Metabolism
chr_2882,K11646  K11646; 3-dehydroquinate synthase II,"00400 Phenylalanine, tyrosine and tryptophan biosynthesis",Amino acid metabolism,Metabolism
chr_2883,"K08321  lsrF; 3-hydroxy-5-phosphonooxypentane-2,4-dione thiolase",02024 Quorum sensing,Cellular community - prokaryotes,Cellular Processes
chr_2887,"K07692  degU; two-component system, NarL family, response regulator DegU",02020 Two-component system,Signal transduction,Environmental Information Processing
chr_2887,"K07692  degU; two-component system, NarL family, response regulator DegU",02024 Quorum sensing,Cellular community - prokaryotes,Cellular Processes
chr_2887,"K07692  degU; two-component system, NarL family, response regulator DegU",02022 Two-component system,Protein families: signaling and cellular processes,Brite Hierarchies
chr_2893,"K05658  ABCB1, CD243; ATP-binding cassette, subfamily B (MDR/TAP), member 1",02010 ABC transporters,Membrane transport,Environmental Information Processing
chr_2893,"K05658  ABCB1, CD243; ATP-binding cassette, subfamily B (MDR/TAP), member 1",04976 Bile secretion,Digestive system,Organismal Systems
chr_2893,"K05658  ABCB1, CD243; ATP-binding cassette, subfamily B (MDR/TAP), member 1",05206 MicroRNAs in cancer,Cancer: overview,Human Diseases
chr_2893,"K05658  ABCB1, CD243; ATP-binding cassette, subfamily B (MDR/TAP), member 1",05226 Gastric cancer,Cancer: specific types,Human Diseases
chr_2893,"K05658  ABCB1, CD243; ATP-binding cassette, subfamily B (MDR/TAP), member 1",04147 Exosome,Protein families: signaling and cellular processes,Brite Hierarchies
chr_2893,"K05658  ABCB1, CD243; ATP-binding cassette, subfamily B (MDR/TAP), member 1",02000 Transporters,Protein families: signaling and cellular processes,Brite Hierarchies
chr_2893,"K05658  ABCB1, CD243; ATP-binding cassette, subfamily B (MDR/TAP), member 1",04090 CD molecules,Protein families: signaling and cellular processes,Brite Hierarchies
chr_2898,K07727  K07727; putative transcriptional regulator,03000 Transcription factors,Protein families: genetic information processing,Brite Hierarchies
chr_2900,"K15639  CYP734A1, BAS1; PHYB activation tagged suppressor 1",00905 Brassinosteroid biosynthesis,Metabolism of terpenoids and polyketides,Metabolism
chr_2900,"K15639  CYP734A1, BAS1; PHYB activation tagged suppressor 1",00199 Cytochrome P450,Protein families: metabolism,Brite Hierarchies
chr_2902,K06016  pydC; beta-ureidopropionase / N-carbamoyl-L-amino-acid hydrolase,00240 Pyrimidine metabolism,Nucleotide metabolism,Metabolism
chr_2904,"K08368  yaaU; MFS transporter, putative metabolite transport protein",02000 Transporters,Protein families: signaling and cellular processes,Brite Hierarchies
chr_2909,"K13875  K13875, araC; L-arabonate dehydrase",00053 Ascorbate and aldarate metabolism,Carbohydrate metabolism,Metabolism
chr_2923,"K01754  E4.3.1.19, ilvA, tdcB; threonine dehydratase","00260 Glycine, serine and threonine metabolism",Amino acid metabolism,Metabolism
chr_2923,"K01754  E4.3.1.19, ilvA, tdcB; threonine dehydratase","00290 Valine, leucine and isoleucine biosynthesis",Amino acid metabolism,Metabolism
chr_2925,K01473  hyuA; N-methylhydantoinase A,00330 Arginine and proline metabolism,Amino acid metabolism,Metabolism
chr_2926,K01474  hyuB; N-methylhydantoinase B,00330 Arginine and proline metabolism,Amino acid metabolism,Metabolism
chr_2927,"K08172  shiA; MFS transporter, MHS family, shikimate and dehydroshikimate transport protein",02000 Transporters,Protein families: signaling and cellular processes,Brite Hierarchies
chr_2929,"K09022  ridA, tdcF, RIDA; 2-iminobutanoate/2-iminopropanoate deaminase",99980 Enzymes with EC numbers,Unclassified: metabolism,Not Included in Pathway or Brite
chr_2931,"K03190  ureD, ureH; urease accessory protein",99975 Protein processing,Unclassified: genetic information processing,Not Included in Pathway or Brite
chr_2932,K03189  ureG; urease accessory protein,99975 Protein processing,Unclassified: genetic information processing,Not Included in Pathway or Brite
chr_2933,K03188  ureF; urease accessory protein,99975 Protein processing,Unclassified: genetic information processing,Not Included in Pathway or Brite
chr_2934,K01428  ureC; urease subunit alpha,00220 Arginine biosynthesis,Amino acid metabolism,Metabolism
chr_2934,K01428  ureC; urease subunit alpha,00230 Purine metabolism,Nucleotide metabolism,Metabolism
chr_2934,K01428  ureC; urease subunit alpha,00791 Atrazine degradation,Xenobiotics biodegradation and metabolism,Metabolism
chr_2934,K01428  ureC; urease subunit alpha,05120 Epithelial cell signaling in Helicobacter pylori infection,Infectious disease: bacterial,Human Diseases
chr_2935,K01429  ureB; urease subunit beta,00230 Purine metabolism,Nucleotide metabolism,Metabolism
chr_2935,K01429  ureB; urease subunit beta,00220 Arginine biosynthesis,Amino acid metabolism,Metabolism
chr_2935,K01429  ureB; urease subunit beta,00791 Atrazine degradation,Xenobiotics biodegradation and metabolism,Metabolism
chr_2936,K14048  ureAB; urease subunit gamma/beta,00230 Purine metabolism,Nucleotide metabolism,Metabolism
chr_2936,K14048  ureAB; urease subunit gamma/beta,00791 Atrazine degradation,Xenobiotics biodegradation and metabolism,Metabolism
chr_2936,K14048  ureAB; urease subunit gamma/beta,00220 Arginine biosynthesis,Amino acid metabolism,Metabolism
chr_2936,K14048  ureAB; urease subunit gamma/beta,05120 Epithelial cell signaling in Helicobacter pylori infection,Infectious disease: bacterial,Human Diseases
chr_2940,"K00645  fabD, MCAT, MCT1; [acyl-carrier-protein] S-malonyltransferase",00333 Prodigiosin biosynthesis,Biosynthesis of other secondary metabolites,Metabolism
chr_2940,"K00645  fabD, MCAT, MCT1; [acyl-carrier-protein] S-malonyltransferase",00061 Fatty acid biosynthesis,Lipid metabolism,Metabolism
chr_2940,"K00645  fabD, MCAT, MCT1; [acyl-carrier-protein] S-malonyltransferase",01004 Lipid biosynthesis proteins,Protein families: metabolism,Brite Hierarchies
chr_2941,"K00645  fabD, MCAT, MCT1; [acyl-carrier-protein] S-malonyltransferase",00333 Prodigiosin biosynthesis,Biosynthesis of other secondary metabolites,Metabolism
chr_2941,"K00645  fabD, MCAT, MCT1; [acyl-carrier-protein] S-malonyltransferase",00061 Fatty acid biosynthesis,Lipid metabolism,Metabolism
chr_2941,"K00645  fabD, MCAT, MCT1; [acyl-carrier-protein] S-malonyltransferase",01004 Lipid biosynthesis proteins,Protein families: metabolism,Brite Hierarchies
chr_2942,K12436  pks12; polyketide synthase 12,01004 Lipid biosynthesis proteins,Protein families: metabolism,Brite Hierarchies
chr_2948,K18703  SUGCT; succinate---hydroxymethylglutarate CoA-transferase,99980 Enzymes with EC numbers,Unclassified: metabolism,Not Included in Pathway or Brite
chr_2953,K19548  bacC; dihydroanticapsin dehydrogenase,00998 Biosynthesis of secondary metabolites - other antibiotics,Biosynthesis of other secondary metabolites,Metabolism
chr_2955,"K13783  SLC37A1_2; MFS transporter, OPA family, solute carrier family 37 (glycerol-3-phosphate transporter), member 1/2",02000 Transporters,Protein families: signaling and cellular processes,Brite Hierarchies
chr_2960,"K03521  fixA, etfB; electron transfer flavoprotein beta subunit",99982 Energy metabolism,Unclassified: metabolism,Not Included in Pathway or Brite
chr_2961,"K03522  fixB, etfA; electron transfer flavoprotein alpha subunit",04147 Exosome,Protein families: signaling and cellular processes,Brite Hierarchies
chr_2964,"K14731  mlhB, chnC; epsilon-lactone hydrolase",00930 Caprolactam degradation,Xenobiotics biodegradation and metabolism,Metabolism
chr_2964,"K14731  mlhB, chnC; epsilon-lactone hydrolase",00903 Limonene and pinene degradation,Metabolism of terpenoids and polyketides,Metabolism
chr_2965,"K04079  HSP90A, htpG; molecular chaperone HtpG",04141 Protein processing in endoplasmic reticulum,"Folding, sorting and degradation",Genetic Information Processing
chr_2965,"K04079  HSP90A, htpG; molecular chaperone HtpG",04151 PI3K-Akt signaling pathway,Signal transduction,Environmental Information Processing
chr_2965,"K04079  HSP90A, htpG; molecular chaperone HtpG",04217 Necroptosis,Cell growth and death,Cellular Processes
chr_2965,"K04079  HSP90A, htpG; molecular chaperone HtpG",04657 IL-17 signaling pathway,Immune system,Organismal Systems
chr_2965,"K04079  HSP90A, htpG; molecular chaperone HtpG",04915 Estrogen signaling pathway,Endocrine system,Organismal Systems
chr_2965,"K04079  HSP90A, htpG; molecular chaperone HtpG",04659 Th17 cell differentiation,Immune system,Organismal Systems
chr_2965,"K04079  HSP90A, htpG; molecular chaperone HtpG",04914 Progesterone-mediated oocyte maturation,Endocrine system,Organismal Systems
chr_2965,"K04079  HSP90A, htpG; molecular chaperone HtpG",04626 Plant-pathogen interaction,Environmental adaptation,Organismal Systems
chr_2965,"K04079  HSP90A, htpG; molecular chaperone HtpG",04621 NOD-like receptor signaling pathway,Immune system,Organismal Systems
chr_2965,"K04079  HSP90A, htpG; molecular chaperone HtpG",04612 Antigen processing and presentation,Immune system,Organismal Systems
chr_2965,"K04079  HSP90A, htpG; molecular chaperone HtpG",05418 Fluid shear stress and atherosclerosis,Cardiovascular disease,Human Diseases
chr_2965,"K04079  HSP90A, htpG; molecular chaperone HtpG",05215 Prostate cancer,Cancer: specific types,Human Diseases
chr_2965,"K04079  HSP90A, htpG; molecular chaperone HtpG",05200 Pathways in cancer,Cancer: overview,Human Diseases
chr_2965,"K04079  HSP90A, htpG; molecular chaperone HtpG",04131 Membrane trafficking,Protein families: genetic information processing,Brite Hierarchies
chr_2965,"K04079  HSP90A, htpG; molecular chaperone HtpG",04147 Exosome,Protein families: signaling and cellular processes,Brite Hierarchies
chr_2965,"K04079  HSP90A, htpG; molecular chaperone HtpG",03110 Chaperones and folding catalysts,Protein families: genetic information processing,Brite Hierarchies
chr_2965,"K04079  HSP90A, htpG; molecular chaperone HtpG",03029 Mitochondrial biogenesis,Protein families: genetic information processing,Brite Hierarchies
chr_2965,"K04079  HSP90A, htpG; molecular chaperone HtpG",01009 Protein phosphatases and associated proteins,Protein families: metabolism,Brite Hierarchies
chr_2965,"K04079  HSP90A, htpG; molecular chaperone HtpG",03051 Proteasome,Protein families: genetic information processing,Brite Hierarchies
chr_2970,K06351  kipI; inhibitor of KinA,99978 Cell growth,Unclassified: signaling and cellular processes,Not Included in Pathway or Brite
chr_2976,"K13566  NIT2, yafV; omega-amidase","00250 Alanine, aspartate and glutamate metabolism",Amino acid metabolism,Metabolism
chr_2977,K07497  K07497; putative transposase,99976 Replication and repair,Unclassified: genetic information processing,Not Included in Pathway or Brite
chr_2990,"K15584  nikA, cntA; nickel transport system substrate-binding protein",02010 ABC transporters,Membrane transport,Environmental Information Processing
chr_2990,"K15584  nikA, cntA; nickel transport system substrate-binding protein",02000 Transporters,Protein families: signaling and cellular processes,Brite Hierarchies
chr_2992,K02034  ABC.PE.P1; peptide/nickel transport system permease protein,02024 Quorum sensing,Cellular community - prokaryotes,Cellular Processes
chr_2992,K02034  ABC.PE.P1; peptide/nickel transport system permease protein,02000 Transporters,Protein families: signaling and cellular processes,Brite Hierarchies
chr_2993,K15583  oppD; oligopeptide transport system ATP-binding protein,02010 ABC transporters,Membrane transport,Environmental Information Processing
chr_2993,K15583  oppD; oligopeptide transport system ATP-binding protein,02024 Quorum sensing,Cellular community - prokaryotes,Cellular Processes
chr_2993,K15583  oppD; oligopeptide transport system ATP-binding protein,01501 beta-Lactam resistance,Drug resistance: antimicrobial,Human Diseases
chr_2993,K15583  oppD; oligopeptide transport system ATP-binding protein,02000 Transporters,Protein families: signaling and cellular processes,Brite Hierarchies
chr_2997,K06607  iolS; myo-inositol catabolism protein IolS,99980 Enzymes with EC numbers,Unclassified: metabolism,Not Included in Pathway or Brite
chr_2998,K19265  gpr; L-glyceraldehyde 3-phosphate reductase,99980 Enzymes with EC numbers,Unclassified: metabolism,Not Included in Pathway or Brite
chr_3000,K20938  ladA; long-chain alkane monooxygenase,99980 Enzymes with EC numbers,Unclassified: metabolism,Not Included in Pathway or Brite
chr_3011,"K13875  K13875, araC; L-arabonate dehydrase",00053 Ascorbate and aldarate metabolism,Carbohydrate metabolism,Metabolism
chr_3017,K11962  urtD; urea transport system ATP-binding protein,02010 ABC transporters,Membrane transport,Environmental Information Processing
chr_3017,K11962  urtD; urea transport system ATP-binding protein,02000 Transporters,Protein families: signaling and cellular processes,Brite Hierarchies
chr_3021,K07001  K07001; NTE family protein,99996 General function prediction only,Poorly characterized,Not Included in Pathway or Brite
chr_3022,K07001  K07001; NTE family protein,99996 General function prediction only,Poorly characterized,Not Included in Pathway or Brite
chr_3028,K00830  AGXT; alanine-glyoxylate transaminase / serine-glyoxylate transaminase / serine-pyruvate transaminase,"00250 Alanine, aspartate and glutamate metabolism",Amino acid metabolism,Metabolism
chr_3028,K00830  AGXT; alanine-glyoxylate transaminase / serine-glyoxylate transaminase / serine-pyruvate transaminase,00630 Glyoxylate and dicarboxylate metabolism,Carbohydrate metabolism,Metabolism
chr_3028,K00830  AGXT; alanine-glyoxylate transaminase / serine-glyoxylate transaminase / serine-pyruvate transaminase,00680 Methane metabolism,Energy metabolism,Metabolism
chr_3028,K00830  AGXT; alanine-glyoxylate transaminase / serine-glyoxylate transaminase / serine-pyruvate transaminase,"00260 Glycine, serine and threonine metabolism",Amino acid metabolism,Metabolism
chr_3028,K00830  AGXT; alanine-glyoxylate transaminase / serine-glyoxylate transaminase / serine-pyruvate transaminase,04146 Peroxisome,Transport and catabolism,Cellular Processes
chr_3028,K00830  AGXT; alanine-glyoxylate transaminase / serine-glyoxylate transaminase / serine-pyruvate transaminase,01007 Amino acid related enzymes,Protein families: metabolism,Brite Hierarchies
chr_3039,K03641  tolB; TolB protein,02000 Transporters,Protein families: signaling and cellular processes,Brite Hierarchies
chr_3042,K14187  tyrA; chorismate mutase / prephenate dehydrogenase,"00400 Phenylalanine, tyrosine and tryptophan biosynthesis",Amino acid metabolism,Metabolism
chr_3042,K14187  tyrA; chorismate mutase / prephenate dehydrogenase,00401 Novobiocin biosynthesis,Biosynthesis of other secondary metabolites,Metabolism
chr_3043,K13950  pabAB; para-aminobenzoate synthetase,00790 Folate biosynthesis,Metabolism of cofactors and vitamins,Metabolism
chr_3047,K05844  rimK; ribosomal protein S6--L-glutamate ligase,03009 Ribosome biogenesis,Protein families: genetic information processing,Brite Hierarchies
chr_3053,"K03856  AROA2, aroA; 3-deoxy-7-phosphoheptulonate synthase","00400 Phenylalanine, tyrosine and tryptophan biosynthesis",Amino acid metabolism,Metabolism
chr_3061,"K03556  malT; LuxR family transcriptional regulator, maltose regulon positive regulatory protein",03000 Transcription factors,Protein families: genetic information processing,Brite Hierarchies
chr_3064,K00485  FMO; dimethylaniline monooxygenase (N-oxide forming),00982 Drug metabolism - cytochrome P450,Xenobiotics biodegradation and metabolism,Metabolism
chr_3067,K01475  E3.5.2.20; isatin hydrolase,99980 Enzymes with EC numbers,Unclassified: metabolism,Not Included in Pathway or Brite
chr_3072,K21469  pbp4b; serine-type D-Ala-D-Ala carboxypeptidase,00550 Peptidoglycan biosynthesis,Glycan biosynthesis and metabolism,Metabolism
chr_3072,K21469  pbp4b; serine-type D-Ala-D-Ala carboxypeptidase,01002 Peptidases and inhibitors,Protein families: metabolism,Brite Hierarchies
chr_3072,K21469  pbp4b; serine-type D-Ala-D-Ala carboxypeptidase,01011 Peptidoglycan biosynthesis and degradation proteins,Protein families: metabolism,Brite Hierarchies
chr_3076,"K02168  betT, betS; choline/glycine/proline betaine transport protein",02000 Transporters,Protein families: signaling and cellular processes,Brite Hierarchies
chr_3081,K02170  bioH; pimeloyl-[acyl-carrier protein] methyl ester esterase,00780 Biotin metabolism,Metabolism of cofactors and vitamins,Metabolism
chr_3084,"K02858  ribB, RIB3; 3,4-dihydroxy 2-butanone 4-phosphate synthase",00740 Riboflavin metabolism,Metabolism of cofactors and vitamins,Metabolism
chr_3085,K02055  ABC.SP.S; putative spermidine/putrescine transport system substrate-binding protein,02024 Quorum sensing,Cellular community - prokaryotes,Cellular Processes
chr_3085,K02055  ABC.SP.S; putative spermidine/putrescine transport system substrate-binding protein,02000 Transporters,Protein families: signaling and cellular processes,Brite Hierarchies
chr_3086,K11072  potA; spermidine/putrescine transport system ATP-binding protein,02010 ABC transporters,Membrane transport,Environmental Information Processing
chr_3086,K11072  potA; spermidine/putrescine transport system ATP-binding protein,02000 Transporters,Protein families: signaling and cellular processes,Brite Hierarchies
chr_3087,K02054  ABC.SP.P1; putative spermidine/putrescine transport system permease protein,02024 Quorum sensing,Cellular community - prokaryotes,Cellular Processes
chr_3087,K02054  ABC.SP.P1; putative spermidine/putrescine transport system permease protein,02000 Transporters,Protein families: signaling and cellular processes,Brite Hierarchies
chr_3089,K19266  E1.2.1.22; lactaldehyde dehydrogenase,00620 Pyruvate metabolism,Carbohydrate metabolism,Metabolism
chr_3093,K01738  cysK; cysteine synthase,00270 Cysteine and methionine metabolism,Amino acid metabolism,Metabolism
chr_3093,K01738  cysK; cysteine synthase,00920 Sulfur metabolism,Energy metabolism,Metabolism
chr_3100,"K00052  leuB, IMDH; 3-isopropylmalate dehydrogenase",00660 C5-Branched dibasic acid metabolism,Carbohydrate metabolism,Metabolism
chr_3100,"K00052  leuB, IMDH; 3-isopropylmalate dehydrogenase","00290 Valine, leucine and isoleucine biosynthesis",Amino acid metabolism,Metabolism
chr_3104,"K03535  gudP; MFS transporter, ACS family, glucarate transporter",02000 Transporters,Protein families: signaling and cellular processes,Brite Hierarchies
chr_3105,K01474  hyuB; N-methylhydantoinase B,00330 Arginine and proline metabolism,Amino acid metabolism,Metabolism
chr_3106,K01473  hyuA; N-methylhydantoinase A,00330 Arginine and proline metabolism,Amino acid metabolism,Metabolism
chr_3109,K03367  dltA; D-alanine--poly(phosphoribitol) ligase subunit 1,00473 D-Alanine metabolism,Metabolism of other amino acids,Metabolism
chr_3109,K03367  dltA; D-alanine--poly(phosphoribitol) ligase subunit 1,02020 Two-component system,Signal transduction,Environmental Information Processing
chr_3109,K03367  dltA; D-alanine--poly(phosphoribitol) ligase subunit 1,05150 Staphylococcus aureus infection,Infectious disease: bacterial,Human Diseases
chr_3109,K03367  dltA; D-alanine--poly(phosphoribitol) ligase subunit 1,01503 Cationic antimicrobial peptide (CAMP) resistance,Drug resistance: antimicrobial,Human Diseases
chr_3109,K03367  dltA; D-alanine--poly(phosphoribitol) ligase subunit 1,01504 Antimicrobial resistance genes,Protein families: signaling and cellular processes,Brite Hierarchies
chr_3110,K01841  pepM; phosphoenolpyruvate phosphomutase,00440 Phosphonate and phosphinate metabolism,Metabolism of other amino acids,Metabolism
chr_3111,"K00615  E2.2.1.1, tktA, tktB; transketolase",00710 Carbon fixation in photosynthetic organisms,Energy metabolism,Metabolism
chr_3111,"K00615  E2.2.1.1, tktA, tktB; transketolase",00030 Pentose phosphate pathway,Carbohydrate metabolism,Metabolism
chr_3111,"K00615  E2.2.1.1, tktA, tktB; transketolase",01051 Biosynthesis of ansamycins,Metabolism of terpenoids and polyketides,Metabolism
chr_3119,K04022  eutG; alcohol dehydrogenase,00010 Glycolysis / Gluconeogenesis,Carbohydrate metabolism,Metabolism
chr_3121,K00145  argC; N-acetyl-gamma-glutamyl-phosphate reductase,00220 Arginine biosynthesis,Amino acid metabolism,Metabolism
chr_3122,K08322  rspB; L-gulonate 5-dehydrogenase,00040 Pentose and glucuronate interconversions,Carbohydrate metabolism,Metabolism
chr_3123,"K00058  serA, PHGDH; D-3-phosphoglycerate dehydrogenase / 2-oxoglutarate reductase",00270 Cysteine and methionine metabolism,Amino acid metabolism,Metabolism
chr_3123,"K00058  serA, PHGDH; D-3-phosphoglycerate dehydrogenase / 2-oxoglutarate reductase",00680 Methane metabolism,Energy metabolism,Metabolism
chr_3123,"K00058  serA, PHGDH; D-3-phosphoglycerate dehydrogenase / 2-oxoglutarate reductase","00260 Glycine, serine and threonine metabolism",Amino acid metabolism,Metabolism
chr_3123,"K00058  serA, PHGDH; D-3-phosphoglycerate dehydrogenase / 2-oxoglutarate reductase",04147 Exosome,Protein families: signaling and cellular processes,Brite Hierarchies
chr_3139,K06907  K06907; uncharacterized protein,99997 Function unknown,Poorly characterized,Not Included in Pathway or Brite
chr_3145,K06905  K06905; uncharacterized protein,99997 Function unknown,Poorly characterized,Not Included in Pathway or Brite
chr_3148,K06903  K06903; uncharacterized protein,99997 Function unknown,Poorly characterized,Not Included in Pathway or Brite
chr_3166,"K14938  NVD, DAF36; cholesterol 7-desaturase",00981 Insect hormone biosynthesis,Metabolism of terpenoids and polyketides,Metabolism
chr_3166,"K14938  NVD, DAF36; cholesterol 7-desaturase",04212 Longevity regulating pathway - worm,Aging,Organismal Systems
chr_3168,K00787  FDPS; farnesyl diphosphate synthase,00900 Terpenoid backbone biosynthesis,Metabolism of terpenoids and polyketides,Metabolism
chr_3168,K00787  FDPS; farnesyl diphosphate synthase,05164 Influenza A,Infectious disease: viral,Human Diseases
chr_3168,K00787  FDPS; farnesyl diphosphate synthase,05166 Human T-cell leukemia virus 1 infection,Infectious disease: viral,Human Diseases
chr_3168,K00787  FDPS; farnesyl diphosphate synthase,01006 Prenyltransferases,Protein families: metabolism,Brite Hierarchies
chr_3171,K00046  idnO; gluconate 5-dehydrogenase,99980 Enzymes with EC numbers,Unclassified: metabolism,Not Included in Pathway or Brite
chr_3187,"K00804  GGPS1; geranylgeranyl diphosphate synthase, type III",00900 Terpenoid backbone biosynthesis,Metabolism of terpenoids and polyketides,Metabolism
chr_3187,"K00804  GGPS1; geranylgeranyl diphosphate synthase, type III",01006 Prenyltransferases,Protein families: metabolism,Brite Hierarchies
chr_3188,"K08712  ABCG2.SNQ2; ATP-binding cassette, subfamily G (WHITE), member 2, SNQ2",02010 ABC transporters,Membrane transport,Environmental Information Processing
chr_3188,"K08712  ABCG2.SNQ2; ATP-binding cassette, subfamily G (WHITE), member 2, SNQ2",02000 Transporters,Protein families: signaling and cellular processes,Brite Hierarchies
chr_3192,K12955  ctpI; cation-transporting P-type ATPase I,99980 Enzymes with EC numbers,Unclassified: metabolism,Not Included in Pathway or Brite
chr_3194,"K00615  E2.2.1.1, tktA, tktB; transketolase",00710 Carbon fixation in photosynthetic organisms,Energy metabolism,Metabolism
chr_3194,"K00615  E2.2.1.1, tktA, tktB; transketolase",00030 Pentose phosphate pathway,Carbohydrate metabolism,Metabolism
chr_3194,"K00615  E2.2.1.1, tktA, tktB; transketolase",01051 Biosynthesis of ansamycins,Metabolism of terpenoids and polyketides,Metabolism
chr_3195,"K00616  E2.2.1.2, talA, talB; transaldolase",00030 Pentose phosphate pathway,Carbohydrate metabolism,Metabolism
chr_3196,"K01810  GPI, pgi; glucose-6-phosphate isomerase",00520 Amino sugar and nucleotide sugar metabolism,Carbohydrate metabolism,Metabolism
chr_3196,"K01810  GPI, pgi; glucose-6-phosphate isomerase",00500 Starch and sucrose metabolism,Carbohydrate metabolism,Metabolism
chr_3196,"K01810  GPI, pgi; glucose-6-phosphate isomerase",00010 Glycolysis / Gluconeogenesis,Carbohydrate metabolism,Metabolism
chr_3196,"K01810  GPI, pgi; glucose-6-phosphate isomerase",00030 Pentose phosphate pathway,Carbohydrate metabolism,Metabolism
chr_3196,"K01810  GPI, pgi; glucose-6-phosphate isomerase",04147 Exosome,Protein families: signaling and cellular processes,Brite Hierarchies
chr_3197,"K00033  PGD, gnd, gntZ; 6-phosphogluconate dehydrogenase",00480 Glutathione metabolism,Metabolism of other amino acids,Metabolism
chr_3197,"K00033  PGD, gnd, gntZ; 6-phosphogluconate dehydrogenase",00030 Pentose phosphate pathway,Carbohydrate metabolism,Metabolism
chr_3198,"K00036  G6PD, zwf; glucose-6-phosphate 1-dehydrogenase",00480 Glutathione metabolism,Metabolism of other amino acids,Metabolism
chr_3198,"K00036  G6PD, zwf; glucose-6-phosphate 1-dehydrogenase",00030 Pentose phosphate pathway,Carbohydrate metabolism,Metabolism
chr_3198,"K00036  G6PD, zwf; glucose-6-phosphate 1-dehydrogenase",05230 Central carbon metabolism in cancer,Cancer: overview,Human Diseases
chr_3198,"K00036  G6PD, zwf; glucose-6-phosphate 1-dehydrogenase",04147 Exosome,Protein families: signaling and cellular processes,Brite Hierarchies
chr_3199,K13979  yahK; uncharacterized zinc-type alcohol dehydrogenase-like protein,99980 Enzymes with EC numbers,Unclassified: metabolism,Not Included in Pathway or Brite
chr_3205,K08299  caiD; crotonobetainyl-CoA hydratase,99980 Enzymes with EC numbers,Unclassified: metabolism,Not Included in Pathway or Brite
chr_3211,K01904  4CL; 4-coumarate--CoA ligase,00940 Phenylpropanoid biosynthesis,Biosynthesis of other secondary metabolites,Metabolism
chr_3211,K01904  4CL; 4-coumarate--CoA ligase,00999 Biosynthesis of secondary metabolites - unclassified,Biosynthesis of other secondary metabolites,Metabolism
chr_3211,K01904  4CL; 4-coumarate--CoA ligase,00130 Ubiquinone and other terpenoid-quinone biosynthesis,Metabolism of cofactors and vitamins,Metabolism
chr_3213,"K00626  E2.3.1.9, atoB; acetyl-CoA C-acetyltransferase",00650 Butanoate metabolism,Carbohydrate metabolism,Metabolism
chr_3213,"K00626  E2.3.1.9, atoB; acetyl-CoA C-acetyltransferase",00630 Glyoxylate and dicarboxylate metabolism,Carbohydrate metabolism,Metabolism
chr_3213,"K00626  E2.3.1.9, atoB; acetyl-CoA C-acetyltransferase",00071 Fatty acid degradation,Lipid metabolism,Metabolism
chr_3213,"K00626  E2.3.1.9, atoB; acetyl-CoA C-acetyltransferase",00900 Terpenoid backbone biosynthesis,Metabolism of terpenoids and polyketides,Metabolism
chr_3213,"K00626  E2.3.1.9, atoB; acetyl-CoA C-acetyltransferase",00072 Synthesis and degradation of ketone bodies,Lipid metabolism,Metabolism
chr_3213,"K00626  E2.3.1.9, atoB; acetyl-CoA C-acetyltransferase",00640 Propanoate metabolism,Carbohydrate metabolism,Metabolism
chr_3213,"K00626  E2.3.1.9, atoB; acetyl-CoA C-acetyltransferase",00620 Pyruvate metabolism,Carbohydrate metabolism,Metabolism
chr_3213,"K00626  E2.3.1.9, atoB; acetyl-CoA C-acetyltransferase",00310 Lysine degradation,Amino acid metabolism,Metabolism
chr_3213,"K00626  E2.3.1.9, atoB; acetyl-CoA C-acetyltransferase",00720 Carbon fixation pathways in prokaryotes,Energy metabolism,Metabolism
chr_3213,"K00626  E2.3.1.9, atoB; acetyl-CoA C-acetyltransferase",00380 Tryptophan metabolism,Amino acid metabolism,Metabolism
chr_3213,"K00626  E2.3.1.9, atoB; acetyl-CoA C-acetyltransferase","00280 Valine, leucine and isoleucine degradation",Amino acid metabolism,Metabolism
chr_3213,"K00626  E2.3.1.9, atoB; acetyl-CoA C-acetyltransferase",00362 Benzoate degradation,Xenobiotics biodegradation and metabolism,Metabolism
chr_3213,"K00626  E2.3.1.9, atoB; acetyl-CoA C-acetyltransferase",02020 Two-component system,Signal transduction,Environmental Information Processing
chr_3213,"K00626  E2.3.1.9, atoB; acetyl-CoA C-acetyltransferase",04147 Exosome,Protein families: signaling and cellular processes,Brite Hierarchies
chr_3214,"K13238  ECI1, DCI; Delta3-Delta2-enoyl-CoA isomerase",00071 Fatty acid degradation,Lipid metabolism,Metabolism
chr_3216,"K22108  kstR2; TetR/AcrR family transcriptional regulator, cholesterol catabolism regulator",03000 Transcription factors,Protein families: genetic information processing,Brite Hierarchies
chr_3219,"K02858  ribB, RIB3; 3,4-dihydroxy 2-butanone 4-phosphate synthase",00740 Riboflavin metabolism,Metabolism of cofactors and vitamins,Metabolism
chr_3225,K14659  nodB; chitooligosaccharide deacetylase,99980 Enzymes with EC numbers,Unclassified: metabolism,Not Included in Pathway or Brite
chr_3233,K01473  hyuA; N-methylhydantoinase A,00330 Arginine and proline metabolism,Amino acid metabolism,Metabolism
chr_3234,"K11476  K11476, gntR; GntR family transcriptional regulator, gluconate operon transcriptional repressor",03000 Transcription factors,Protein families: genetic information processing,Brite Hierarchies
chr_3241,K22952  pvcA; L-tyrosine isonitrile synthase,99980 Enzymes with EC numbers,Unclassified: metabolism,Not Included in Pathway or Brite
chr_3243,"K01953  asnB, ASNS; asparagine synthase (glutamine-hydrolysing)","00250 Alanine, aspartate and glutamate metabolism",Amino acid metabolism,Metabolism
chr_3243,"K01953  asnB, ASNS; asparagine synthase (glutamine-hydrolysing)",01002 Peptidases and inhibitors,Protein families: metabolism,Brite Hierarchies
chr_3245,K02016  ABC.FEV.S; iron complex transport system substrate-binding protein,02000 Transporters,Protein families: signaling and cellular processes,Brite Hierarchies
chr_3246,K02015  ABC.FEV.P; iron complex transport system permease protein,02000 Transporters,Protein families: signaling and cellular processes,Brite Hierarchies
chr_3247,K02013  ABC.FEV.A; iron complex transport system ATP-binding protein,02000 Transporters,Protein families: signaling and cellular processes,Brite Hierarchies
chr_3251,"K17686  copA, ctpA, ATP7; P-type Cu+ transporter",04016 MAPK signaling pathway - plant,Signal transduction,Environmental Information Processing
chr_3251,"K17686  copA, ctpA, ATP7; P-type Cu+ transporter",01524 Platinum drug resistance,Drug resistance: antineoplastic,Human Diseases
chr_3253,"K03088  rpoE; RNA polymerase sigma-70 factor, ECF subfamily",03021 Transcription machinery,Protein families: genetic information processing,Brite Hierarchies
chr_3258,K02182  caiC; carnitine-CoA ligase,99980 Enzymes with EC numbers,Unclassified: metabolism,Not Included in Pathway or Brite
chr_3260,"K00121  frmA, ADH5, adhC; S-(hydroxymethyl)glutathione dehydrogenase / alcohol dehydrogenase",00680 Methane metabolism,Energy metabolism,Metabolism
chr_3260,"K00121  frmA, ADH5, adhC; S-(hydroxymethyl)glutathione dehydrogenase / alcohol dehydrogenase",00010 Glycolysis / Gluconeogenesis,Carbohydrate metabolism,Metabolism
chr_3260,"K00121  frmA, ADH5, adhC; S-(hydroxymethyl)glutathione dehydrogenase / alcohol dehydrogenase",00626 Naphthalene degradation,Xenobiotics biodegradation and metabolism,Metabolism
chr_3260,"K00121  frmA, ADH5, adhC; S-(hydroxymethyl)glutathione dehydrogenase / alcohol dehydrogenase",00350 Tyrosine metabolism,Amino acid metabolism,Metabolism
chr_3260,"K00121  frmA, ADH5, adhC; S-(hydroxymethyl)glutathione dehydrogenase / alcohol dehydrogenase",00071 Fatty acid degradation,Lipid metabolism,Metabolism
chr_3260,"K00121  frmA, ADH5, adhC; S-(hydroxymethyl)glutathione dehydrogenase / alcohol dehydrogenase",00830 Retinol metabolism,Metabolism of cofactors and vitamins,Metabolism
chr_3260,"K00121  frmA, ADH5, adhC; S-(hydroxymethyl)glutathione dehydrogenase / alcohol dehydrogenase",00980 Metabolism of xenobiotics by cytochrome P450,Xenobiotics biodegradation and metabolism,Metabolism
chr_3260,"K00121  frmA, ADH5, adhC; S-(hydroxymethyl)glutathione dehydrogenase / alcohol dehydrogenase",00982 Drug metabolism - cytochrome P450,Xenobiotics biodegradation and metabolism,Metabolism
chr_3260,"K00121  frmA, ADH5, adhC; S-(hydroxymethyl)glutathione dehydrogenase / alcohol dehydrogenase",00625 Chloroalkane and chloroalkene degradation,Xenobiotics biodegradation and metabolism,Metabolism
chr_3260,"K00121  frmA, ADH5, adhC; S-(hydroxymethyl)glutathione dehydrogenase / alcohol dehydrogenase",05204 Chemical carcinogenesis,Cancer: overview,Human Diseases
chr_3263,K00528  fpr; ferredoxin/flavodoxin---NADP+ reductase,09113 Global maps only,Not included in regular maps,Metabolism
chr_3263,K00528  fpr; ferredoxin/flavodoxin---NADP+ reductase,99980 Enzymes with EC numbers,Unclassified: metabolism,Not Included in Pathway or Brite
chr_3266,"K01915  glnA, GLUL; glutamine synthetase","00250 Alanine, aspartate and glutamate metabolism",Amino acid metabolism,Metabolism
chr_3266,"K01915  glnA, GLUL; glutamine synthetase",00630 Glyoxylate and dicarboxylate metabolism,Carbohydrate metabolism,Metabolism
chr_3266,"K01915  glnA, GLUL; glutamine synthetase",00910 Nitrogen metabolism,Energy metabolism,Metabolism
chr_3266,"K01915  glnA, GLUL; glutamine synthetase",00220 Arginine biosynthesis,Amino acid metabolism,Metabolism
chr_3266,"K01915  glnA, GLUL; glutamine synthetase",02020 Two-component system,Signal transduction,Environmental Information Processing
chr_3266,"K01915  glnA, GLUL; glutamine synthetase",04217 Necroptosis,Cell growth and death,Cellular Processes
chr_3266,"K01915  glnA, GLUL; glutamine synthetase",04727 GABAergic synapse,Nervous system,Organismal Systems
chr_3266,"K01915  glnA, GLUL; glutamine synthetase",04724 Glutamatergic synapse,Nervous system,Organismal Systems
chr_3266,"K01915  glnA, GLUL; glutamine synthetase",04147 Exosome,Protein families: signaling and cellular processes,Brite Hierarchies
chr_3267,"K18009  budC; meso-butanediol dehydrogenase / (S,S)-butanediol dehydrogenase / diacetyl reductase",00650 Butanoate metabolism,Carbohydrate metabolism,Metabolism
chr_3268,K07010  K07010; putative glutamine amidotransferase,01002 Peptidases and inhibitors,Protein families: metabolism,Brite Hierarchies
chr_3274,K01114  plc; phospholipase C,00562 Inositol phosphate metabolism,Carbohydrate metabolism,Metabolism
chr_3274,K01114  plc; phospholipase C,00564 Glycerophospholipid metabolism,Lipid metabolism,Metabolism
chr_3274,K01114  plc; phospholipase C,00565 Ether lipid metabolism,Lipid metabolism,Metabolism
chr_3274,K01114  plc; phospholipase C,02024 Quorum sensing,Cellular community - prokaryotes,Cellular Processes
chr_3274,K01114  plc; phospholipase C,04919 Thyroid hormone signaling pathway,Endocrine system,Organismal Systems
chr_3274,K01114  plc; phospholipase C,02042 Bacterial toxins,Protein families: signaling and cellular processes,Brite Hierarchies
chr_3279,"K03306  TC.PIT; inorganic phosphate transporter, PiT family",99977 Transport,Unclassified: signaling and cellular processes,Not Included in Pathway or Brite
chr_3282,"K14699  irtB; ATP-binding cassette, subfamily B, bacterial IrtB",02010 ABC transporters,Membrane transport,Environmental Information Processing
chr_3282,"K14699  irtB; ATP-binding cassette, subfamily B, bacterial IrtB",02000 Transporters,Protein families: signaling and cellular processes,Brite Hierarchies
chr_3283,"K14698  irtA; ATP-binding cassette, subfamily B, bacterial IrtA",02010 ABC transporters,Membrane transport,Environmental Information Processing
chr_3283,"K14698  irtA; ATP-binding cassette, subfamily B, bacterial IrtA",02000 Transporters,Protein families: signaling and cellular processes,Brite Hierarchies
chr_3284,K04788  mbtB; mycobactin phenyloxazoline synthetase,01053 Biosynthesis of siderophore group nonribosomal peptides,Metabolism of terpenoids and polyketides,Metabolism
chr_3284,K04788  mbtB; mycobactin phenyloxazoline synthetase,01008 Polyketide biosynthesis proteins,Protein families: metabolism,Brite Hierarchies
chr_3288,K02846  solA; N-methyl-L-tryptophan oxidase,99980 Enzymes with EC numbers,Unclassified: metabolism,Not Included in Pathway or Brite
chr_3289,K04787  mbtA; mycobactin salicyl-AMP ligase,01053 Biosynthesis of siderophore group nonribosomal peptides,Metabolism of terpenoids and polyketides,Metabolism
chr_3289,K04787  mbtA; mycobactin salicyl-AMP ligase,01008 Polyketide biosynthesis proteins,Protein families: metabolism,Brite Hierarchies
chr_3290,K12240  pchF; pyochelin synthetase,01053 Biosynthesis of siderophore group nonribosomal peptides,Metabolism of terpenoids and polyketides,Metabolism
chr_3290,K12240  pchF; pyochelin synthetase,01008 Polyketide biosynthesis proteins,Protein families: metabolism,Brite Hierarchies
chr_3292,K12241  pchG; pyochelin biosynthetic protein PchG,01053 Biosynthesis of siderophore group nonribosomal peptides,Metabolism of terpenoids and polyketides,Metabolism
chr_3292,K12241  pchG; pyochelin biosynthetic protein PchG,01008 Polyketide biosynthesis proteins,Protein families: metabolism,Brite Hierarchies
chr_3299,K02033  ABC.PE.P; peptide/nickel transport system permease protein,02024 Quorum sensing,Cellular community - prokaryotes,Cellular Processes
chr_3299,K02033  ABC.PE.P; peptide/nickel transport system permease protein,02000 Transporters,Protein families: signaling and cellular processes,Brite Hierarchies
chr_3300,K02035  ABC.PE.S; peptide/nickel transport system substrate-binding protein,02024 Quorum sensing,Cellular community - prokaryotes,Cellular Processes
chr_3300,K02035  ABC.PE.S; peptide/nickel transport system substrate-binding protein,02000 Transporters,Protein families: signaling and cellular processes,Brite Hierarchies
chr_3303,"K03457  TC.NCS1; nucleobase:cation symporter-1, NCS1 family",99977 Transport,Unclassified: signaling and cellular processes,Not Included in Pathway or Brite
chr_3305,"K03457  TC.NCS1; nucleobase:cation symporter-1, NCS1 family",99977 Transport,Unclassified: signaling and cellular processes,Not Included in Pathway or Brite
chr_3307,"K03366  butA, budC; meso-butanediol dehydrogenase / (S,S)-butanediol dehydrogenase / diacetyl reductase",00650 Butanoate metabolism,Carbohydrate metabolism,Metabolism
chr_3308,K14591  aroM; protein AroM,99996 General function prediction only,Poorly characterized,Not Included in Pathway or Brite
chr_3309,K16842  hpxB; allantoinase,00230 Purine metabolism,Nucleotide metabolism,Metabolism
chr_3313,"K01639  E4.1.3.3, nanA, NPL; N-acetylneuraminate lyase",00520 Amino sugar and nucleotide sugar metabolism,Carbohydrate metabolism,Metabolism
chr_3317,"K00274  MAO, aofH; monoamine oxidase",00340 Histidine metabolism,Amino acid metabolism,Metabolism
chr_3317,"K00274  MAO, aofH; monoamine oxidase",00982 Drug metabolism - cytochrome P450,Xenobiotics biodegradation and metabolism,Metabolism
chr_3317,"K00274  MAO, aofH; monoamine oxidase",00350 Tyrosine metabolism,Amino acid metabolism,Metabolism
chr_3317,"K00274  MAO, aofH; monoamine oxidase","00260 Glycine, serine and threonine metabolism",Amino acid metabolism,Metabolism
chr_3317,"K00274  MAO, aofH; monoamine oxidase",00380 Tryptophan metabolism,Amino acid metabolism,Metabolism
chr_3317,"K00274  MAO, aofH; monoamine oxidase",00950 Isoquinoline alkaloid biosynthesis,Biosynthesis of other secondary metabolites,Metabolism
chr_3317,"K00274  MAO, aofH; monoamine oxidase",00360 Phenylalanine metabolism,Amino acid metabolism,Metabolism
chr_3317,"K00274  MAO, aofH; monoamine oxidase",00330 Arginine and proline metabolism,Amino acid metabolism,Metabolism
chr_3317,"K00274  MAO, aofH; monoamine oxidase",04726 Serotonergic synapse,Nervous system,Organismal Systems
chr_3317,"K00274  MAO, aofH; monoamine oxidase",04728 Dopaminergic synapse,Nervous system,Organismal Systems
chr_3317,"K00274  MAO, aofH; monoamine oxidase",05031 Amphetamine addiction,Substance dependence,Human Diseases
chr_3317,"K00274  MAO, aofH; monoamine oxidase",05030 Cocaine addiction,Substance dependence,Human Diseases
chr_3317,"K00274  MAO, aofH; monoamine oxidase",05034 Alcoholism,Substance dependence,Human Diseases
chr_3319,"K10009  tcyB, yecS; L-cystine transport system permease protein",02010 ABC transporters,Membrane transport,Environmental Information Processing
chr_3319,"K10009  tcyB, yecS; L-cystine transport system permease protein",02000 Transporters,Protein families: signaling and cellular processes,Brite Hierarchies
chr_3320,"K10010  tcyC, yecC; L-cystine transport system ATP-binding protein",02010 ABC transporters,Membrane transport,Environmental Information Processing
chr_3320,"K10010  tcyC, yecC; L-cystine transport system ATP-binding protein",02000 Transporters,Protein families: signaling and cellular processes,Brite Hierarchies
chr_3325,K17485  yvmC; cyclo(L-leucyl-L-leucyl) synthase,99980 Enzymes with EC numbers,Unclassified: metabolism,Not Included in Pathway or Brite
chr_3335,"K01652  E2.2.1.6L, ilvB, ilvG, ilvI; acetolactate synthase I/II/III large subunit",00650 Butanoate metabolism,Carbohydrate metabolism,Metabolism
chr_3335,"K01652  E2.2.1.6L, ilvB, ilvG, ilvI; acetolactate synthase I/II/III large subunit",00660 C5-Branched dibasic acid metabolism,Carbohydrate metabolism,Metabolism
chr_3335,"K01652  E2.2.1.6L, ilvB, ilvG, ilvI; acetolactate synthase I/II/III large subunit",00770 Pantothenate and CoA biosynthesis,Metabolism of cofactors and vitamins,Metabolism
chr_3335,"K01652  E2.2.1.6L, ilvB, ilvG, ilvI; acetolactate synthase I/II/III large subunit","00290 Valine, leucine and isoleucine biosynthesis",Amino acid metabolism,Metabolism
chr_3344,K11517  HAO; (S)-2-hydroxy-acid oxidase,00630 Glyoxylate and dicarboxylate metabolism,Carbohydrate metabolism,Metabolism
chr_3344,K11517  HAO; (S)-2-hydroxy-acid oxidase,04146 Peroxisome,Transport and catabolism,Cellular Processes
chr_3346,K07045  K07045; uncharacterized protein,99997 Function unknown,Poorly characterized,Not Included in Pathway or Brite
chr_3347,K01630  garL; 2-dehydro-3-deoxyglucarate aldolase,00053 Ascorbate and aldarate metabolism,Carbohydrate metabolism,Metabolism
chr_3348,"K07048  PTER, php; phosphotriesterase-related protein",99996 General function prediction only,Poorly characterized,Not Included in Pathway or Brite
chr_3352,K01034  atoD; acetate CoA/acetoacetate CoA-transferase alpha subunit,00640 Propanoate metabolism,Carbohydrate metabolism,Metabolism
chr_3352,K01034  atoD; acetate CoA/acetoacetate CoA-transferase alpha subunit,00650 Butanoate metabolism,Carbohydrate metabolism,Metabolism
chr_3352,K01034  atoD; acetate CoA/acetoacetate CoA-transferase alpha subunit,00627 Aminobenzoate degradation,Xenobiotics biodegradation and metabolism,Metabolism
chr_3352,K01034  atoD; acetate CoA/acetoacetate CoA-transferase alpha subunit,00310 Lysine degradation,Amino acid metabolism,Metabolism
chr_3352,K01034  atoD; acetate CoA/acetoacetate CoA-transferase alpha subunit,02020 Two-component system,Signal transduction,Environmental Information Processing
chr_3355,"K02160  accB, bccP; acetyl-CoA carboxylase biotin carboxyl carrier protein",00720 Carbon fixation pathways in prokaryotes,Energy metabolism,Metabolism
chr_3355,"K02160  accB, bccP; acetyl-CoA carboxylase biotin carboxyl carrier protein",00640 Propanoate metabolism,Carbohydrate metabolism,Metabolism
chr_3355,"K02160  accB, bccP; acetyl-CoA carboxylase biotin carboxyl carrier protein",00061 Fatty acid biosynthesis,Lipid metabolism,Metabolism
chr_3355,"K02160  accB, bccP; acetyl-CoA carboxylase biotin carboxyl carrier protein",00620 Pyruvate metabolism,Carbohydrate metabolism,Metabolism
chr_3356,"K01961  accC; acetyl-CoA carboxylase, biotin carboxylase subunit",00640 Propanoate metabolism,Carbohydrate metabolism,Metabolism
chr_3356,"K01961  accC; acetyl-CoA carboxylase, biotin carboxylase subunit",00620 Pyruvate metabolism,Carbohydrate metabolism,Metabolism
chr_3356,"K01961  accC; acetyl-CoA carboxylase, biotin carboxylase subunit",00720 Carbon fixation pathways in prokaryotes,Energy metabolism,Metabolism
chr_3356,"K01961  accC; acetyl-CoA carboxylase, biotin carboxylase subunit",00061 Fatty acid biosynthesis,Lipid metabolism,Metabolism
chr_3363,K09841  ABA2; xanthoxin dehydrogenase,00906 Carotenoid biosynthesis,Metabolism of terpenoids and polyketides,Metabolism
chr_3364,"K14652  ribBA; 3,4-dihydroxy 2-butanone 4-phosphate synthase / GTP cyclohydrolase II",00740 Riboflavin metabolism,Metabolism of cofactors and vitamins,Metabolism
chr_3364,"K14652  ribBA; 3,4-dihydroxy 2-butanone 4-phosphate synthase / GTP cyclohydrolase II",00790 Folate biosynthesis,Metabolism of cofactors and vitamins,Metabolism
chr_3370,"K22108  kstR2; TetR/AcrR family transcriptional regulator, cholesterol catabolism regulator",03000 Transcription factors,Protein families: genetic information processing,Brite Hierarchies
chr_3374,"K00626  E2.3.1.9, atoB; acetyl-CoA C-acetyltransferase",00650 Butanoate metabolism,Carbohydrate metabolism,Metabolism
chr_3374,"K00626  E2.3.1.9, atoB; acetyl-CoA C-acetyltransferase",00630 Glyoxylate and dicarboxylate metabolism,Carbohydrate metabolism,Metabolism
chr_3374,"K00626  E2.3.1.9, atoB; acetyl-CoA C-acetyltransferase",00071 Fatty acid degradation,Lipid metabolism,Metabolism
chr_3374,"K00626  E2.3.1.9, atoB; acetyl-CoA C-acetyltransferase",00900 Terpenoid backbone biosynthesis,Metabolism of terpenoids and polyketides,Metabolism
chr_3374,"K00626  E2.3.1.9, atoB; acetyl-CoA C-acetyltransferase",00072 Synthesis and degradation of ketone bodies,Lipid metabolism,Metabolism
chr_3374,"K00626  E2.3.1.9, atoB; acetyl-CoA C-acetyltransferase",00640 Propanoate metabolism,Carbohydrate metabolism,Metabolism
chr_3374,"K00626  E2.3.1.9, atoB; acetyl-CoA C-acetyltransferase",00620 Pyruvate metabolism,Carbohydrate metabolism,Metabolism
chr_3374,"K00626  E2.3.1.9, atoB; acetyl-CoA C-acetyltransferase",00310 Lysine degradation,Amino acid metabolism,Metabolism
chr_3374,"K00626  E2.3.1.9, atoB; acetyl-CoA C-acetyltransferase",00720 Carbon fixation pathways in prokaryotes,Energy metabolism,Metabolism
chr_3374,"K00626  E2.3.1.9, atoB; acetyl-CoA C-acetyltransferase",00380 Tryptophan metabolism,Amino acid metabolism,Metabolism
chr_3374,"K00626  E2.3.1.9, atoB; acetyl-CoA C-acetyltransferase","00280 Valine, leucine and isoleucine degradation",Amino acid metabolism,Metabolism
chr_3374,"K00626  E2.3.1.9, atoB; acetyl-CoA C-acetyltransferase",00362 Benzoate degradation,Xenobiotics biodegradation and metabolism,Metabolism
chr_3374,"K00626  E2.3.1.9, atoB; acetyl-CoA C-acetyltransferase",02020 Two-component system,Signal transduction,Environmental Information Processing
chr_3374,"K00626  E2.3.1.9, atoB; acetyl-CoA C-acetyltransferase",04147 Exosome,Protein families: signaling and cellular processes,Brite Hierarchies
chr_3381,K00612  E2.1.3.-; carbamoyltransferase,99980 Enzymes with EC numbers,Unclassified: metabolism,Not Included in Pathway or Brite
chr_3382,K00010  iolG; myo-inositol 2-dehydrogenase / D-chiro-inositol 1-dehydrogenase,00521 Streptomycin biosynthesis,Biosynthesis of other secondary metabolites,Metabolism
chr_3382,K00010  iolG; myo-inositol 2-dehydrogenase / D-chiro-inositol 1-dehydrogenase,00562 Inositol phosphate metabolism,Carbohydrate metabolism,Metabolism
chr_3388,"K01953  asnB, ASNS; asparagine synthase (glutamine-hydrolysing)","00250 Alanine, aspartate and glutamate metabolism",Amino acid metabolism,Metabolism
chr_3388,"K01953  asnB, ASNS; asparagine synthase (glutamine-hydrolysing)",01002 Peptidases and inhibitors,Protein families: metabolism,Brite Hierarchies
chr_3389,K03930  estA; putative tributyrin esterase,99980 Enzymes with EC numbers,Unclassified: metabolism,Not Included in Pathway or Brite
chr_3390,K03367  dltA; D-alanine--poly(phosphoribitol) ligase subunit 1,00473 D-Alanine metabolism,Metabolism of other amino acids,Metabolism
chr_3390,K03367  dltA; D-alanine--poly(phosphoribitol) ligase subunit 1,02020 Two-component system,Signal transduction,Environmental Information Processing
chr_3390,K03367  dltA; D-alanine--poly(phosphoribitol) ligase subunit 1,05150 Staphylococcus aureus infection,Infectious disease: bacterial,Human Diseases
chr_3390,K03367  dltA; D-alanine--poly(phosphoribitol) ligase subunit 1,01503 Cationic antimicrobial peptide (CAMP) resistance,Drug resistance: antimicrobial,Human Diseases
chr_3390,K03367  dltA; D-alanine--poly(phosphoribitol) ligase subunit 1,01504 Antimicrobial resistance genes,Protein families: signaling and cellular processes,Brite Hierarchies
chr_3395,K06001  trpB; tryptophan synthase beta chain,"00260 Glycine, serine and threonine metabolism",Amino acid metabolism,Metabolism
chr_3395,K06001  trpB; tryptophan synthase beta chain,"00400 Phenylalanine, tyrosine and tryptophan biosynthesis",Amino acid metabolism,Metabolism
chr_3397,K14340  K14340; mannosyltransferase,00571 Lipoarabinomannan (LAM) biosynthesis,Glycan biosynthesis and metabolism,Metabolism
chr_3397,K14340  K14340; mannosyltransferase,01003 Glycosyltransferases,Protein families: metabolism,Brite Hierarchies
chr_3398,"K18893  vcaM; ATP-binding cassette, subfamily B, multidrug efflux pump",02010 ABC transporters,Membrane transport,Environmental Information Processing
chr_3398,"K18893  vcaM; ATP-binding cassette, subfamily B, multidrug efflux pump",02000 Transporters,Protein families: signaling and cellular processes,Brite Hierarchies
chr_3401,"K00130  betB, gbsA; betaine-aldehyde dehydrogenase","00260 Glycine, serine and threonine metabolism",Amino acid metabolism,Metabolism
chr_3403,K07749  frc; formyl-CoA transferase,99980 Enzymes with EC numbers,Unclassified: metabolism,Not Included in Pathway or Brite
chr_3406,"K14652  ribBA; 3,4-dihydroxy 2-butanone 4-phosphate synthase / GTP cyclohydrolase II",00740 Riboflavin metabolism,Metabolism of cofactors and vitamins,Metabolism
chr_3406,"K14652  ribBA; 3,4-dihydroxy 2-butanone 4-phosphate synthase / GTP cyclohydrolase II",00790 Folate biosynthesis,Metabolism of cofactors and vitamins,Metabolism
chr_3410,"K07667  kdpE; two-component system, OmpR family, KDP operon response regulator KdpE",02020 Two-component system,Signal transduction,Environmental Information Processing
chr_3410,"K07667  kdpE; two-component system, OmpR family, KDP operon response regulator KdpE",02024 Quorum sensing,Cellular community - prokaryotes,Cellular Processes
chr_3410,"K07667  kdpE; two-component system, OmpR family, KDP operon response regulator KdpE",02022 Two-component system,Protein families: signaling and cellular processes,Brite Hierarchies
chr_3411,"K07646  kdpD; two-component system, OmpR family, sensor histidine kinase KdpD",02020 Two-component system,Signal transduction,Environmental Information Processing
chr_3411,"K07646  kdpD; two-component system, OmpR family, sensor histidine kinase KdpD",02022 Two-component system,Protein families: signaling and cellular processes,Brite Hierarchies
chr_3411,"K07646  kdpD; two-component system, OmpR family, sensor histidine kinase KdpD",01001 Protein kinases,Protein families: metabolism,Brite Hierarchies
chr_3412,K01548  kdpC; potassium-transporting ATPase KdpC subunit,02020 Two-component system,Signal transduction,Environmental Information Processing
chr_3413,K01547  kdpB; potassium-transporting ATPase ATP-binding subunit,02020 Two-component system,Signal transduction,Environmental Information Processing
chr_3414,K01546  kdpA; potassium-transporting ATPase potassium-binding subunit,02020 Two-component system,Signal transduction,Environmental Information Processing
chr_3422,K02035  ABC.PE.S; peptide/nickel transport system substrate-binding protein,02024 Quorum sensing,Cellular community - prokaryotes,Cellular Processes
chr_3422,K02035  ABC.PE.S; peptide/nickel transport system substrate-binding protein,02000 Transporters,Protein families: signaling and cellular processes,Brite Hierarchies
chr_3424,K22847  cysK2; S-sulfo-L-cysteine synthase (3-phospho-L-serine-dependent),00270 Cysteine and methionine metabolism,Amino acid metabolism,Metabolism
chr_3426,K03417  prpB; methylisocitrate lyase,00640 Propanoate metabolism,Carbohydrate metabolism,Metabolism
chr_3427,"K01647  CS, gltA; citrate synthase",00020 Citrate cycle (TCA cycle),Carbohydrate metabolism,Metabolism
chr_3427,"K01647  CS, gltA; citrate synthase",00630 Glyoxylate and dicarboxylate metabolism,Carbohydrate metabolism,Metabolism
chr_3433,K23124  pxpC; 5-oxoprolinase (ATP-hydrolysing) subunit C,00480 Glutathione metabolism,Metabolism of other amino acids,Metabolism
chr_3435,K07160  pxpA; 5-oxoprolinase (ATP-hydrolysing) subunit A,00480 Glutathione metabolism,Metabolism of other amino acids,Metabolism
chr_3437,K07487  K07487; transposase,99976 Replication and repair,Unclassified: genetic information processing,Not Included in Pathway or Brite
chr_3450,"K10009  tcyB, yecS; L-cystine transport system permease protein",02010 ABC transporters,Membrane transport,Environmental Information Processing
chr_3450,"K10009  tcyB, yecS; L-cystine transport system permease protein",02000 Transporters,Protein families: signaling and cellular processes,Brite Hierarchies
chr_3451,K10038  glnQ; glutamine transport system ATP-binding protein,02010 ABC transporters,Membrane transport,Environmental Information Processing
chr_3451,K10038  glnQ; glutamine transport system ATP-binding protein,02000 Transporters,Protein families: signaling and cellular processes,Brite Hierarchies
chr_3452,"K09472  puuC, aldH; 4-(gamma-glutamylamino)butanal dehydrogenase",00330 Arginine and proline metabolism,Amino acid metabolism,Metabolism
chr_3453,K21062  lhpC; 1-pyrroline-4-hydroxy-2-carboxylate deaminase,00330 Arginine and proline metabolism,Amino acid metabolism,Metabolism
chr_3454,K21624  c3lhypd; cis-L-3-hydroxyproline dehydratase,00330 Arginine and proline metabolism,Amino acid metabolism,Metabolism
chr_3455,"K22397  yjhH, yagE; 2-dehydro-3-deoxy-D-pentonate aldolase",00040 Pentose and glucuronate interconversions,Carbohydrate metabolism,Metabolism
chr_3456,"K00274  MAO, aofH; monoamine oxidase",00340 Histidine metabolism,Amino acid metabolism,Metabolism
chr_3456,"K00274  MAO, aofH; monoamine oxidase",00982 Drug metabolism - cytochrome P450,Xenobiotics biodegradation and metabolism,Metabolism
chr_3456,"K00274  MAO, aofH; monoamine oxidase",00350 Tyrosine metabolism,Amino acid metabolism,Metabolism
chr_3456,"K00274  MAO, aofH; monoamine oxidase","00260 Glycine, serine and threonine metabolism",Amino acid metabolism,Metabolism
chr_3456,"K00274  MAO, aofH; monoamine oxidase",00380 Tryptophan metabolism,Amino acid metabolism,Metabolism
chr_3456,"K00274  MAO, aofH; monoamine oxidase",00950 Isoquinoline alkaloid biosynthesis,Biosynthesis of other secondary metabolites,Metabolism
chr_3456,"K00274  MAO, aofH; monoamine oxidase",00360 Phenylalanine metabolism,Amino acid metabolism,Metabolism
chr_3456,"K00274  MAO, aofH; monoamine oxidase",00330 Arginine and proline metabolism,Amino acid metabolism,Metabolism
chr_3456,"K00274  MAO, aofH; monoamine oxidase",04726 Serotonergic synapse,Nervous system,Organismal Systems
chr_3456,"K00274  MAO, aofH; monoamine oxidase",04728 Dopaminergic synapse,Nervous system,Organismal Systems
chr_3456,"K00274  MAO, aofH; monoamine oxidase",05031 Amphetamine addiction,Substance dependence,Human Diseases
chr_3456,"K00274  MAO, aofH; monoamine oxidase",05030 Cocaine addiction,Substance dependence,Human Diseases
chr_3456,"K00274  MAO, aofH; monoamine oxidase",05034 Alcoholism,Substance dependence,Human Diseases
chr_3469,K00128  ALDH; aldehyde dehydrogenase (NAD+),00310 Lysine degradation,Amino acid metabolism,Metabolism
chr_3469,K00128  ALDH; aldehyde dehydrogenase (NAD+),"00280 Valine, leucine and isoleucine degradation",Amino acid metabolism,Metabolism
chr_3469,K00128  ALDH; aldehyde dehydrogenase (NAD+),00410 beta-Alanine metabolism,Metabolism of other amino acids,Metabolism
chr_3469,K00128  ALDH; aldehyde dehydrogenase (NAD+),00010 Glycolysis / Gluconeogenesis,Carbohydrate metabolism,Metabolism
chr_3469,K00128  ALDH; aldehyde dehydrogenase (NAD+),00071 Fatty acid degradation,Lipid metabolism,Metabolism
chr_3469,K00128  ALDH; aldehyde dehydrogenase (NAD+),00625 Chloroalkane and chloroalkene degradation,Xenobiotics biodegradation and metabolism,Metabolism
chr_3469,K00128  ALDH; aldehyde dehydrogenase (NAD+),00340 Histidine metabolism,Amino acid metabolism,Metabolism
chr_3469,K00128  ALDH; aldehyde dehydrogenase (NAD+),00380 Tryptophan metabolism,Amino acid metabolism,Metabolism
chr_3469,K00128  ALDH; aldehyde dehydrogenase (NAD+),00903 Limonene and pinene degradation,Metabolism of terpenoids and polyketides,Metabolism
chr_3469,K00128  ALDH; aldehyde dehydrogenase (NAD+),00620 Pyruvate metabolism,Carbohydrate metabolism,Metabolism
chr_3469,K00128  ALDH; aldehyde dehydrogenase (NAD+),00981 Insect hormone biosynthesis,Metabolism of terpenoids and polyketides,Metabolism
chr_3469,K00128  ALDH; aldehyde dehydrogenase (NAD+),00561 Glycerolipid metabolism,Lipid metabolism,Metabolism
chr_3469,K00128  ALDH; aldehyde dehydrogenase (NAD+),00053 Ascorbate and aldarate metabolism,Carbohydrate metabolism,Metabolism
chr_3469,K00128  ALDH; aldehyde dehydrogenase (NAD+),00330 Arginine and proline metabolism,Amino acid metabolism,Metabolism
chr_3484,K21607  pcpD; tetrachlorobenzoquinone reductase,00361 Chlorocyclohexane and chlorobenzene degradation,Xenobiotics biodegradation and metabolism,Metabolism
chr_3486,K07045  K07045; uncharacterized protein,99997 Function unknown,Poorly characterized,Not Included in Pathway or Brite
chr_3487,K07045  K07045; uncharacterized protein,99997 Function unknown,Poorly characterized,Not Included in Pathway or Brite
chr_3488,"K08192  DAL; MFS transporter, ACS family, allantoate permease",02000 Transporters,Protein families: signaling and cellular processes,Brite Hierarchies
chr_3489,K00053  ilvC; ketol-acid reductoisomerase,"00290 Valine, leucine and isoleucine biosynthesis",Amino acid metabolism,Metabolism
chr_3489,K00053  ilvC; ketol-acid reductoisomerase,00770 Pantothenate and CoA biosynthesis,Metabolism of cofactors and vitamins,Metabolism
chr_3491,"K00020  mmsB, HIBADH; 3-hydroxyisobutyrate dehydrogenase","00280 Valine, leucine and isoleucine degradation",Amino acid metabolism,Metabolism
chr_3492,K00138  aldB; aldehyde dehydrogenase,00620 Pyruvate metabolism,Carbohydrate metabolism,Metabolism
chr_3492,K00138  aldB; aldehyde dehydrogenase,00010 Glycolysis / Gluconeogenesis,Carbohydrate metabolism,Metabolism
chr_3494,K18702  uctC; CoA:oxalate CoA-transferase,99980 Enzymes with EC numbers,Unclassified: metabolism,Not Included in Pathway or Brite
chr_3497,K18929  lldF; L-lactate dehydrogenase complex protein LldF,99981 Carbohydrate metabolism,Unclassified: metabolism,Not Included in Pathway or Brite
chr_3498,K00782  lldG; L-lactate dehydrogenase complex protein LldG,99981 Carbohydrate metabolism,Unclassified: metabolism,Not Included in Pathway or Brite
chr_3501,"K00626  E2.3.1.9, atoB; acetyl-CoA C-acetyltransferase",00650 Butanoate metabolism,Carbohydrate metabolism,Metabolism
chr_3501,"K00626  E2.3.1.9, atoB; acetyl-CoA C-acetyltransferase",00630 Glyoxylate and dicarboxylate metabolism,Carbohydrate metabolism,Metabolism
chr_3501,"K00626  E2.3.1.9, atoB; acetyl-CoA C-acetyltransferase",00071 Fatty acid degradation,Lipid metabolism,Metabolism
chr_3501,"K00626  E2.3.1.9, atoB; acetyl-CoA C-acetyltransferase",00900 Terpenoid backbone biosynthesis,Metabolism of terpenoids and polyketides,Metabolism
chr_3501,"K00626  E2.3.1.9, atoB; acetyl-CoA C-acetyltransferase",00072 Synthesis and degradation of ketone bodies,Lipid metabolism,Metabolism
chr_3501,"K00626  E2.3.1.9, atoB; acetyl-CoA C-acetyltransferase",00640 Propanoate metabolism,Carbohydrate metabolism,Metabolism
chr_3501,"K00626  E2.3.1.9, atoB; acetyl-CoA C-acetyltransferase",00620 Pyruvate metabolism,Carbohydrate metabolism,Metabolism
chr_3501,"K00626  E2.3.1.9, atoB; acetyl-CoA C-acetyltransferase",00310 Lysine degradation,Amino acid metabolism,Metabolism
chr_3501,"K00626  E2.3.1.9, atoB; acetyl-CoA C-acetyltransferase",00720 Carbon fixation pathways in prokaryotes,Energy metabolism,Metabolism
chr_3501,"K00626  E2.3.1.9, atoB; acetyl-CoA C-acetyltransferase",00380 Tryptophan metabolism,Amino acid metabolism,Metabolism
chr_3501,"K00626  E2.3.1.9, atoB; acetyl-CoA C-acetyltransferase","00280 Valine, leucine and isoleucine degradation",Amino acid metabolism,Metabolism
chr_3501,"K00626  E2.3.1.9, atoB; acetyl-CoA C-acetyltransferase",00362 Benzoate degradation,Xenobiotics biodegradation and metabolism,Metabolism
chr_3501,"K00626  E2.3.1.9, atoB; acetyl-CoA C-acetyltransferase",02020 Two-component system,Signal transduction,Environmental Information Processing
chr_3501,"K00626  E2.3.1.9, atoB; acetyl-CoA C-acetyltransferase",04147 Exosome,Protein families: signaling and cellular processes,Brite Hierarchies
chr_3518,K09843  CYP707A; (+)-abscisic acid 8'-hydroxylase,00906 Carotenoid biosynthesis,Metabolism of terpenoids and polyketides,Metabolism
chr_3518,K09843  CYP707A; (+)-abscisic acid 8'-hydroxylase,00199 Cytochrome P450,Protein families: metabolism,Brite Hierarchies
chr_3519,K19267  qorB; NAD(P)H dehydrogenase (quinone),00130 Ubiquinone and other terpenoid-quinone biosynthesis,Metabolism of cofactors and vitamins,Metabolism
chr_3520,K10775  PAL; phenylalanine ammonia-lyase,00940 Phenylpropanoid biosynthesis,Biosynthesis of other secondary metabolites,Metabolism
chr_3520,K10775  PAL; phenylalanine ammonia-lyase,00360 Phenylalanine metabolism,Amino acid metabolism,Metabolism
chr_3523,"K01832  TBXAS1, CYP5A; thromboxane-A synthase",00590 Arachidonic acid metabolism,Lipid metabolism,Metabolism
chr_3523,"K01832  TBXAS1, CYP5A; thromboxane-A synthase",04611 Platelet activation,Immune system,Organismal Systems
chr_3523,"K01832  TBXAS1, CYP5A; thromboxane-A synthase",00199 Cytochrome P450,Protein families: metabolism,Brite Hierarchies
chr_3533,"K00384  trxB, TRR; thioredoxin reductase (NADPH)",00450 Selenocompound metabolism,Metabolism of other amino acids,Metabolism
chr_3534,"K00252  GCDH, gcdH; glutaryl-CoA dehydrogenase",00071 Fatty acid degradation,Lipid metabolism,Metabolism
chr_3534,"K00252  GCDH, gcdH; glutaryl-CoA dehydrogenase",00380 Tryptophan metabolism,Amino acid metabolism,Metabolism
chr_3534,"K00252  GCDH, gcdH; glutaryl-CoA dehydrogenase",00362 Benzoate degradation,Xenobiotics biodegradation and metabolism,Metabolism
chr_3534,"K00252  GCDH, gcdH; glutaryl-CoA dehydrogenase",00310 Lysine degradation,Amino acid metabolism,Metabolism
chr_3542,K18930  dld; D-lactate dehydrogenase,99981 Carbohydrate metabolism,Unclassified: metabolism,Not Included in Pathway or Brite
chr_3543,"K07481  K07481; transposase, IS5 family",99976 Replication and repair,Unclassified: genetic information processing,Not Included in Pathway or Brite
chr_3558,K08320  nudG; (d)CTP diphosphatase,99980 Enzymes with EC numbers,Unclassified: metabolism,Not Included in Pathway or Brite
chr_3565,K17285  SELENBP1; methanethiol oxidase,00920 Sulfur metabolism,Energy metabolism,Metabolism
chr_3565,K17285  SELENBP1; methanethiol oxidase,04147 Exosome,Protein families: signaling and cellular processes,Brite Hierarchies
chr_3570,K03932  lpqC; polyhydroxybutyrate depolymerase,99988 Secondary metabolism,Unclassified: metabolism,Not Included in Pathway or Brite
chr_3574,K07492  K07492; putative transposase,99976 Replication and repair,Unclassified: genetic information processing,Not Included in Pathway or Brite
chr_3576,"K07482  K07482; transposase, IS30 family",99976 Replication and repair,Unclassified: genetic information processing,Not Included in Pathway or Brite
chr_3605,K12423  fadD21; fatty acid CoA ligase FadD21,01004 Lipid biosynthesis proteins,Protein families: metabolism,Brite Hierarchies
chr_3608,"K07110  ramB; XRE family transcriptional regulator, fatty acid utilization regulator",03000 Transcription factors,Protein families: genetic information processing,Brite Hierarchies
chr_3610,K01720  prpD; 2-methylcitrate dehydratase,00640 Propanoate metabolism,Carbohydrate metabolism,Metabolism
chr_3612,"K01647  CS, gltA; citrate synthase",00020 Citrate cycle (TCA cycle),Carbohydrate metabolism,Metabolism
chr_3612,"K01647  CS, gltA; citrate synthase",00630 Glyoxylate and dicarboxylate metabolism,Carbohydrate metabolism,Metabolism
chr_3613,K00549  metE; 5-methyltetrahydropteroyltriglutamate--homocysteine methyltransferase,00270 Cysteine and methionine metabolism,Amino acid metabolism,Metabolism
chr_3613,K00549  metE; 5-methyltetrahydropteroyltriglutamate--homocysteine methyltransferase,00450 Selenocompound metabolism,Metabolism of other amino acids,Metabolism
chr_3616,K13941  folKP; 2-amino-4-hydroxy-6-hydroxymethyldihydropteridine diphosphokinase / dihydropteroate synthase,00790 Folate biosynthesis,Metabolism of cofactors and vitamins,Metabolism
chr_3618,"K14755  CRNS1, ATPGD1; carnosine synthase",00330 Arginine and proline metabolism,Amino acid metabolism,Metabolism
chr_3618,"K14755  CRNS1, ATPGD1; carnosine synthase",00340 Histidine metabolism,Amino acid metabolism,Metabolism
chr_3618,"K14755  CRNS1, ATPGD1; carnosine synthase",00410 beta-Alanine metabolism,Metabolism of other amino acids,Metabolism
chr_3622,K00612  E2.1.3.-; carbamoyltransferase,99980 Enzymes with EC numbers,Unclassified: metabolism,Not Included in Pathway or Brite
chr_3626,K13037  bacD; L-alanine-L-anticapsin ligase,00998 Biosynthesis of secondary metabolites - other antibiotics,Biosynthesis of other secondary metabolites,Metabolism
chr_3632,"K01689  ENO, eno; enolase",00680 Methane metabolism,Energy metabolism,Metabolism
chr_3632,"K01689  ENO, eno; enolase",00010 Glycolysis / Gluconeogenesis,Carbohydrate metabolism,Metabolism
chr_3632,"K01689  ENO, eno; enolase",03018 RNA degradation,"Folding, sorting and degradation",Genetic Information Processing
chr_3632,"K01689  ENO, eno; enolase",04066 HIF-1 signaling pathway,Signal transduction,Environmental Information Processing
chr_3632,"K01689  ENO, eno; enolase",04147 Exosome,Protein families: signaling and cellular processes,Brite Hierarchies
chr_3632,"K01689  ENO, eno; enolase",03019 Messenger RNA biogenesis,Protein families: genetic information processing,Brite Hierarchies
chr_3648,K07493  K07493; putative transposase,99976 Replication and repair,Unclassified: genetic information processing,Not Included in Pathway or Brite
chr_3654,K23537  nupA; general nucleoside transport system ATP-binding protein,02010 ABC transporters,Membrane transport,Environmental Information Processing
chr_3654,K23537  nupA; general nucleoside transport system ATP-binding protein,02000 Transporters,Protein families: signaling and cellular processes,Brite Hierarchies
chr_3664,"K00001  E1.1.1.1, adh; alcohol dehydrogenase",00830 Retinol metabolism,Metabolism of cofactors and vitamins,Metabolism
chr_3664,"K00001  E1.1.1.1, adh; alcohol dehydrogenase",00350 Tyrosine metabolism,Amino acid metabolism,Metabolism
chr_3664,"K00001  E1.1.1.1, adh; alcohol dehydrogenase",00626 Naphthalene degradation,Xenobiotics biodegradation and metabolism,Metabolism
chr_3664,"K00001  E1.1.1.1, adh; alcohol dehydrogenase",00010 Glycolysis / Gluconeogenesis,Carbohydrate metabolism,Metabolism
chr_3664,"K00001  E1.1.1.1, adh; alcohol dehydrogenase",00980 Metabolism of xenobiotics by cytochrome P450,Xenobiotics biodegradation and metabolism,Metabolism
chr_3664,"K00001  E1.1.1.1, adh; alcohol dehydrogenase",00982 Drug metabolism - cytochrome P450,Xenobiotics biodegradation and metabolism,Metabolism
chr_3664,"K00001  E1.1.1.1, adh; alcohol dehydrogenase",00625 Chloroalkane and chloroalkene degradation,Xenobiotics biodegradation and metabolism,Metabolism
chr_3664,"K00001  E1.1.1.1, adh; alcohol dehydrogenase",00071 Fatty acid degradation,Lipid metabolism,Metabolism
chr_3666,"K00108  betA, CHDH; choline dehydrogenase","00260 Glycine, serine and threonine metabolism",Amino acid metabolism,Metabolism
chr_3667,"K00166  BCKDHA, bkdA1; 2-oxoisovalerate dehydrogenase E1 component alpha subunit","00280 Valine, leucine and isoleucine degradation",Amino acid metabolism,Metabolism
chr_3667,"K00166  BCKDHA, bkdA1; 2-oxoisovalerate dehydrogenase E1 component alpha subunit",00640 Propanoate metabolism,Carbohydrate metabolism,Metabolism
chr_3668,"K00167  BCKDHB, bkdA2; 2-oxoisovalerate dehydrogenase E1 component beta subunit",00640 Propanoate metabolism,Carbohydrate metabolism,Metabolism
chr_3668,"K00167  BCKDHB, bkdA2; 2-oxoisovalerate dehydrogenase E1 component beta subunit","00280 Valine, leucine and isoleucine degradation",Amino acid metabolism,Metabolism
chr_3669,"K00627  DLAT, aceF, pdhC; pyruvate dehydrogenase E2 component (dihydrolipoamide acetyltransferase)",00020 Citrate cycle (TCA cycle),Carbohydrate metabolism,Metabolism
chr_3669,"K00627  DLAT, aceF, pdhC; pyruvate dehydrogenase E2 component (dihydrolipoamide acetyltransferase)",00620 Pyruvate metabolism,Carbohydrate metabolism,Metabolism
chr_3669,"K00627  DLAT, aceF, pdhC; pyruvate dehydrogenase E2 component (dihydrolipoamide acetyltransferase)",00010 Glycolysis / Gluconeogenesis,Carbohydrate metabolism,Metabolism
chr_3672,"K05548  benK; MFS transporter, AAHS family, benzoate transport protein",02000 Transporters,Protein families: signaling and cellular processes,Brite Hierarchies
chr_3693,K17285  SELENBP1; methanethiol oxidase,00920 Sulfur metabolism,Energy metabolism,Metabolism
chr_3693,K17285  SELENBP1; methanethiol oxidase,04147 Exosome,Protein families: signaling and cellular processes,Brite Hierarchies
chr_3729,K06988  fno; 8-hydroxy-5-deazaflavin:NADPH oxidoreductase,99980 Enzymes with EC numbers,Unclassified: metabolism,Not Included in Pathway or Brite
chr_3731,K11779  fbiC; FO synthase,00680 Methane metabolism,Energy metabolism,Metabolism
chr_3733,"K00059  fabG, OAR1; 3-oxoacyl-[acyl-carrier protein] reductase",00061 Fatty acid biosynthesis,Lipid metabolism,Metabolism
chr_3733,"K00059  fabG, OAR1; 3-oxoacyl-[acyl-carrier protein] reductase",00333 Prodigiosin biosynthesis,Biosynthesis of other secondary metabolites,Metabolism
chr_3733,"K00059  fabG, OAR1; 3-oxoacyl-[acyl-carrier protein] reductase",00780 Biotin metabolism,Metabolism of cofactors and vitamins,Metabolism
chr_3733,"K00059  fabG, OAR1; 3-oxoacyl-[acyl-carrier protein] reductase",01004 Lipid biosynthesis proteins,Protein families: metabolism,Brite Hierarchies
chr_3736,"K00320  mer; 5,10-methylenetetrahydromethanopterin reductase",00680 Methane metabolism,Energy metabolism,Metabolism
chr_3741,"K08369  ydjE; MFS transporter, putative metabolite:H+ symporter",02000 Transporters,Protein families: signaling and cellular processes,Brite Hierarchies
chr_3742,"K03576  metR; LysR family transcriptional regulator, regulator for metE and metH",03000 Transcription factors,Protein families: genetic information processing,Brite Hierarchies
chr_3743,"K00320  mer; 5,10-methylenetetrahydromethanopterin reductase",00680 Methane metabolism,Energy metabolism,Metabolism
chr_3746,K15013  ACSBG; long-chain-fatty-acid--CoA ligase ACSBG,00061 Fatty acid biosynthesis,Lipid metabolism,Metabolism
chr_3746,K15013  ACSBG; long-chain-fatty-acid--CoA ligase ACSBG,00071 Fatty acid degradation,Lipid metabolism,Metabolism
chr_3746,K15013  ACSBG; long-chain-fatty-acid--CoA ligase ACSBG,04920 Adipocytokine signaling pathway,Endocrine system,Organismal Systems
chr_3746,K15013  ACSBG; long-chain-fatty-acid--CoA ligase ACSBG,03320 PPAR signaling pathway,Endocrine system,Organismal Systems
chr_3746,K15013  ACSBG; long-chain-fatty-acid--CoA ligase ACSBG,01004 Lipid biosynthesis proteins,Protein families: metabolism,Brite Hierarchies
chr_3748,K07068  K07068; uncharacterized protein,99997 Function unknown,Poorly characterized,Not Included in Pathway or Brite
chr_3749,K20035  dmdC; 3-(methylthio)propanoyl-CoA dehydrogenase,00920 Sulfur metabolism,Energy metabolism,Metabolism
chr_3771,K16171  faaH; fumarylacetoacetate (FAA) hydrolase,00350 Tyrosine metabolism,Amino acid metabolism,Metabolism
chr_3771,K16171  faaH; fumarylacetoacetate (FAA) hydrolase,00643 Styrene degradation,Xenobiotics biodegradation and metabolism,Metabolism
chr_3773,"K01907  AACS, acsA; acetoacetyl-CoA synthetase","00280 Valine, leucine and isoleucine degradation",Amino acid metabolism,Metabolism
chr_3773,"K01907  AACS, acsA; acetoacetyl-CoA synthetase",00650 Butanoate metabolism,Carbohydrate metabolism,Metabolism
chr_3773,"K01907  AACS, acsA; acetoacetyl-CoA synthetase",01004 Lipid biosynthesis proteins,Protein families: metabolism,Brite Hierarchies
chr_3790,K07492  K07492; putative transposase,99976 Replication and repair,Unclassified: genetic information processing,Not Included in Pathway or Brite
chr_3800,"K10947  padR; PadR family transcriptional regulator, regulatory protein PadR",03000 Transcription factors,Protein families: genetic information processing,Brite Hierarchies
chr_3809,"K01126  E3.1.4.46, glpQ, ugpQ; glycerophosphoryl diester phosphodiesterase",00564 Glycerophospholipid metabolism,Lipid metabolism,Metabolism
chr_3810,"K06902  UMF1; MFS transporter, UMF1 family",04138 Autophagy - yeast,Transport and catabolism,Cellular Processes
chr_3810,"K06902  UMF1; MFS transporter, UMF1 family",02000 Transporters,Protein families: signaling and cellular processes,Brite Hierarchies
chr_3810,"K06902  UMF1; MFS transporter, UMF1 family",04131 Membrane trafficking,Protein families: genetic information processing,Brite Hierarchies
chr_3812,K03820  lnt; apolipoprotein N-acyltransferase,99980 Enzymes with EC numbers,Unclassified: metabolism,Not Included in Pathway or Brite
chr_3813,K03820  lnt; apolipoprotein N-acyltransferase,99980 Enzymes with EC numbers,Unclassified: metabolism,Not Included in Pathway or Brite
chr_3823,K10673  strA; streptomycin 3"-kinase,01504 Antimicrobial resistance genes,Protein families: signaling and cellular processes,Brite Hierarchies
chr_3825,K07161  K07161; uncharacterized protein,99997 Function unknown,Poorly characterized,Not Included in Pathway or Brite
chr_3826,"K00004  BDH, butB; (R,R)-butanediol dehydrogenase / meso-butanediol dehydrogenase / diacetyl reductase",00650 Butanoate metabolism,Carbohydrate metabolism,Metabolism
chr_3833,"K00373  narJ, narW; nitrate reductase molybdenum cofactor assembly chaperone NarJ/NarW",02020 Two-component system,Signal transduction,Environmental Information Processing
chr_3834,"K00371  narH, narY, nxrB; nitrate reductase / nitrite oxidoreductase, beta subunit",00910 Nitrogen metabolism,Energy metabolism,Metabolism
chr_3834,"K00371  narH, narY, nxrB; nitrate reductase / nitrite oxidoreductase, beta subunit",02020 Two-component system,Signal transduction,Environmental Information Processing
chr_3835,"K00370  narG, narZ, nxrA; nitrate reductase / nitrite oxidoreductase, alpha subunit",00910 Nitrogen metabolism,Energy metabolism,Metabolism
chr_3835,"K00370  narG, narZ, nxrA; nitrate reductase / nitrite oxidoreductase, alpha subunit",02020 Two-component system,Signal transduction,Environmental Information Processing
chr_3837,K00387  SUOX; sulfite oxidase,00920 Sulfur metabolism,Energy metabolism,Metabolism
chr_3839,K05794  terC; tellurite resistance protein TerC,99994 Others,Unclassified: signaling and cellular processes,Not Included in Pathway or Brite
chr_3842,K07492  K07492; putative transposase,99976 Replication and repair,Unclassified: genetic information processing,Not Included in Pathway or Brite
chr_3845,"K13633  ftrA; AraC family transcriptional regulator, transcriptional activator FtrA",03000 Transcription factors,Protein families: genetic information processing,Brite Hierarchies
chr_3847,K21832  gbcB; glycine betaine catabolism B,99996 General function prediction only,Poorly characterized,Not Included in Pathway or Brite
chr_3848,K00479  gbcA; glycine betaine catabolism A,99996 General function prediction only,Poorly characterized,Not Included in Pathway or Brite
chr_3858,K17689  CYP3A4; cytochrome P450 family 3 subfamily A polypeptide 4,00140 Steroid hormone biosynthesis,Lipid metabolism,Metabolism
chr_3858,K17689  CYP3A4; cytochrome P450 family 3 subfamily A polypeptide 4,00983 Drug metabolism - other enzymes,Xenobiotics biodegradation and metabolism,Metabolism
chr_3858,K17689  CYP3A4; cytochrome P450 family 3 subfamily A polypeptide 4,00982 Drug metabolism - cytochrome P450,Xenobiotics biodegradation and metabolism,Metabolism
chr_3858,K17689  CYP3A4; cytochrome P450 family 3 subfamily A polypeptide 4,00830 Retinol metabolism,Metabolism of cofactors and vitamins,Metabolism
chr_3858,K17689  CYP3A4; cytochrome P450 family 3 subfamily A polypeptide 4,00980 Metabolism of xenobiotics by cytochrome P450,Xenobiotics biodegradation and metabolism,Metabolism
chr_3858,K17689  CYP3A4; cytochrome P450 family 3 subfamily A polypeptide 4,00591 Linoleic acid metabolism,Lipid metabolism,Metabolism
chr_3858,K17689  CYP3A4; cytochrome P450 family 3 subfamily A polypeptide 4,04976 Bile secretion,Digestive system,Organismal Systems
chr_3858,K17689  CYP3A4; cytochrome P450 family 3 subfamily A polypeptide 4,05204 Chemical carcinogenesis,Cancer: overview,Human Diseases
chr_3858,K17689  CYP3A4; cytochrome P450 family 3 subfamily A polypeptide 4,00199 Cytochrome P450,Protein families: metabolism,Brite Hierarchies
chr_3859,K08232  E1.6.5.4; monodehydroascorbate reductase (NADH),00053 Ascorbate and aldarate metabolism,Carbohydrate metabolism,Metabolism
chr_3867,"K20885  K20885; beta-1,2-mannobiose phosphorylase / 1,2-beta-oligomannan phosphorylase",99980 Enzymes with EC numbers,Unclassified: metabolism,Not Included in Pathway or Brite
chr_3870,K03191  ureI; acid-activated urea channel,05120 Epithelial cell signaling in Helicobacter pylori infection,Infectious disease: bacterial,Human Diseases
chr_3870,K03191  ureI; acid-activated urea channel,02000 Transporters,Protein families: signaling and cellular processes,Brite Hierarchies
chr_3871,K01455  E3.5.1.49; formamidase,00460 Cyanoamino acid metabolism,Metabolism of other amino acids,Metabolism
chr_3871,K01455  E3.5.1.49; formamidase,00910 Nitrogen metabolism,Energy metabolism,Metabolism
chr_3871,K01455  E3.5.1.49; formamidase,00630 Glyoxylate and dicarboxylate metabolism,Carbohydrate metabolism,Metabolism
chr_3879,K21116  CYP112A; cytochrome P450 family 112 subfamily A,00199 Cytochrome P450,Protein families: metabolism,Brite Hierarchies
chr_3881,K05834  rhtB; homoserine/homoserine lactone efflux protein,02000 Transporters,Protein families: signaling and cellular processes,Brite Hierarchies
chr_3905,K02440  GLPF; glycerol uptake facilitator protein,02000 Transporters,Protein families: signaling and cellular processes,Brite Hierarchies
chr_3906,K03322  mntH; manganese transport protein,02000 Transporters,Protein families: signaling and cellular processes,Brite Hierarchies
chr_3908,"K04856  CACNA1I, CAV3.3; voltage-dependent calcium channel T type alpha-1I",04010 MAPK signaling pathway,Signal transduction,Environmental Information Processing
chr_3908,"K04856  CACNA1I, CAV3.3; voltage-dependent calcium channel T type alpha-1I",04020 Calcium signaling pathway,Signal transduction,Environmental Information Processing
chr_3908,"K04856  CACNA1I, CAV3.3; voltage-dependent calcium channel T type alpha-1I",04925 Aldosterone synthesis and secretion,Endocrine system,Organismal Systems
chr_3908,"K04856  CACNA1I, CAV3.3; voltage-dependent calcium channel T type alpha-1I",04927 Cortisol synthesis and secretion,Endocrine system,Organismal Systems
chr_3908,"K04856  CACNA1I, CAV3.3; voltage-dependent calcium channel T type alpha-1I",04929 GnRH secretion,Endocrine system,Organismal Systems
chr_3908,"K04856  CACNA1I, CAV3.3; voltage-dependent calcium channel T type alpha-1I",04713 Circadian entrainment,Environmental adaptation,Organismal Systems
chr_3908,"K04856  CACNA1I, CAV3.3; voltage-dependent calcium channel T type alpha-1I",04934 Cushing syndrome,Endocrine and metabolic disease,Human Diseases
chr_3908,"K04856  CACNA1I, CAV3.3; voltage-dependent calcium channel T type alpha-1I",04040 Ion channels,Protein families: signaling and cellular processes,Brite Hierarchies
chr_3909,K06377  spo0M; sporulation-control protein,99978 Cell growth,Unclassified: signaling and cellular processes,Not Included in Pathway or Brite
chr_3910,K03699  tlyC; putative hemolysin,02042 Bacterial toxins,Protein families: signaling and cellular processes,Brite Hierarchies
chr_3911,K03699  tlyC; putative hemolysin,02042 Bacterial toxins,Protein families: signaling and cellular processes,Brite Hierarchies
chr_3915,K11744  tqsA; AI-2 transport protein TqsA,99992 Structural proteins,Unclassified: signaling and cellular processes,Not Included in Pathway or Brite
chr_3919,K01474  hyuB; N-methylhydantoinase B,00330 Arginine and proline metabolism,Amino acid metabolism,Metabolism
chr_3920,K01473  hyuA; N-methylhydantoinase A,00330 Arginine and proline metabolism,Amino acid metabolism,Metabolism
chr_3922,K14051  gmr; c-di-GMP phosphodiesterase Gmr,02026 Biofilm formation - Escherichia coli,Cellular community - prokaryotes,Cellular Processes
chr_3922,K14051  gmr; c-di-GMP phosphodiesterase Gmr,02024 Quorum sensing,Cellular community - prokaryotes,Cellular Processes
chr_3926,"K06902  UMF1; MFS transporter, UMF1 family",04138 Autophagy - yeast,Transport and catabolism,Cellular Processes
chr_3926,"K06902  UMF1; MFS transporter, UMF1 family",02000 Transporters,Protein families: signaling and cellular processes,Brite Hierarchies
chr_3926,"K06902  UMF1; MFS transporter, UMF1 family",04131 Membrane trafficking,Protein families: genetic information processing,Brite Hierarchies
chr_3937,K07100  K07100; putative phosphoribosyl transferase,99996 General function prediction only,Poorly characterized,Not Included in Pathway or Brite
chr_3946,K07492  K07492; putative transposase,99976 Replication and repair,Unclassified: genetic information processing,Not Included in Pathway or Brite
chr_3948,"K06902  UMF1; MFS transporter, UMF1 family",04138 Autophagy - yeast,Transport and catabolism,Cellular Processes
chr_3948,"K06902  UMF1; MFS transporter, UMF1 family",02000 Transporters,Protein families: signaling and cellular processes,Brite Hierarchies
chr_3948,"K06902  UMF1; MFS transporter, UMF1 family",04131 Membrane trafficking,Protein families: genetic information processing,Brite Hierarchies
chr_3949,"K14415  RTCB, rtcB; tRNA-splicing ligase RtcB (3'-phosphate/5'-hydroxy nucleic acid ligase)",03016 Transfer RNA biogenesis,Protein families: genetic information processing,Brite Hierarchies
chr_3956,"K01426  E3.5.1.4, amiE; amidase",00330 Arginine and proline metabolism,Amino acid metabolism,Metabolism
chr_3956,"K01426  E3.5.1.4, amiE; amidase",00627 Aminobenzoate degradation,Xenobiotics biodegradation and metabolism,Metabolism
chr_3956,"K01426  E3.5.1.4, amiE; amidase",00380 Tryptophan metabolism,Amino acid metabolism,Metabolism
chr_3956,"K01426  E3.5.1.4, amiE; amidase",00360 Phenylalanine metabolism,Amino acid metabolism,Metabolism
chr_3956,"K01426  E3.5.1.4, amiE; amidase",00643 Styrene degradation,Xenobiotics biodegradation and metabolism,Metabolism
chr_3958,"K00033  PGD, gnd, gntZ; 6-phosphogluconate dehydrogenase",00480 Glutathione metabolism,Metabolism of other amino acids,Metabolism
chr_3958,"K00033  PGD, gnd, gntZ; 6-phosphogluconate dehydrogenase",00030 Pentose phosphate pathway,Carbohydrate metabolism,Metabolism
chr_3964,K07485  K07485; transposase,99976 Replication and repair,Unclassified: genetic information processing,Not Included in Pathway or Brite
chr_3971,K23114  ARMT1; protein-glutamate O-methyltransferase,03400 DNA repair and recombination proteins,Protein families: genetic information processing,Brite Hierarchies
chr_3972,K15736  lhgO; (S)-2-hydroxyglutarate dehydrogenase,00310 Lysine degradation,Amino acid metabolism,Metabolism
chr_3975,K04762  hslR; ribosome-associated heat shock protein Hsp15,03110 Chaperones and folding catalysts,Protein families: genetic information processing,Brite Hierarchies
chr_3979,"K22934  E3.2.1.28; alpha,alpha-trehalase",00500 Starch and sucrose metabolism,Carbohydrate metabolism,Metabolism
chr_3980,"K14977  ylbA, UGHY; (S)-ureidoglycine aminohydrolase",00230 Purine metabolism,Nucleotide metabolism,Metabolism
chr_3981,"K23164  RTN4IP1; reticulon-4-interacting protein 1, mitochondrial",03029 Mitochondrial biogenesis,Protein families: genetic information processing,Brite Hierarchies
chr_3988,K03579  hrpB; ATP-dependent helicase HrpB,99980 Enzymes with EC numbers,Unclassified: metabolism,Not Included in Pathway or Brite
chr_4003,"K01251  E3.3.1.1, ahcY; adenosylhomocysteinase",00270 Cysteine and methionine metabolism,Amino acid metabolism,Metabolism
chr_4003,"K01251  E3.3.1.1, ahcY; adenosylhomocysteinase",01009 Protein phosphatases and associated proteins,Protein families: metabolism,Brite Hierarchies
chr_4003,"K01251  E3.3.1.1, ahcY; adenosylhomocysteinase",04147 Exosome,Protein families: signaling and cellular processes,Brite Hierarchies
chr_4008,K00666  K00666; fatty-acyl-CoA synthase,01004 Lipid biosynthesis proteins,Protein families: metabolism,Brite Hierarchies
chr_4012,K00119  E1.1.99.36; alcohol dehydrogenase (nicotinoprotein),99980 Enzymes with EC numbers,Unclassified: metabolism,Not Included in Pathway or Brite
chr_4013,K05520  pfpI; protease I,01002 Peptidases and inhibitors,Protein families: metabolism,Brite Hierarchies
chr_4018,"K03088  rpoE; RNA polymerase sigma-70 factor, ECF subfamily",03021 Transcription machinery,Protein families: genetic information processing,Brite Hierarchies
chr_4020,K01246  tag; DNA-3-methyladenine glycosylase I,03410 Base excision repair,Replication and repair,Genetic Information Processing
chr_4020,K01246  tag; DNA-3-methyladenine glycosylase I,03400 DNA repair and recombination proteins,Protein families: genetic information processing,Brite Hierarchies
chr_4023,K09990  K09990; uncharacterized protein,99997 Function unknown,Poorly characterized,Not Included in Pathway or Brite
chr_4024,"K00567  ogt, MGMT; methylated-DNA-[protein]-cysteine S-methyltransferase",03400 DNA repair and recombination proteins,Protein families: genetic information processing,Brite Hierarchies
chr_4026,K00549  metE; 5-methyltetrahydropteroyltriglutamate--homocysteine methyltransferase,00270 Cysteine and methionine metabolism,Amino acid metabolism,Metabolism
chr_4026,K00549  metE; 5-methyltetrahydropteroyltriglutamate--homocysteine methyltransferase,00450 Selenocompound metabolism,Metabolism of other amino acids,Metabolism
chr_4041,"K01556  KYNU, kynU; kynureninase",00380 Tryptophan metabolism,Amino acid metabolism,Metabolism
chr_4043,"K00453  TDO2, kynA; tryptophan 2,3-dioxygenase",00380 Tryptophan metabolism,Amino acid metabolism,Metabolism
chr_4044,"K03762  proP; MFS transporter, MHS family, proline/betaine transporter",02000 Transporters,Protein families: signaling and cellular processes,Brite Hierarchies
chr_4049,"K00121  frmA, ADH5, adhC; S-(hydroxymethyl)glutathione dehydrogenase / alcohol dehydrogenase",00680 Methane metabolism,Energy metabolism,Metabolism
chr_4049,"K00121  frmA, ADH5, adhC; S-(hydroxymethyl)glutathione dehydrogenase / alcohol dehydrogenase",00010 Glycolysis / Gluconeogenesis,Carbohydrate metabolism,Metabolism
chr_4049,"K00121  frmA, ADH5, adhC; S-(hydroxymethyl)glutathione dehydrogenase / alcohol dehydrogenase",00626 Naphthalene degradation,Xenobiotics biodegradation and metabolism,Metabolism
chr_4049,"K00121  frmA, ADH5, adhC; S-(hydroxymethyl)glutathione dehydrogenase / alcohol dehydrogenase",00350 Tyrosine metabolism,Amino acid metabolism,Metabolism
chr_4049,"K00121  frmA, ADH5, adhC; S-(hydroxymethyl)glutathione dehydrogenase / alcohol dehydrogenase",00071 Fatty acid degradation,Lipid metabolism,Metabolism
chr_4049,"K00121  frmA, ADH5, adhC; S-(hydroxymethyl)glutathione dehydrogenase / alcohol dehydrogenase",00830 Retinol metabolism,Metabolism of cofactors and vitamins,Metabolism
chr_4049,"K00121  frmA, ADH5, adhC; S-(hydroxymethyl)glutathione dehydrogenase / alcohol dehydrogenase",00980 Metabolism of xenobiotics by cytochrome P450,Xenobiotics biodegradation and metabolism,Metabolism
chr_4049,"K00121  frmA, ADH5, adhC; S-(hydroxymethyl)glutathione dehydrogenase / alcohol dehydrogenase",00982 Drug metabolism - cytochrome P450,Xenobiotics biodegradation and metabolism,Metabolism
chr_4049,"K00121  frmA, ADH5, adhC; S-(hydroxymethyl)glutathione dehydrogenase / alcohol dehydrogenase",00625 Chloroalkane and chloroalkene degradation,Xenobiotics biodegradation and metabolism,Metabolism
chr_4049,"K00121  frmA, ADH5, adhC; S-(hydroxymethyl)glutathione dehydrogenase / alcohol dehydrogenase",05204 Chemical carcinogenesis,Cancer: overview,Human Diseases
chr_4051,"K00600  glyA, SHMT; glycine hydroxymethyltransferase","00260 Glycine, serine and threonine metabolism",Amino acid metabolism,Metabolism
chr_4051,"K00600  glyA, SHMT; glycine hydroxymethyltransferase",00680 Methane metabolism,Energy metabolism,Metabolism
chr_4051,"K00600  glyA, SHMT; glycine hydroxymethyltransferase",00630 Glyoxylate and dicarboxylate metabolism,Carbohydrate metabolism,Metabolism
chr_4051,"K00600  glyA, SHMT; glycine hydroxymethyltransferase",00670 One carbon pool by folate,Metabolism of cofactors and vitamins,Metabolism
chr_4051,"K00600  glyA, SHMT; glycine hydroxymethyltransferase",00460 Cyanoamino acid metabolism,Metabolism of other amino acids,Metabolism
chr_4051,"K00600  glyA, SHMT; glycine hydroxymethyltransferase",01523 Antifolate resistance,Drug resistance: antineoplastic,Human Diseases
chr_4052,"K00303  soxB; sarcosine oxidase, subunit beta","00260 Glycine, serine and threonine metabolism",Amino acid metabolism,Metabolism
chr_4053,"K00304  soxD; sarcosine oxidase, subunit delta","00260 Glycine, serine and threonine metabolism",Amino acid metabolism,Metabolism
chr_4054,"K00302  soxA; sarcosine oxidase, subunit alpha","00260 Glycine, serine and threonine metabolism",Amino acid metabolism,Metabolism
chr_4055,"K00305  soxG; sarcosine oxidase, subunit gamma","00260 Glycine, serine and threonine metabolism",Amino acid metabolism,Metabolism
chr_4062,K00796  folP; dihydropteroate synthase,00790 Folate biosynthesis,Metabolism of cofactors and vitamins,Metabolism
chr_4064,"K01752  E4.3.1.17, sdaA, sdaB, tdcG; L-serine dehydratase",00270 Cysteine and methionine metabolism,Amino acid metabolism,Metabolism
chr_4064,"K01752  E4.3.1.17, sdaA, sdaB, tdcG; L-serine dehydratase","00260 Glycine, serine and threonine metabolism",Amino acid metabolism,Metabolism
chr_4065,K01433  purU; formyltetrahydrofolate deformylase,00670 One carbon pool by folate,Metabolism of cofactors and vitamins,Metabolism
chr_4065,K01433  purU; formyltetrahydrofolate deformylase,00630 Glyoxylate and dicarboxylate metabolism,Carbohydrate metabolism,Metabolism
chr_4070,K20660  CYP709; cytochrome P450 family 709,00199 Cytochrome P450,Protein families: metabolism,Brite Hierarchies
chr_4072,K01061  E3.1.1.45; carboxymethylenebutenolidase,00364 Fluorobenzoate degradation,Xenobiotics biodegradation and metabolism,Metabolism
chr_4072,K01061  E3.1.1.45; carboxymethylenebutenolidase,00361 Chlorocyclohexane and chlorobenzene degradation,Xenobiotics biodegradation and metabolism,Metabolism
chr_4072,K01061  E3.1.1.45; carboxymethylenebutenolidase,00623 Toluene degradation,Xenobiotics biodegradation and metabolism,Metabolism
chr_4075,K01971  ligD; bifunctional non-homologous end joining protein LigD,03450 Non-homologous end-joining,Replication and repair,Genetic Information Processing
chr_4075,K01971  ligD; bifunctional non-homologous end joining protein LigD,03400 DNA repair and recombination proteins,Protein families: genetic information processing,Brite Hierarchies
chr_4077,K06139  pqqE; PqqA peptide cyclase,99980 Enzymes with EC numbers,Unclassified: metabolism,Not Included in Pathway or Brite
chr_4079,"K03437  spoU; RNA methyltransferase, TrmH family",03016 Transfer RNA biogenesis,Protein families: genetic information processing,Brite Hierarchies
chr_4081,K16869  lipL; octanoyl-[GcvH]:protein N-octanoyltransferase,00785 Lipoic acid metabolism,Metabolism of cofactors and vitamins,Metabolism
chr_4082,"K08167  smvA, qacA, lfrA; MFS transporter, DHA2 family, multidrug resistance protein",01504 Antimicrobial resistance genes,Protein families: signaling and cellular processes,Brite Hierarchies
chr_4082,"K08167  smvA, qacA, lfrA; MFS transporter, DHA2 family, multidrug resistance protein",02000 Transporters,Protein families: signaling and cellular processes,Brite Hierarchies
chr_4084,"K03088  rpoE; RNA polymerase sigma-70 factor, ECF subfamily",03021 Transcription machinery,Protein families: genetic information processing,Brite Hierarchies
chr_4094,K01560  E3.8.1.2; 2-haloacid dehalogenase,00361 Chlorocyclohexane and chlorobenzene degradation,Xenobiotics biodegradation and metabolism,Metabolism
chr_4094,K01560  E3.8.1.2; 2-haloacid dehalogenase,00625 Chloroalkane and chloroalkene degradation,Xenobiotics biodegradation and metabolism,Metabolism
chr_4095,"K06048  gshA, ybdK; glutamate---cysteine ligase / carboxylate-amine ligase",00480 Glutathione metabolism,Metabolism of other amino acids,Metabolism
chr_4108,K19309  bcrA; bacitracin transport system ATP-binding protein,02010 ABC transporters,Membrane transport,Environmental Information Processing
chr_4108,K19309  bcrA; bacitracin transport system ATP-binding protein,02000 Transporters,Protein families: signaling and cellular processes,Brite Hierarchies
chr_4111,"K00451  HGD, hmgA; homogentisate 1,2-dioxygenase",00643 Styrene degradation,Xenobiotics biodegradation and metabolism,Metabolism
chr_4111,"K00451  HGD, hmgA; homogentisate 1,2-dioxygenase",00350 Tyrosine metabolism,Amino acid metabolism,Metabolism
chr_4113,"K01555  FAH, fahA; fumarylacetoacetase",00350 Tyrosine metabolism,Amino acid metabolism,Metabolism
chr_4113,"K01555  FAH, fahA; fumarylacetoacetase",00643 Styrene degradation,Xenobiotics biodegradation and metabolism,Metabolism
chr_4113,"K01555  FAH, fahA; fumarylacetoacetase",04147 Exosome,Protein families: signaling and cellular processes,Brite Hierarchies
chr_4114,K05349  bglX; beta-glucosidase,00940 Phenylpropanoid biosynthesis,Biosynthesis of other secondary metabolites,Metabolism
chr_4114,K05349  bglX; beta-glucosidase,00460 Cyanoamino acid metabolism,Metabolism of other amino acids,Metabolism
chr_4114,K05349  bglX; beta-glucosidase,00500 Starch and sucrose metabolism,Carbohydrate metabolism,Metabolism
chr_4116,K10441  rbsA; ribose transport system ATP-binding protein,02010 ABC transporters,Membrane transport,Environmental Information Processing
chr_4116,K10441  rbsA; ribose transport system ATP-binding protein,02000 Transporters,Protein families: signaling and cellular processes,Brite Hierarchies
chr_4119,"K14158  SLC5A1, SGLT1; solute carrier family 5 (sodium/glucose cotransporter), member 1",04973 Carbohydrate digestion and absorption,Digestive system,Organismal Systems
chr_4119,"K14158  SLC5A1, SGLT1; solute carrier family 5 (sodium/glucose cotransporter), member 1",04978 Mineral absorption,Digestive system,Organismal Systems
chr_4119,"K14158  SLC5A1, SGLT1; solute carrier family 5 (sodium/glucose cotransporter), member 1",04976 Bile secretion,Digestive system,Organismal Systems
chr_4119,"K14158  SLC5A1, SGLT1; solute carrier family 5 (sodium/glucose cotransporter), member 1",04147 Exosome,Protein families: signaling and cellular processes,Brite Hierarchies
chr_4119,"K14158  SLC5A1, SGLT1; solute carrier family 5 (sodium/glucose cotransporter), member 1",02000 Transporters,Protein families: signaling and cellular processes,Brite Hierarchies
chr_4121,K15005  CYP28; cytochrome P450 family 28,99980 Enzymes with EC numbers,Unclassified: metabolism,Not Included in Pathway or Brite
chr_4122,K22893  pknH; serine/threonine kinase PknH,01001 Protein kinases,Protein families: metabolism,Brite Hierarchies
chr_4124,K20798  HENMT1; small RNA 2'-O-methyltransferase,03036 Chromosome and associated proteins,Protein families: genetic information processing,Brite Hierarchies
chr_4131,"K11085  msbA; ATP-binding cassette, subfamily B, bacterial MsbA",02010 ABC transporters,Membrane transport,Environmental Information Processing
chr_4131,"K11085  msbA; ATP-binding cassette, subfamily B, bacterial MsbA",02000 Transporters,Protein families: signaling and cellular processes,Brite Hierarchies
chr_4137,K22736  VIT; vacuolar iron transporter family protein,02000 Transporters,Protein families: signaling and cellular processes,Brite Hierarchies
chr_4139,"K01426  E3.5.1.4, amiE; amidase",00330 Arginine and proline metabolism,Amino acid metabolism,Metabolism
chr_4139,"K01426  E3.5.1.4, amiE; amidase",00627 Aminobenzoate degradation,Xenobiotics biodegradation and metabolism,Metabolism
chr_4139,"K01426  E3.5.1.4, amiE; amidase",00380 Tryptophan metabolism,Amino acid metabolism,Metabolism
chr_4139,"K01426  E3.5.1.4, amiE; amidase",00360 Phenylalanine metabolism,Amino acid metabolism,Metabolism
chr_4139,"K01426  E3.5.1.4, amiE; amidase",00643 Styrene degradation,Xenobiotics biodegradation and metabolism,Metabolism
chr_4141,K23256  curA; NADPH-dependent curcumin reductase,99980 Enzymes with EC numbers,Unclassified: metabolism,Not Included in Pathway or Brite
chr_4150,K12251  aguB; N-carbamoylputrescine amidase,00330 Arginine and proline metabolism,Amino acid metabolism,Metabolism
chr_4151,K00827  AGXT2; alanine-glyoxylate transaminase / (R)-3-amino-2-methylpropionate-pyruvate transaminase,"00260 Glycine, serine and threonine metabolism",Amino acid metabolism,Metabolism
chr_4151,K00827  AGXT2; alanine-glyoxylate transaminase / (R)-3-amino-2-methylpropionate-pyruvate transaminase,00270 Cysteine and methionine metabolism,Amino acid metabolism,Metabolism
chr_4151,K00827  AGXT2; alanine-glyoxylate transaminase / (R)-3-amino-2-methylpropionate-pyruvate transaminase,"00250 Alanine, aspartate and glutamate metabolism",Amino acid metabolism,Metabolism
chr_4151,K00827  AGXT2; alanine-glyoxylate transaminase / (R)-3-amino-2-methylpropionate-pyruvate transaminase,"00280 Valine, leucine and isoleucine degradation",Amino acid metabolism,Metabolism
chr_4151,K00827  AGXT2; alanine-glyoxylate transaminase / (R)-3-amino-2-methylpropionate-pyruvate transaminase,01007 Amino acid related enzymes,Protein families: metabolism,Brite Hierarchies
chr_4152,"K01464  DPYS, dht, hydA; dihydropyrimidinase",00240 Pyrimidine metabolism,Nucleotide metabolism,Metabolism
chr_4152,"K01464  DPYS, dht, hydA; dihydropyrimidinase",00410 beta-Alanine metabolism,Metabolism of other amino acids,Metabolism
chr_4152,"K01464  DPYS, dht, hydA; dihydropyrimidinase",00770 Pantothenate and CoA biosynthesis,Metabolism of cofactors and vitamins,Metabolism
chr_4152,"K01464  DPYS, dht, hydA; dihydropyrimidinase",00983 Drug metabolism - other enzymes,Xenobiotics biodegradation and metabolism,Metabolism
chr_4152,"K01464  DPYS, dht, hydA; dihydropyrimidinase",04147 Exosome,Protein families: signaling and cellular processes,Brite Hierarchies
chr_4153,K14728  K14728; phthiodiolone/phenolphthiodiolone dimycocerosates ketoreductase,99980 Enzymes with EC numbers,Unclassified: metabolism,Not Included in Pathway or Brite
chr_4154,K09016  rutG; putative pyrimidine permease RutG,02000 Transporters,Protein families: signaling and cellular processes,Brite Hierarchies
chr_4161,K00570  pmtA; phosphatidylethanolamine/phosphatidyl-N-methylethanolamine N-methyltransferase,00564 Glycerophospholipid metabolism,Lipid metabolism,Metabolism
chr_4162,"K01681  ACO, acnA; aconitate hydratase",00020 Citrate cycle (TCA cycle),Carbohydrate metabolism,Metabolism
chr_4162,"K01681  ACO, acnA; aconitate hydratase",00630 Glyoxylate and dicarboxylate metabolism,Carbohydrate metabolism,Metabolism
chr_4162,"K01681  ACO, acnA; aconitate hydratase",00720 Carbon fixation pathways in prokaryotes,Energy metabolism,Metabolism
chr_4167,"K01719  hemD, UROS; uroporphyrinogen-III synthase",00860 Porphyrin and chlorophyll metabolism,Metabolism of cofactors and vitamins,Metabolism
chr_4168,K00363  nirD; nitrite reductase (NADH) small subunit,00910 Nitrogen metabolism,Energy metabolism,Metabolism
chr_4169,K00362  nirB; nitrite reductase (NADH) large subunit,00910 Nitrogen metabolism,Energy metabolism,Metabolism
chr_4170,K22567  nroR; rubredoxin---NAD+ reductase,00071 Fatty acid degradation,Lipid metabolism,Metabolism
chr_4171,K00372  nasA; assimilatory nitrate reductase catalytic subunit,00910 Nitrogen metabolism,Energy metabolism,Metabolism
chr_4173,"K02575  NRT, narK, nrtP, nasA; MFS transporter, NNP family, nitrate/nitrite transporter",00910 Nitrogen metabolism,Energy metabolism,Metabolism
chr_4173,"K02575  NRT, narK, nrtP, nasA; MFS transporter, NNP family, nitrate/nitrite transporter",02000 Transporters,Protein families: signaling and cellular processes,Brite Hierarchies
chr_4174,K12410  npdA; NAD-dependent deacetylase,99980 Enzymes with EC numbers,Unclassified: metabolism,Not Included in Pathway or Brite
chr_4175,K21473  ripA; peptidoglycan DL-endopeptidase RipA,01002 Peptidases and inhibitors,Protein families: metabolism,Brite Hierarchies
chr_4175,K21473  ripA; peptidoglycan DL-endopeptidase RipA,01011 Peptidoglycan biosynthesis and degradation proteins,Protein families: metabolism,Brite Hierarchies
chr_4177,K03924  moxR; MoxR-like ATPase,99980 Enzymes with EC numbers,Unclassified: metabolism,Not Included in Pathway or Brite
chr_4179,K07114  yfbK; Ca-activated chloride channel homolog,02000 Transporters,Protein families: signaling and cellular processes,Brite Hierarchies
chr_4180,K00570  pmtA; phosphatidylethanolamine/phosphatidyl-N-methylethanolamine N-methyltransferase,00564 Glycerophospholipid metabolism,Lipid metabolism,Metabolism
chr_4181,K07507  mgtC; putative Mg2+ transporter-C (MgtC) family protein,02000 Transporters,Protein families: signaling and cellular processes,Brite Hierarchies
chr_4182,"K00384  trxB, TRR; thioredoxin reductase (NADPH)",00450 Selenocompound metabolism,Metabolism of other amino acids,Metabolism
chr_4184,"K00059  fabG, OAR1; 3-oxoacyl-[acyl-carrier protein] reductase",00061 Fatty acid biosynthesis,Lipid metabolism,Metabolism
chr_4184,"K00059  fabG, OAR1; 3-oxoacyl-[acyl-carrier protein] reductase",00333 Prodigiosin biosynthesis,Biosynthesis of other secondary metabolites,Metabolism
chr_4184,"K00059  fabG, OAR1; 3-oxoacyl-[acyl-carrier protein] reductase",00780 Biotin metabolism,Metabolism of cofactors and vitamins,Metabolism
chr_4184,"K00059  fabG, OAR1; 3-oxoacyl-[acyl-carrier protein] reductase",01004 Lipid biosynthesis proteins,Protein families: metabolism,Brite Hierarchies
chr_4185,K00208  fabI; enoyl-[acyl-carrier protein] reductase I,00333 Prodigiosin biosynthesis,Biosynthesis of other secondary metabolites,Metabolism
chr_4185,K00208  fabI; enoyl-[acyl-carrier protein] reductase I,00061 Fatty acid biosynthesis,Lipid metabolism,Metabolism
chr_4185,K00208  fabI; enoyl-[acyl-carrier protein] reductase I,00780 Biotin metabolism,Metabolism of cofactors and vitamins,Metabolism
chr_4185,K00208  fabI; enoyl-[acyl-carrier protein] reductase I,01004 Lipid biosynthesis proteins,Protein families: metabolism,Brite Hierarchies
chr_4186,"K01772  hemH, FECH; protoporphyrin/coproporphyrin ferrochelatase",00860 Porphyrin and chlorophyll metabolism,Metabolism of cofactors and vitamins,Metabolism
chr_4196,K00137  prr; aminobutyraldehyde dehydrogenase,00330 Arginine and proline metabolism,Amino acid metabolism,Metabolism
chr_4196,K00137  prr; aminobutyraldehyde dehydrogenase,00310 Lysine degradation,Amino acid metabolism,Metabolism
chr_4196,K00137  prr; aminobutyraldehyde dehydrogenase,00410 beta-Alanine metabolism,Metabolism of other amino acids,Metabolism
chr_4199,"K02433  gatA, QRSL1; aspartyl-tRNA(Asn)/glutamyl-tRNA(Gln) amidotransferase subunit A",00970 Aminoacyl-tRNA biosynthesis,Translation,Genetic Information Processing
chr_4199,"K02433  gatA, QRSL1; aspartyl-tRNA(Asn)/glutamyl-tRNA(Gln) amidotransferase subunit A",03029 Mitochondrial biogenesis,Protein families: genetic information processing,Brite Hierarchies
chr_4200,K12972  ghrA; glyoxylate/hydroxypyruvate reductase,00620 Pyruvate metabolism,Carbohydrate metabolism,Metabolism
chr_4200,K12972  ghrA; glyoxylate/hydroxypyruvate reductase,"00260 Glycine, serine and threonine metabolism",Amino acid metabolism,Metabolism
chr_4200,K12972  ghrA; glyoxylate/hydroxypyruvate reductase,00630 Glyoxylate and dicarboxylate metabolism,Carbohydrate metabolism,Metabolism
chr_4202,"K01799  nicE, maiA; maleate isomerase",00650 Butanoate metabolism,Carbohydrate metabolism,Metabolism
chr_4202,"K01799  nicE, maiA; maleate isomerase",00760 Nicotinate and nicotinamide metabolism,Metabolism of cofactors and vitamins,Metabolism
chr_4204,"K11476  K11476, gntR; GntR family transcriptional regulator, gluconate operon transcriptional repressor",03000 Transcription factors,Protein families: genetic information processing,Brite Hierarchies
chr_4205,K00135  gabD; succinate-semialdehyde dehydrogenase / glutarate-semialdehyde dehydrogenase,"00250 Alanine, aspartate and glutamate metabolism",Amino acid metabolism,Metabolism
chr_4205,K00135  gabD; succinate-semialdehyde dehydrogenase / glutarate-semialdehyde dehydrogenase,00760 Nicotinate and nicotinamide metabolism,Metabolism of cofactors and vitamins,Metabolism
chr_4205,K00135  gabD; succinate-semialdehyde dehydrogenase / glutarate-semialdehyde dehydrogenase,00350 Tyrosine metabolism,Amino acid metabolism,Metabolism
chr_4205,K00135  gabD; succinate-semialdehyde dehydrogenase / glutarate-semialdehyde dehydrogenase,00650 Butanoate metabolism,Carbohydrate metabolism,Metabolism
chr_4205,K00135  gabD; succinate-semialdehyde dehydrogenase / glutarate-semialdehyde dehydrogenase,00310 Lysine degradation,Amino acid metabolism,Metabolism
chr_4206,K00823  puuE; 4-aminobutyrate aminotransferase,00640 Propanoate metabolism,Carbohydrate metabolism,Metabolism
chr_4206,K00823  puuE; 4-aminobutyrate aminotransferase,00650 Butanoate metabolism,Carbohydrate metabolism,Metabolism
chr_4206,K00823  puuE; 4-aminobutyrate aminotransferase,00410 beta-Alanine metabolism,Metabolism of other amino acids,Metabolism
chr_4206,K00823  puuE; 4-aminobutyrate aminotransferase,"00250 Alanine, aspartate and glutamate metabolism",Amino acid metabolism,Metabolism
chr_4206,K00823  puuE; 4-aminobutyrate aminotransferase,01007 Amino acid related enzymes,Protein families: metabolism,Brite Hierarchies
chr_4207,K01005  tagT_U_V; polyisoprenyl-teichoic acid--peptidoglycan teichoic acid transferase,99980 Enzymes with EC numbers,Unclassified: metabolism,Not Included in Pathway or Brite
chr_4215,K03694  clpA; ATP-dependent Clp protease ATP-binding subunit ClpA,03110 Chaperones and folding catalysts,Protein families: genetic information processing,Brite Hierarchies
chr_4216,K00540  fqr; F420H(2)-dependent quinone reductase,99980 Enzymes with EC numbers,Unclassified: metabolism,Not Included in Pathway or Brite
chr_4225,K04343  strB; streptomycin 6-kinase,01504 Antimicrobial resistance genes,Protein families: signaling and cellular processes,Brite Hierarchies
chr_4232,"K02493  hemK, prmC, HEMK; release factor glutamine methyltransferase",03012 Translation factors,Protein families: genetic information processing,Brite Hierarchies
chr_4237,K01191  MAN2C1; alpha-mannosidase,00511 Other glycan degradation,Glycan biosynthesis and metabolism,Metabolism
chr_4237,K01191  MAN2C1; alpha-mannosidase,04131 Membrane trafficking,Protein families: genetic information processing,Brite Hierarchies
chr_4245,"K16167  bpsA, srsA, pks11, pks10; alkylresorcinol/alkylpyrone synthase",01008 Polyketide biosynthesis proteins,Protein families: metabolism,Brite Hierarchies
chr_4254,"K03892  arsR; ArsR family transcriptional regulator, arsenate/arsenite/antimonite-responsive transcriptional repressor",03000 Transcription factors,Protein families: genetic information processing,Brite Hierarchies
chr_4260,"K01867  WARS, trpS; tryptophanyl-tRNA synthetase",00970 Aminoacyl-tRNA biosynthesis,Translation,Genetic Information Processing
chr_4260,"K01867  WARS, trpS; tryptophanyl-tRNA synthetase",01007 Amino acid related enzymes,Protein families: metabolism,Brite Hierarchies
chr_4260,"K01867  WARS, trpS; tryptophanyl-tRNA synthetase",03016 Transfer RNA biogenesis,Protein families: genetic information processing,Brite Hierarchies
chr_4263,K18234  vat; virginiamycin A acetyltransferase,01504 Antimicrobial resistance genes,Protein families: signaling and cellular processes,Brite Hierarchies
chr_4266,"K08166  mmr; MFS transporter, DHA2 family, methylenomycin A resistance protein",02000 Transporters,Protein families: signaling and cellular processes,Brite Hierarchies
chr_4274,"K03088  rpoE; RNA polymerase sigma-70 factor, ECF subfamily",03021 Transcription machinery,Protein families: genetic information processing,Brite Hierarchies
chr_4276,K00024  mdh; malate dehydrogenase,00710 Carbon fixation in photosynthetic organisms,Energy metabolism,Metabolism
chr_4276,K00024  mdh; malate dehydrogenase,00720 Carbon fixation pathways in prokaryotes,Energy metabolism,Metabolism
chr_4276,K00024  mdh; malate dehydrogenase,00620 Pyruvate metabolism,Carbohydrate metabolism,Metabolism
chr_4276,K00024  mdh; malate dehydrogenase,00020 Citrate cycle (TCA cycle),Carbohydrate metabolism,Metabolism
chr_4276,K00024  mdh; malate dehydrogenase,00270 Cysteine and methionine metabolism,Amino acid metabolism,Metabolism
chr_4276,K00024  mdh; malate dehydrogenase,00680 Methane metabolism,Energy metabolism,Metabolism
chr_4276,K00024  mdh; malate dehydrogenase,00630 Glyoxylate and dicarboxylate metabolism,Carbohydrate metabolism,Metabolism
chr_4297,K07492  K07492; putative transposase,99976 Replication and repair,Unclassified: genetic information processing,Not Included in Pathway or Brite
chr_4304,"K00573  E2.1.1.77, pcm; protein-L-isoaspartate(D-aspartate) O-methyltransferase",99980 Enzymes with EC numbers,Unclassified: metabolism,Not Included in Pathway or Brite
chr_4306,K03649  mug; double-stranded uracil-DNA glycosylase,03410 Base excision repair,Replication and repair,Genetic Information Processing
chr_4306,K03649  mug; double-stranded uracil-DNA glycosylase,03400 DNA repair and recombination proteins,Protein families: genetic information processing,Brite Hierarchies
chr_4310,"K01426  E3.5.1.4, amiE; amidase",00330 Arginine and proline metabolism,Amino acid metabolism,Metabolism
chr_4310,"K01426  E3.5.1.4, amiE; amidase",00627 Aminobenzoate degradation,Xenobiotics biodegradation and metabolism,Metabolism
chr_4310,"K01426  E3.5.1.4, amiE; amidase",00380 Tryptophan metabolism,Amino acid metabolism,Metabolism
chr_4310,"K01426  E3.5.1.4, amiE; amidase",00360 Phenylalanine metabolism,Amino acid metabolism,Metabolism
chr_4310,"K01426  E3.5.1.4, amiE; amidase",00643 Styrene degradation,Xenobiotics biodegradation and metabolism,Metabolism
chr_4313,K04763  xerD; integrase/recombinase XerD,03036 Chromosome and associated proteins,Protein families: genetic information processing,Brite Hierarchies
chr_4320,K08963  mtnA; methylthioribose-1-phosphate isomerase,00270 Cysteine and methionine metabolism,Amino acid metabolism,Metabolism
chr_4321,"K09880  mtnC, ENOPH1; enolase-phosphatase E1",00270 Cysteine and methionine metabolism,Amino acid metabolism,Metabolism
chr_4322,K08964  mtnB; methylthioribulose-1-phosphate dehydratase,00270 Cysteine and methionine metabolism,Amino acid metabolism,Metabolism
chr_4323,"K08967  mtnD, mtnZ, ADI1; 1,2-dihydroxy-3-keto-5-methylthiopentene dioxygenase",00270 Cysteine and methionine metabolism,Amino acid metabolism,Metabolism
chr_4335,K01265  map; methionyl aminopeptidase,01002 Peptidases and inhibitors,Protein families: metabolism,Brite Hierarchies
chr_4340,K06153  bacA; undecaprenyl-diphosphatase,00550 Peptidoglycan biosynthesis,Glycan biosynthesis and metabolism,Metabolism
chr_4340,K06153  bacA; undecaprenyl-diphosphatase,01011 Peptidoglycan biosynthesis and degradation proteins,Protein families: metabolism,Brite Hierarchies
chr_4345,"K03800  lplA, lplJ, lipL1; lipoate---protein ligase",00785 Lipoic acid metabolism,Metabolism of cofactors and vitamins,Metabolism
chr_4359,K07009  gatD; lipid II isoglutaminyl synthase (glutamine-hydrolysing),00550 Peptidoglycan biosynthesis,Glycan biosynthesis and metabolism,Metabolism
chr_4360,K23393  murT; lipid II isoglutaminyl synthase (glutamine-hydrolysing),00550 Peptidoglycan biosynthesis,Glycan biosynthesis and metabolism,Metabolism
chr_4363,K21687  rpfA; resuscitation-promoting factor RpfA,99986 Glycan metabolism,Unclassified: metabolism,Not Included in Pathway or Brite
chr_4366,"K00124  fdoH, fdsB; formate dehydrogenase iron-sulfur subunit",00680 Methane metabolism,Energy metabolism,Metabolism
chr_4366,"K00124  fdoH, fdsB; formate dehydrogenase iron-sulfur subunit",00630 Glyoxylate and dicarboxylate metabolism,Carbohydrate metabolism,Metabolism
chr_4367,"K00123  fdoG, fdhF, fdwA; formate dehydrogenase major subunit",00680 Methane metabolism,Energy metabolism,Metabolism
chr_4367,"K00123  fdoG, fdhF, fdwA; formate dehydrogenase major subunit",00630 Glyoxylate and dicarboxylate metabolism,Carbohydrate metabolism,Metabolism
chr_4370,K07006  K07006; uncharacterized protein,99997 Function unknown,Poorly characterized,Not Included in Pathway or Brite
chr_4371,K01042  selA; L-seryl-tRNA(Ser) seleniumtransferase,00450 Selenocompound metabolism,Metabolism of other amino acids,Metabolism
chr_4371,K01042  selA; L-seryl-tRNA(Ser) seleniumtransferase,00970 Aminoacyl-tRNA biosynthesis,Translation,Genetic Information Processing
chr_4372,"K03833  selB, EEFSEC; selenocysteine-specific elongation factor",03012 Translation factors,Protein families: genetic information processing,Brite Hierarchies
chr_4373,K10979  ku; DNA end-binding protein Ku,03450 Non-homologous end-joining,Replication and repair,Genetic Information Processing
chr_4373,K10979  ku; DNA end-binding protein Ku,03400 DNA repair and recombination proteins,Protein families: genetic information processing,Brite Hierarchies
chr_4374,"K02613  paaE; ring-1,2-phenylacetyl-CoA epoxidase subunit PaaE",00360 Phenylalanine metabolism,Amino acid metabolism,Metabolism
chr_4375,"K02612  paaD; ring-1,2-phenylacetyl-CoA epoxidase subunit PaaD",00360 Phenylalanine metabolism,Amino acid metabolism,Metabolism
chr_4376,"K02611  paaC; ring-1,2-phenylacetyl-CoA epoxidase subunit PaaC",00360 Phenylalanine metabolism,Amino acid metabolism,Metabolism
chr_4377,"K02610  paaB; ring-1,2-phenylacetyl-CoA epoxidase subunit PaaB",00360 Phenylalanine metabolism,Amino acid metabolism,Metabolism
chr_4378,"K02609  paaA; ring-1,2-phenylacetyl-CoA epoxidase subunit PaaA",00360 Phenylalanine metabolism,Amino acid metabolism,Metabolism
chr_4379,"K02618  paaZ; oxepin-CoA hydrolase / 3-oxo-5,6-dehydrosuberyl-CoA semialdehyde dehydrogenase",00360 Phenylalanine metabolism,Amino acid metabolism,Metabolism
chr_4380,K02614  paaI; acyl-CoA thioesterase,00360 Phenylalanine metabolism,Amino acid metabolism,Metabolism
chr_4381,K01912  paaK; phenylacetate-CoA ligase,00360 Phenylalanine metabolism,Amino acid metabolism,Metabolism
chr_4381,K01912  paaK; phenylacetate-CoA ligase,05111 Biofilm formation - Vibrio cholerae,Cellular community - prokaryotes,Cellular Processes
chr_4384,K02291  crtB; 15-cis-phytoene synthase,00906 Carotenoid biosynthesis,Metabolism of terpenoids and polyketides,Metabolism
chr_4384,K02291  crtB; 15-cis-phytoene synthase,01006 Prenyltransferases,Protein families: metabolism,Brite Hierarchies
chr_4387,K01342  aprE; subtilisin,03110 Chaperones and folding catalysts,Protein families: genetic information processing,Brite Hierarchies
chr_4387,K01342  aprE; subtilisin,01002 Peptidases and inhibitors,Protein families: metabolism,Brite Hierarchies
chr_4396,K06177  rluA; tRNA pseudouridine32 synthase / 23S rRNA pseudouridine746 synthase,03009 Ribosome biogenesis,Protein families: genetic information processing,Brite Hierarchies
chr_4396,K06177  rluA; tRNA pseudouridine32 synthase / 23S rRNA pseudouridine746 synthase,03016 Transfer RNA biogenesis,Protein families: genetic information processing,Brite Hierarchies
chr_4397,"K05799  pdhR; GntR family transcriptional regulator, transcriptional repressor for pyruvate dehydrogenase complex",03000 Transcription factors,Protein families: genetic information processing,Brite Hierarchies
chr_4399,"K01039  gctA; glutaconate CoA-transferase, subunit A",00650 Butanoate metabolism,Carbohydrate metabolism,Metabolism
chr_4399,"K01039  gctA; glutaconate CoA-transferase, subunit A",00643 Styrene degradation,Xenobiotics biodegradation and metabolism,Metabolism
chr_4401,K06446  DCAA; acyl-CoA dehydrogenase,00930 Caprolactam degradation,Xenobiotics biodegradation and metabolism,Metabolism
chr_4403,K18291  ich-P; itaconyl-CoA hydratase / mesaconyl-C4 CoA hydratase,00660 C5-Branched dibasic acid metabolism,Carbohydrate metabolism,Metabolism
chr_4413,"K00826  E2.6.1.42, ilvE; branched-chain amino acid aminotransferase","00290 Valine, leucine and isoleucine biosynthesis",Amino acid metabolism,Metabolism
chr_4413,"K00826  E2.6.1.42, ilvE; branched-chain amino acid aminotransferase","00280 Valine, leucine and isoleucine degradation",Amino acid metabolism,Metabolism
chr_4413,"K00826  E2.6.1.42, ilvE; branched-chain amino acid aminotransferase",00770 Pantothenate and CoA biosynthesis,Metabolism of cofactors and vitamins,Metabolism
chr_4413,"K00826  E2.6.1.42, ilvE; branched-chain amino acid aminotransferase",00270 Cysteine and methionine metabolism,Amino acid metabolism,Metabolism
chr_4413,"K00826  E2.6.1.42, ilvE; branched-chain amino acid aminotransferase",01007 Amino acid related enzymes,Protein families: metabolism,Brite Hierarchies
chr_4416,K01666  mhpE; 4-hydroxy 2-oxovalerate aldolase,00362 Benzoate degradation,Xenobiotics biodegradation and metabolism,Metabolism
chr_4416,K01666  mhpE; 4-hydroxy 2-oxovalerate aldolase,00621 Dioxin degradation,Xenobiotics biodegradation and metabolism,Metabolism
chr_4416,K01666  mhpE; 4-hydroxy 2-oxovalerate aldolase,00622 Xylene degradation,Xenobiotics biodegradation and metabolism,Metabolism
chr_4416,K01666  mhpE; 4-hydroxy 2-oxovalerate aldolase,00360 Phenylalanine metabolism,Amino acid metabolism,Metabolism
chr_4417,K11517  HAO; (S)-2-hydroxy-acid oxidase,00630 Glyoxylate and dicarboxylate metabolism,Carbohydrate metabolism,Metabolism
chr_4417,K11517  HAO; (S)-2-hydroxy-acid oxidase,04146 Peroxisome,Transport and catabolism,Cellular Processes
chr_4422,K00279  CKX; cytokinin dehydrogenase,00908 Zeatin biosynthesis,Metabolism of terpenoids and polyketides,Metabolism
chr_4423,K11103  dctA; aerobic C4-dicarboxylate transport protein,02020 Two-component system,Signal transduction,Environmental Information Processing
chr_4423,K11103  dctA; aerobic C4-dicarboxylate transport protein,02000 Transporters,Protein families: signaling and cellular processes,Brite Hierarchies
chr_4424,"K14415  RTCB, rtcB; tRNA-splicing ligase RtcB (3'-phosphate/5'-hydroxy nucleic acid ligase)",03016 Transfer RNA biogenesis,Protein families: genetic information processing,Brite Hierarchies
chr_4431,"K07785  nrsD, nreB; MFS transporter, NRE family, putaive nickel resistance protein",02020 Two-component system,Signal transduction,Environmental Information Processing
chr_4431,"K07785  nrsD, nreB; MFS transporter, NRE family, putaive nickel resistance protein",02000 Transporters,Protein families: signaling and cellular processes,Brite Hierarchies
chr_4432,"K00507  SCD, desC; stearoyl-CoA desaturase (Delta-9 desaturase)",01040 Biosynthesis of unsaturated fatty acids,Lipid metabolism,Metabolism
chr_4432,"K00507  SCD, desC; stearoyl-CoA desaturase (Delta-9 desaturase)",04152 AMPK signaling pathway,Signal transduction,Environmental Information Processing
chr_4432,"K00507  SCD, desC; stearoyl-CoA desaturase (Delta-9 desaturase)",03320 PPAR signaling pathway,Endocrine system,Organismal Systems
chr_4432,"K00507  SCD, desC; stearoyl-CoA desaturase (Delta-9 desaturase)",04212 Longevity regulating pathway - worm,Aging,Organismal Systems
chr_4432,"K00507  SCD, desC; stearoyl-CoA desaturase (Delta-9 desaturase)",01004 Lipid biosynthesis proteins,Protein families: metabolism,Brite Hierarchies
chr_4434,K05794  terC; tellurite resistance protein TerC,99994 Others,Unclassified: signaling and cellular processes,Not Included in Pathway or Brite
chr_4445,"K03088  rpoE; RNA polymerase sigma-70 factor, ECF subfamily",03021 Transcription machinery,Protein families: genetic information processing,Brite Hierarchies
chr_4447,"K01008  selD, SEPHS; selenide, water dikinase",00450 Selenocompound metabolism,Metabolism of other amino acids,Metabolism
chr_4447,"K01008  selD, SEPHS; selenide, water dikinase",03016 Transfer RNA biogenesis,Protein families: genetic information processing,Brite Hierarchies
chr_4454,"K00412  CYTB, petB; ubiquinol-cytochrome c reductase cytochrome b subunit",00190 Oxidative phosphorylation,Energy metabolism,Metabolism
chr_4454,"K00412  CYTB, petB; ubiquinol-cytochrome c reductase cytochrome b subunit",02020 Two-component system,Signal transduction,Environmental Information Processing
chr_4454,"K00412  CYTB, petB; ubiquinol-cytochrome c reductase cytochrome b subunit",04260 Cardiac muscle contraction,Circulatory system,Organismal Systems
chr_4454,"K00412  CYTB, petB; ubiquinol-cytochrome c reductase cytochrome b subunit",04714 Thermogenesis,Environmental adaptation,Organismal Systems
chr_4454,"K00412  CYTB, petB; ubiquinol-cytochrome c reductase cytochrome b subunit",05012 Parkinson disease,Neurodegenerative disease,Human Diseases
chr_4454,"K00412  CYTB, petB; ubiquinol-cytochrome c reductase cytochrome b subunit",05016 Huntington disease,Neurodegenerative disease,Human Diseases
chr_4454,"K00412  CYTB, petB; ubiquinol-cytochrome c reductase cytochrome b subunit",04932 Non-alcoholic fatty liver disease (NAFLD),Endocrine and metabolic disease,Human Diseases
chr_4454,"K00412  CYTB, petB; ubiquinol-cytochrome c reductase cytochrome b subunit",05010 Alzheimer disease,Neurodegenerative disease,Human Diseases
chr_4454,"K00412  CYTB, petB; ubiquinol-cytochrome c reductase cytochrome b subunit",03029 Mitochondrial biogenesis,Protein families: genetic information processing,Brite Hierarchies
chr_4455,K00784  rnz; ribonuclease Z,03013 RNA transport,Translation,Genetic Information Processing
chr_4455,K00784  rnz; ribonuclease Z,03016 Transfer RNA biogenesis,Protein families: genetic information processing,Brite Hierarchies
chr_4456,K02234  cobW; cobalamin biosynthesis protein CobW,00860 Porphyrin and chlorophyll metabolism,Metabolism of cofactors and vitamins,Metabolism
chr_4463,K00481  pobA; p-hydroxybenzoate 3-monooxygenase,00362 Benzoate degradation,Xenobiotics biodegradation and metabolism,Metabolism
chr_4464,K07485  K07485; transposase,99976 Replication and repair,Unclassified: genetic information processing,Not Included in Pathway or Brite
chr_4467,K03704  cspA; cold shock protein,99973 Transcription,Unclassified: genetic information processing,Not Included in Pathway or Brite
chr_4468,K02051  ABC.SN.S; NitT/TauT family transport system substrate-binding protein,02000 Transporters,Protein families: signaling and cellular processes,Brite Hierarchies
chr_4469,K15555  ssuB; sulfonate transport system ATP-binding protein,00920 Sulfur metabolism,Energy metabolism,Metabolism
chr_4469,K15555  ssuB; sulfonate transport system ATP-binding protein,02010 ABC transporters,Membrane transport,Environmental Information Processing
chr_4469,K15555  ssuB; sulfonate transport system ATP-binding protein,02000 Transporters,Protein families: signaling and cellular processes,Brite Hierarchies
chr_4470,"K15577  nrtB, nasE, cynB; nitrate/nitrite transport system permease protein",00910 Nitrogen metabolism,Energy metabolism,Metabolism
chr_4470,"K15577  nrtB, nasE, cynB; nitrate/nitrite transport system permease protein",02010 ABC transporters,Membrane transport,Environmental Information Processing
chr_4470,"K15577  nrtB, nasE, cynB; nitrate/nitrite transport system permease protein",02000 Transporters,Protein families: signaling and cellular processes,Brite Hierarchies
chr_4472,"K15735  csiR; GntR family transcriptional regulator, carbon starvation induced regulator",03000 Transcription factors,Protein families: genetic information processing,Brite Hierarchies
chr_4475,"K00001  E1.1.1.1, adh; alcohol dehydrogenase",00830 Retinol metabolism,Metabolism of cofactors and vitamins,Metabolism
chr_4475,"K00001  E1.1.1.1, adh; alcohol dehydrogenase",00350 Tyrosine metabolism,Amino acid metabolism,Metabolism
chr_4475,"K00001  E1.1.1.1, adh; alcohol dehydrogenase",00626 Naphthalene degradation,Xenobiotics biodegradation and metabolism,Metabolism
chr_4475,"K00001  E1.1.1.1, adh; alcohol dehydrogenase",00010 Glycolysis / Gluconeogenesis,Carbohydrate metabolism,Metabolism
chr_4475,"K00001  E1.1.1.1, adh; alcohol dehydrogenase",00980 Metabolism of xenobiotics by cytochrome P450,Xenobiotics biodegradation and metabolism,Metabolism
chr_4475,"K00001  E1.1.1.1, adh; alcohol dehydrogenase",00982 Drug metabolism - cytochrome P450,Xenobiotics biodegradation and metabolism,Metabolism
chr_4475,"K00001  E1.1.1.1, adh; alcohol dehydrogenase",00625 Chloroalkane and chloroalkene degradation,Xenobiotics biodegradation and metabolism,Metabolism
chr_4475,"K00001  E1.1.1.1, adh; alcohol dehydrogenase",00071 Fatty acid degradation,Lipid metabolism,Metabolism
chr_4490,K00634  ptb; phosphate butyryltransferase,00650 Butanoate metabolism,Carbohydrate metabolism,Metabolism
chr_4491,"K00249  ACADM, acd; acyl-CoA dehydrogenase",00071 Fatty acid degradation,Lipid metabolism,Metabolism
chr_4491,"K00249  ACADM, acd; acyl-CoA dehydrogenase","00280 Valine, leucine and isoleucine degradation",Amino acid metabolism,Metabolism
chr_4491,"K00249  ACADM, acd; acyl-CoA dehydrogenase",03320 PPAR signaling pathway,Endocrine system,Organismal Systems
chr_4499,K00065  kduD; 2-dehydro-3-deoxy-D-gluconate 5-dehydrogenase,00040 Pentose and glucuronate interconversions,Carbohydrate metabolism,Metabolism
chr_4511,"K16167  bpsA, srsA, pks11, pks10; alkylresorcinol/alkylpyrone synthase",01008 Polyketide biosynthesis proteins,Protein families: metabolism,Brite Hierarchies
chr_4513,K00568  ubiG; 2-polyprenyl-6-hydroxyphenyl methylase / 3-demethylubiquinone-9 3-methyltransferase,00130 Ubiquinone and other terpenoid-quinone biosynthesis,Metabolism of cofactors and vitamins,Metabolism
chr_4515,"K01754  E4.3.1.19, ilvA, tdcB; threonine dehydratase","00260 Glycine, serine and threonine metabolism",Amino acid metabolism,Metabolism
chr_4515,"K01754  E4.3.1.19, ilvA, tdcB; threonine dehydratase","00290 Valine, leucine and isoleucine biosynthesis",Amino acid metabolism,Metabolism
chr_4523,"K01673  cynT, can; carbonic anhydrase",00910 Nitrogen metabolism,Energy metabolism,Metabolism
chr_4524,"K03429  ugtP; processive 1,2-diacylglycerol beta-glucosyltransferase",00561 Glycerolipid metabolism,Lipid metabolism,Metabolism
chr_4524,"K03429  ugtP; processive 1,2-diacylglycerol beta-glucosyltransferase",01003 Glycosyltransferases,Protein families: metabolism,Brite Hierarchies
chr_4529,K06045  shc; squalene-hopene/tetraprenyl-beta-curcumene cyclase,00909 Sesquiterpenoid and triterpenoid biosynthesis,Metabolism of terpenoids and polyketides,Metabolism
chr_4531,"K02293  PDS, crtP; 15-cis-phytoene desaturase",00906 Carotenoid biosynthesis,Metabolism of terpenoids and polyketides,Metabolism
chr_4532,K02291  crtB; 15-cis-phytoene synthase,00906 Carotenoid biosynthesis,Metabolism of terpenoids and polyketides,Metabolism
chr_4532,K02291  crtB; 15-cis-phytoene synthase,01006 Prenyltransferases,Protein families: metabolism,Brite Hierarchies
chr_4536,"K02066  mlaE, linK; phospholipid/cholesterol/gamma-HCH transport system permease protein",02010 ABC transporters,Membrane transport,Environmental Information Processing
chr_4536,"K02066  mlaE, linK; phospholipid/cholesterol/gamma-HCH transport system permease protein",02000 Transporters,Protein families: signaling and cellular processes,Brite Hierarchies
chr_4537,"K02066  mlaE, linK; phospholipid/cholesterol/gamma-HCH transport system permease protein",02010 ABC transporters,Membrane transport,Environmental Information Processing
chr_4537,"K02066  mlaE, linK; phospholipid/cholesterol/gamma-HCH transport system permease protein",02000 Transporters,Protein families: signaling and cellular processes,Brite Hierarchies
chr_4544,K18481  mas; Mce-associated membrane protein,02000 Transporters,Protein families: signaling and cellular processes,Brite Hierarchies
chr_4547,K01273  DPEP; membrane dipeptidase,04147 Exosome,Protein families: signaling and cellular processes,Brite Hierarchies
chr_4547,K01273  DPEP; membrane dipeptidase,00537 Glycosylphosphatidylinositol (GPI)-anchored proteins,Protein families: signaling and cellular processes,Brite Hierarchies
chr_4547,K01273  DPEP; membrane dipeptidase,01002 Peptidases and inhibitors,Protein families: metabolism,Brite Hierarchies
chr_4558,"K01039  gctA; glutaconate CoA-transferase, subunit A",00650 Butanoate metabolism,Carbohydrate metabolism,Metabolism
chr_4558,"K01039  gctA; glutaconate CoA-transferase, subunit A",00643 Styrene degradation,Xenobiotics biodegradation and metabolism,Metabolism
chr_4559,"K01040  gctB; glutaconate CoA-transferase, subunit B",00643 Styrene degradation,Xenobiotics biodegradation and metabolism,Metabolism
chr_4559,"K01040  gctB; glutaconate CoA-transferase, subunit B",00650 Butanoate metabolism,Carbohydrate metabolism,Metabolism
chr_4560,"K00449  pcaH; protocatechuate 3,4-dioxygenase, beta subunit",00624 Polycyclic aromatic hydrocarbon degradation,Xenobiotics biodegradation and metabolism,Metabolism
chr_4560,"K00449  pcaH; protocatechuate 3,4-dioxygenase, beta subunit",00362 Benzoate degradation,Xenobiotics biodegradation and metabolism,Metabolism
chr_4561,"K00448  pcaG; protocatechuate 3,4-dioxygenase, alpha subunit",00362 Benzoate degradation,Xenobiotics biodegradation and metabolism,Metabolism
chr_4561,"K00448  pcaG; protocatechuate 3,4-dioxygenase, alpha subunit",00624 Polycyclic aromatic hydrocarbon degradation,Xenobiotics biodegradation and metabolism,Metabolism
chr_4562,"K01857  pcaB; 3-carboxy-cis,cis-muconate cycloisomerase",00362 Benzoate degradation,Xenobiotics biodegradation and metabolism,Metabolism
chr_4563,K01055  pcaD; 3-oxoadipate enol-lactonase,00362 Benzoate degradation,Xenobiotics biodegradation and metabolism,Metabolism
chr_4564,K01607  pcaC; 4-carboxymuconolactone decarboxylase,00362 Benzoate degradation,Xenobiotics biodegradation and metabolism,Metabolism
chr_4565,"K02624  pcaR; IclR family transcriptional regulator, pca regulon regulatory protein",03000 Transcription factors,Protein families: genetic information processing,Brite Hierarchies
chr_4567,K18928  lldE; L-lactate dehydrogenase complex protein LldE,99981 Carbohydrate metabolism,Unclassified: metabolism,Not Included in Pathway or Brite
chr_4568,K18929  lldF; L-lactate dehydrogenase complex protein LldF,99981 Carbohydrate metabolism,Unclassified: metabolism,Not Included in Pathway or Brite
chr_4570,"K16047  hsaA; 3-hydroxy-9,10-secoandrosta-1,3,5(10)-triene-9,17-dione monooxygenase",00984 Steroid degradation,Xenobiotics biodegradation and metabolism,Metabolism
chr_4576,"K18888  efrB; ATP-binding cassette, subfamily B, multidrug efflux pump",02010 ABC transporters,Membrane transport,Environmental Information Processing
chr_4576,"K18888  efrB; ATP-binding cassette, subfamily B, multidrug efflux pump",02000 Transporters,Protein families: signaling and cellular processes,Brite Hierarchies
chr_4578,K04477  ycdX; putative hydrolase,99996 General function prediction only,Poorly characterized,Not Included in Pathway or Brite
chr_4579,"K07246  ttuC, dmlA; tartrate dehydrogenase/decarboxylase / D-malate dehydrogenase",00630 Glyoxylate and dicarboxylate metabolism,Carbohydrate metabolism,Metabolism
chr_4579,"K07246  ttuC, dmlA; tartrate dehydrogenase/decarboxylase / D-malate dehydrogenase",00650 Butanoate metabolism,Carbohydrate metabolism,Metabolism
chr_4580,K02069  ABC.X2.P; putative ABC transport system permease protein,02000 Transporters,Protein families: signaling and cellular processes,Brite Hierarchies
chr_4590,"K07684  narL; two-component system, NarL family, nitrate/nitrite response regulator NarL",02020 Two-component system,Signal transduction,Environmental Information Processing
chr_4590,"K07684  narL; two-component system, NarL family, nitrate/nitrite response regulator NarL",02022 Two-component system,Protein families: signaling and cellular processes,Brite Hierarchies
chr_4601,K18911  egtD; L-histidine Nalpha-methyltransferase,00340 Histidine metabolism,Amino acid metabolism,Metabolism
chr_4602,K07008  egtC; gamma-glutamyl hercynylcysteine S-oxide hydrolase,00340 Histidine metabolism,Amino acid metabolism,Metabolism
chr_4603,K18912  egtB; gamma-glutamyl hercynylcysteine S-oxide synthase,00340 Histidine metabolism,Amino acid metabolism,Metabolism
chr_4604,K01919  gshA; glutamate--cysteine ligase,00270 Cysteine and methionine metabolism,Amino acid metabolism,Metabolism
chr_4604,K01919  gshA; glutamate--cysteine ligase,00480 Glutathione metabolism,Metabolism of other amino acids,Metabolism
chr_4605,"K21962  acnR; TetR/AcrR family transcriptional regulator, transcriptional repressor of aconitase",03000 Transcription factors,Protein families: genetic information processing,Brite Hierarchies
chr_4607,"K01593  DDC, TDC; aromatic-L-amino-acid/L-tryptophan decarboxylase",00350 Tyrosine metabolism,Amino acid metabolism,Metabolism
chr_4607,"K01593  DDC, TDC; aromatic-L-amino-acid/L-tryptophan decarboxylase",00965 Betalain biosynthesis,Biosynthesis of other secondary metabolites,Metabolism
chr_4607,"K01593  DDC, TDC; aromatic-L-amino-acid/L-tryptophan decarboxylase",00950 Isoquinoline alkaloid biosynthesis,Biosynthesis of other secondary metabolites,Metabolism
chr_4607,"K01593  DDC, TDC; aromatic-L-amino-acid/L-tryptophan decarboxylase",00360 Phenylalanine metabolism,Amino acid metabolism,Metabolism
chr_4607,"K01593  DDC, TDC; aromatic-L-amino-acid/L-tryptophan decarboxylase",00380 Tryptophan metabolism,Amino acid metabolism,Metabolism
chr_4607,"K01593  DDC, TDC; aromatic-L-amino-acid/L-tryptophan decarboxylase",00901 Indole alkaloid biosynthesis,Biosynthesis of other secondary metabolites,Metabolism
chr_4607,"K01593  DDC, TDC; aromatic-L-amino-acid/L-tryptophan decarboxylase",04726 Serotonergic synapse,Nervous system,Organismal Systems
chr_4607,"K01593  DDC, TDC; aromatic-L-amino-acid/L-tryptophan decarboxylase",04361 Axon regeneration,Development and regeneration,Organismal Systems
chr_4607,"K01593  DDC, TDC; aromatic-L-amino-acid/L-tryptophan decarboxylase",04728 Dopaminergic synapse,Nervous system,Organismal Systems
chr_4607,"K01593  DDC, TDC; aromatic-L-amino-acid/L-tryptophan decarboxylase",05034 Alcoholism,Substance dependence,Human Diseases
chr_4607,"K01593  DDC, TDC; aromatic-L-amino-acid/L-tryptophan decarboxylase",05031 Amphetamine addiction,Substance dependence,Human Diseases
chr_4607,"K01593  DDC, TDC; aromatic-L-amino-acid/L-tryptophan decarboxylase",05030 Cocaine addiction,Substance dependence,Human Diseases
chr_4607,"K01593  DDC, TDC; aromatic-L-amino-acid/L-tryptophan decarboxylase",04147 Exosome,Protein families: signaling and cellular processes,Brite Hierarchies
chr_4611,"K03305  TC.POT; proton-dependent oligopeptide transporter, POT family",99977 Transport,Unclassified: signaling and cellular processes,Not Included in Pathway or Brite
chr_4613,K03699  tlyC; putative hemolysin,02042 Bacterial toxins,Protein families: signaling and cellular processes,Brite Hierarchies
chr_4614,K03699  tlyC; putative hemolysin,02042 Bacterial toxins,Protein families: signaling and cellular processes,Brite Hierarchies
chr_4619,K02006  cbiO; cobalt/nickel transport system ATP-binding protein,02010 ABC transporters,Membrane transport,Environmental Information Processing
chr_4619,K02006  cbiO; cobalt/nickel transport system ATP-binding protein,02000 Transporters,Protein families: signaling and cellular processes,Brite Hierarchies
chr_4620,K02008  cbiQ; cobalt/nickel transport system permease protein,02010 ABC transporters,Membrane transport,Environmental Information Processing
chr_4620,K02008  cbiQ; cobalt/nickel transport system permease protein,02000 Transporters,Protein families: signaling and cellular processes,Brite Hierarchies
chr_4622,K02007  cbiM; cobalt/nickel transport system permease protein,02010 ABC transporters,Membrane transport,Environmental Information Processing
chr_4622,K02007  cbiM; cobalt/nickel transport system permease protein,02000 Transporters,Protein families: signaling and cellular processes,Brite Hierarchies
chr_4624,"K00281  GLDC, gcvP; glycine dehydrogenase","00260 Glycine, serine and threonine metabolism",Amino acid metabolism,Metabolism
chr_4624,"K00281  GLDC, gcvP; glycine dehydrogenase",00630 Glyoxylate and dicarboxylate metabolism,Carbohydrate metabolism,Metabolism
chr_4626,K08999  K08999; uncharacterized protein,99997 Function unknown,Poorly characterized,Not Included in Pathway or Brite
chr_4628,"K02437  gcvH, GCSH; glycine cleavage system H protein","00260 Glycine, serine and threonine metabolism",Amino acid metabolism,Metabolism
chr_4628,"K02437  gcvH, GCSH; glycine cleavage system H protein",00630 Glyoxylate and dicarboxylate metabolism,Carbohydrate metabolism,Metabolism
chr_4629,K08744  CRLS; cardiolipin synthase (CMP-forming),00564 Glycerophospholipid metabolism,Lipid metabolism,Metabolism
chr_4631,"K01908  ACSS3, prpE; propionyl-CoA synthetase",00640 Propanoate metabolism,Carbohydrate metabolism,Metabolism
chr_4631,"K01908  ACSS3, prpE; propionyl-CoA synthetase",01004 Lipid biosynthesis proteins,Protein families: metabolism,Brite Hierarchies
chr_4633,K12373  HEXA_B; hexosaminidase,00603 Glycosphingolipid biosynthesis - globo and isoglobo series,Glycan biosynthesis and metabolism,Metabolism
chr_4633,K12373  HEXA_B; hexosaminidase,00520 Amino sugar and nucleotide sugar metabolism,Carbohydrate metabolism,Metabolism
chr_4633,K12373  HEXA_B; hexosaminidase,00531 Glycosaminoglycan degradation,Glycan biosynthesis and metabolism,Metabolism
chr_4633,K12373  HEXA_B; hexosaminidase,00513 Various types of N-glycan biosynthesis,Glycan biosynthesis and metabolism,Metabolism
chr_4633,K12373  HEXA_B; hexosaminidase,00604 Glycosphingolipid biosynthesis - ganglio series,Glycan biosynthesis and metabolism,Metabolism
chr_4633,K12373  HEXA_B; hexosaminidase,00511 Other glycan degradation,Glycan biosynthesis and metabolism,Metabolism
chr_4633,K12373  HEXA_B; hexosaminidase,04142 Lysosome,Transport and catabolism,Cellular Processes
chr_4633,K12373  HEXA_B; hexosaminidase,03110 Chaperones and folding catalysts,Protein families: genetic information processing,Brite Hierarchies
chr_4635,"K01252  entB, dhbB, vibB, mxcF; bifunctional isochorismate lyase / aryl carrier protein",01053 Biosynthesis of siderophore group nonribosomal peptides,Metabolism of terpenoids and polyketides,Metabolism
chr_4635,"K01252  entB, dhbB, vibB, mxcF; bifunctional isochorismate lyase / aryl carrier protein",01008 Polyketide biosynthesis proteins,Protein families: metabolism,Brite Hierarchies
chr_4636,"K02363  entE, dhbE, vibE, mxcE; 2,3-dihydroxybenzoate-AMP ligase",01053 Biosynthesis of siderophore group nonribosomal peptides,Metabolism of terpenoids and polyketides,Metabolism
chr_4636,"K02363  entE, dhbE, vibE, mxcE; 2,3-dihydroxybenzoate-AMP ligase",01008 Polyketide biosynthesis proteins,Protein families: metabolism,Brite Hierarchies
chr_4637,K02361  entC; isochorismate synthase,00130 Ubiquinone and other terpenoid-quinone biosynthesis,Metabolism of cofactors and vitamins,Metabolism
chr_4637,K02361  entC; isochorismate synthase,01053 Biosynthesis of siderophore group nonribosomal peptides,Metabolism of terpenoids and polyketides,Metabolism
chr_4638,"K00216  entA; 2,3-dihydro-2,3-dihydroxybenzoate dehydrogenase",01053 Biosynthesis of siderophore group nonribosomal peptides,Metabolism of terpenoids and polyketides,Metabolism
chr_4639,K01962  accA; acetyl-CoA carboxylase carboxyl transferase subunit alpha,00061 Fatty acid biosynthesis,Lipid metabolism,Metabolism
chr_4639,K01962  accA; acetyl-CoA carboxylase carboxyl transferase subunit alpha,00620 Pyruvate metabolism,Carbohydrate metabolism,Metabolism
chr_4639,K01962  accA; acetyl-CoA carboxylase carboxyl transferase subunit alpha,00720 Carbon fixation pathways in prokaryotes,Energy metabolism,Metabolism
chr_4639,K01962  accA; acetyl-CoA carboxylase carboxyl transferase subunit alpha,00640 Propanoate metabolism,Carbohydrate metabolism,Metabolism
chr_4640,K12429  fadD36; fatty acid CoA ligase FadD36,01004 Lipid biosynthesis proteins,Protein families: metabolism,Brite Hierarchies
chr_4641,"K05799  pdhR; GntR family transcriptional regulator, transcriptional repressor for pyruvate dehydrogenase complex",03000 Transcription factors,Protein families: genetic information processing,Brite Hierarchies
chr_4649,"K03294  TC.APA; basic amino acid/polyamine antiporter, APA family",99977 Transport,Unclassified: signaling and cellular processes,Not Included in Pathway or Brite
chr_4661,"K10706  SETX, ALS4; senataxin",03021 Transcription machinery,Protein families: genetic information processing,Brite Hierarchies
chr_4689,K17947  wbiB; dTDP-L-rhamnose 4-epimerase,00523 Polyketide sugar unit biosynthesis,Metabolism of terpenoids and polyketides,Metabolism
chr_4691,K09931  K09931; uncharacterized protein,99997 Function unknown,Poorly characterized,Not Included in Pathway or Brite
chr_4693,K13483  yagT; xanthine dehydrogenase YagT iron-sulfur-binding subunit,00230 Purine metabolism,Nucleotide metabolism,Metabolism
chr_4694,K11178  yagS; xanthine dehydrogenase YagS FAD-binding subunit,00230 Purine metabolism,Nucleotide metabolism,Metabolism
chr_4695,K11177  yagR; xanthine dehydrogenase YagR molybdenum-binding subunit,00230 Purine metabolism,Nucleotide metabolism,Metabolism
chr_4715,K22770  K22770; stearoyl-CoA 9-desaturase NADPH oxidoreductase,01040 Biosynthesis of unsaturated fatty acids,Lipid metabolism,Metabolism
chr_4716,K22769  desA3; NADPH-dependent stearoyl-CoA 9-desaturase,01040 Biosynthesis of unsaturated fatty acids,Lipid metabolism,Metabolism
chr_4716,K22769  desA3; NADPH-dependent stearoyl-CoA 9-desaturase,01004 Lipid biosynthesis proteins,Protein families: metabolism,Brite Hierarchies
chr_4723,K05841  E2.4.1.173; sterol 3beta-glucosyltransferase,01003 Glycosyltransferases,Protein families: metabolism,Brite Hierarchies
chr_4726,K01265  map; methionyl aminopeptidase,01002 Peptidases and inhibitors,Protein families: metabolism,Brite Hierarchies
chr_4730,"K17735  lcdH, cdhA; carnitine 3-dehydrogenase",99980 Enzymes with EC numbers,Unclassified: metabolism,Not Included in Pathway or Brite
chr_4731,K11687  ADPRHL2; poly(ADP-ribose) glycohydrolase ARH3,99980 Enzymes with EC numbers,Unclassified: metabolism,Not Included in Pathway or Brite
chr_4733,K00104  glcD; glycolate oxidase,00630 Glyoxylate and dicarboxylate metabolism,Carbohydrate metabolism,Metabolism
chr_4735,K03704  cspA; cold shock protein,99973 Transcription,Unclassified: genetic information processing,Not Included in Pathway or Brite
chr_4746,K17836  penP; beta-lactamase class A,00311 Penicillin and cephalosporin biosynthesis,Biosynthesis of other secondary metabolites,Metabolism
chr_4746,K17836  penP; beta-lactamase class A,01501 beta-Lactam resistance,Drug resistance: antimicrobial,Human Diseases
chr_4746,K17836  penP; beta-lactamase class A,01504 Antimicrobial resistance genes,Protein families: signaling and cellular processes,Brite Hierarchies
chr_4748,K18258  CRYM; thiomorpholine-carboxylate dehydrogenase,04147 Exosome,Protein families: signaling and cellular processes,Brite Hierarchies
chr_4755,K00104  glcD; glycolate oxidase,00630 Glyoxylate and dicarboxylate metabolism,Carbohydrate metabolism,Metabolism
chr_4757,K01771  plc; 1-phosphatidylinositol phosphodiesterase,00562 Inositol phosphate metabolism,Carbohydrate metabolism,Metabolism
chr_4758,K03929  pnbA; para-nitrobenzyl esterase,99980 Enzymes with EC numbers,Unclassified: metabolism,Not Included in Pathway or Brite
chr_4761,"K01251  E3.3.1.1, ahcY; adenosylhomocysteinase",00270 Cysteine and methionine metabolism,Amino acid metabolism,Metabolism
chr_4761,"K01251  E3.3.1.1, ahcY; adenosylhomocysteinase",01009 Protein phosphatases and associated proteins,Protein families: metabolism,Brite Hierarchies
chr_4761,"K01251  E3.3.1.1, ahcY; adenosylhomocysteinase",04147 Exosome,Protein families: signaling and cellular processes,Brite Hierarchies
chr_4762,"K00548  metH, MTR; 5-methyltetrahydrofolate--homocysteine methyltransferase",00670 One carbon pool by folate,Metabolism of cofactors and vitamins,Metabolism
chr_4762,"K00548  metH, MTR; 5-methyltetrahydrofolate--homocysteine methyltransferase",00270 Cysteine and methionine metabolism,Amino acid metabolism,Metabolism
chr_4762,"K00548  metH, MTR; 5-methyltetrahydrofolate--homocysteine methyltransferase",00450 Selenocompound metabolism,Metabolism of other amino acids,Metabolism
chr_4764,K00789  metK; S-adenosylmethionine synthetase,00270 Cysteine and methionine metabolism,Amino acid metabolism,Metabolism
chr_4765,K00552  GNMT; glycine N-methyltransferase,"00260 Glycine, serine and threonine metabolism",Amino acid metabolism,Metabolism
chr_4766,K14466  K14466; 4-hydroxybutyrate---CoA ligase (AMP-forming),00720 Carbon fixation pathways in prokaryotes,Energy metabolism,Metabolism
chr_4767,"K01195  uidA, GUSB; beta-glucuronidase",00531 Glycosaminoglycan degradation,Glycan biosynthesis and metabolism,Metabolism
chr_4767,"K01195  uidA, GUSB; beta-glucuronidase",00944 Flavone and flavonol biosynthesis,Biosynthesis of other secondary metabolites,Metabolism
chr_4767,"K01195  uidA, GUSB; beta-glucuronidase",00040 Pentose and glucuronate interconversions,Carbohydrate metabolism,Metabolism
chr_4767,"K01195  uidA, GUSB; beta-glucuronidase",00860 Porphyrin and chlorophyll metabolism,Metabolism of cofactors and vitamins,Metabolism
chr_4767,"K01195  uidA, GUSB; beta-glucuronidase",00983 Drug metabolism - other enzymes,Xenobiotics biodegradation and metabolism,Metabolism
chr_4767,"K01195  uidA, GUSB; beta-glucuronidase",04142 Lysosome,Transport and catabolism,Cellular Processes
chr_4768,"K01785  galM, GALM; aldose 1-epimerase",00010 Glycolysis / Gluconeogenesis,Carbohydrate metabolism,Metabolism
chr_4768,"K01785  galM, GALM; aldose 1-epimerase",00052 Galactose metabolism,Carbohydrate metabolism,Metabolism
chr_4769,K22369  EPHX4; epoxide hydrolase 4,01002 Peptidases and inhibitors,Protein families: metabolism,Brite Hierarchies
chr_4771,"K01652  E2.2.1.6L, ilvB, ilvG, ilvI; acetolactate synthase I/II/III large subunit",00650 Butanoate metabolism,Carbohydrate metabolism,Metabolism
chr_4771,"K01652  E2.2.1.6L, ilvB, ilvG, ilvI; acetolactate synthase I/II/III large subunit",00660 C5-Branched dibasic acid metabolism,Carbohydrate metabolism,Metabolism
chr_4771,"K01652  E2.2.1.6L, ilvB, ilvG, ilvI; acetolactate synthase I/II/III large subunit",00770 Pantothenate and CoA biosynthesis,Metabolism of cofactors and vitamins,Metabolism
chr_4771,"K01652  E2.2.1.6L, ilvB, ilvG, ilvI; acetolactate synthase I/II/III large subunit","00290 Valine, leucine and isoleucine biosynthesis",Amino acid metabolism,Metabolism
chr_4776,"K11936  pgaC, icaA; poly-beta-1,6-N-acetyl-D-glucosamine synthase",02026 Biofilm formation - Escherichia coli,Cellular community - prokaryotes,Cellular Processes
chr_4776,"K11936  pgaC, icaA; poly-beta-1,6-N-acetyl-D-glucosamine synthase",01003 Glycosyltransferases,Protein families: metabolism,Brite Hierarchies
chr_4778,"K08678  UXS1, uxs; UDP-glucuronate decarboxylase",00520 Amino sugar and nucleotide sugar metabolism,Carbohydrate metabolism,Metabolism
chr_4780,K03606  wcaJ; putative colanic acid biosysnthesis UDP-glucose lipid carrier transferase,05111 Biofilm formation - Vibrio cholerae,Cellular community - prokaryotes,Cellular Processes
chr_4782,K17810  asl; D-aspartate ligase,99980 Enzymes with EC numbers,Unclassified: metabolism,Not Included in Pathway or Brite
chr_4787,K07438  CYP27B1; calcidiol 1-monooxygenase (25-hydroxyvitamin D3 1alpha-hydroxylase),00100 Steroid biosynthesis,Lipid metabolism,Metabolism
chr_4787,K07438  CYP27B1; calcidiol 1-monooxygenase (25-hydroxyvitamin D3 1alpha-hydroxylase),"04928 Parathyroid hormone synthesis, secretion and action",Endocrine system,Organismal Systems
chr_4787,K07438  CYP27B1; calcidiol 1-monooxygenase (25-hydroxyvitamin D3 1alpha-hydroxylase),05152 Tuberculosis,Infectious disease: bacterial,Human Diseases
chr_4787,K07438  CYP27B1; calcidiol 1-monooxygenase (25-hydroxyvitamin D3 1alpha-hydroxylase),00199 Cytochrome P450,Protein families: metabolism,Brite Hierarchies
chr_4791,"K00175  korB, oorB, oforB; 2-oxoglutarate/2-oxoacid ferredoxin oxidoreductase subunit beta",00720 Carbon fixation pathways in prokaryotes,Energy metabolism,Metabolism
chr_4791,"K00175  korB, oorB, oforB; 2-oxoglutarate/2-oxoacid ferredoxin oxidoreductase subunit beta",00650 Butanoate metabolism,Carbohydrate metabolism,Metabolism
chr_4791,"K00175  korB, oorB, oforB; 2-oxoglutarate/2-oxoacid ferredoxin oxidoreductase subunit beta",00020 Citrate cycle (TCA cycle),Carbohydrate metabolism,Metabolism
chr_4791,"K00175  korB, oorB, oforB; 2-oxoglutarate/2-oxoacid ferredoxin oxidoreductase subunit beta",00010 Glycolysis / Gluconeogenesis,Carbohydrate metabolism,Metabolism
chr_4791,"K00175  korB, oorB, oforB; 2-oxoglutarate/2-oxoacid ferredoxin oxidoreductase subunit beta",00620 Pyruvate metabolism,Carbohydrate metabolism,Metabolism
chr_4792,"K00174  korA, oorA, oforA; 2-oxoglutarate/2-oxoacid ferredoxin oxidoreductase subunit alpha",00620 Pyruvate metabolism,Carbohydrate metabolism,Metabolism
chr_4792,"K00174  korA, oorA, oforA; 2-oxoglutarate/2-oxoacid ferredoxin oxidoreductase subunit alpha",00020 Citrate cycle (TCA cycle),Carbohydrate metabolism,Metabolism
chr_4792,"K00174  korA, oorA, oforA; 2-oxoglutarate/2-oxoacid ferredoxin oxidoreductase subunit alpha",00010 Glycolysis / Gluconeogenesis,Carbohydrate metabolism,Metabolism
chr_4792,"K00174  korA, oorA, oforA; 2-oxoglutarate/2-oxoacid ferredoxin oxidoreductase subunit alpha",00650 Butanoate metabolism,Carbohydrate metabolism,Metabolism
chr_4792,"K00174  korA, oorA, oforA; 2-oxoglutarate/2-oxoacid ferredoxin oxidoreductase subunit alpha",00720 Carbon fixation pathways in prokaryotes,Energy metabolism,Metabolism
chr_4794,"K17231  IYD, DEHAL1; iodotyrosine deiodinase",04918 Thyroid hormone synthesis,Endocrine system,Organismal Systems
chr_4796,K21084  yegE; diguanylate cyclase,02026 Biofilm formation - Escherichia coli,Cellular community - prokaryotes,Cellular Processes
chr_4807,K15634  gpmB; probable phosphoglycerate mutase,"00260 Glycine, serine and threonine metabolism",Amino acid metabolism,Metabolism
chr_4807,K15634  gpmB; probable phosphoglycerate mutase,00680 Methane metabolism,Energy metabolism,Metabolism
chr_4807,K15634  gpmB; probable phosphoglycerate mutase,00010 Glycolysis / Gluconeogenesis,Carbohydrate metabolism,Metabolism
chr_4824,K00266  gltD; glutamate synthase (NADPH) small chain,00910 Nitrogen metabolism,Energy metabolism,Metabolism
chr_4824,K00266  gltD; glutamate synthase (NADPH) small chain,"00250 Alanine, aspartate and glutamate metabolism",Amino acid metabolism,Metabolism
chr_4825,K00265  gltB; glutamate synthase (NADPH) large chain,00910 Nitrogen metabolism,Energy metabolism,Metabolism
chr_4825,K00265  gltB; glutamate synthase (NADPH) large chain,"00250 Alanine, aspartate and glutamate metabolism",Amino acid metabolism,Metabolism
chr_4825,K00265  gltB; glutamate synthase (NADPH) large chain,01002 Peptidases and inhibitors,Protein families: metabolism,Brite Hierarchies
chr_4837,"K13643  iscR; Rrf2 family transcriptional regulator, iron-sulfur cluster assembly transcription factor",03000 Transcription factors,Protein families: genetic information processing,Brite Hierarchies
chr_4838,K15553  ssuA; sulfonate transport system substrate-binding protein,00920 Sulfur metabolism,Energy metabolism,Metabolism
chr_4838,K15553  ssuA; sulfonate transport system substrate-binding protein,02010 ABC transporters,Membrane transport,Environmental Information Processing
chr_4838,K15553  ssuA; sulfonate transport system substrate-binding protein,02000 Transporters,Protein families: signaling and cellular processes,Brite Hierarchies
chr_4840,K04091  ssuD; alkanesulfonate monooxygenase,00920 Sulfur metabolism,Energy metabolism,Metabolism
chr_4841,K15555  ssuB; sulfonate transport system ATP-binding protein,00920 Sulfur metabolism,Energy metabolism,Metabolism
chr_4841,K15555  ssuB; sulfonate transport system ATP-binding protein,02010 ABC transporters,Membrane transport,Environmental Information Processing
chr_4841,K15555  ssuB; sulfonate transport system ATP-binding protein,02000 Transporters,Protein families: signaling and cellular processes,Brite Hierarchies
chr_4842,K15554  ssuC; sulfonate transport system permease protein,00920 Sulfur metabolism,Energy metabolism,Metabolism
chr_4842,K15554  ssuC; sulfonate transport system permease protein,02010 ABC transporters,Membrane transport,Environmental Information Processing
chr_4842,K15554  ssuC; sulfonate transport system permease protein,02000 Transporters,Protein families: signaling and cellular processes,Brite Hierarchies
chr_4845,K03809  wrbA; NAD(P)H dehydrogenase (quinone),00130 Ubiquinone and other terpenoid-quinone biosynthesis,Metabolism of cofactors and vitamins,Metabolism
chr_4847,K22025  denD; D-erythronate 2-dehydrogenase,99980 Enzymes with EC numbers,Unclassified: metabolism,Not Included in Pathway or Brite
chr_4850,"K00074  paaH, hbd, fadB, mmgB; 3-hydroxybutyryl-CoA dehydrogenase",00650 Butanoate metabolism,Carbohydrate metabolism,Metabolism
chr_4850,"K00074  paaH, hbd, fadB, mmgB; 3-hydroxybutyryl-CoA dehydrogenase",00362 Benzoate degradation,Xenobiotics biodegradation and metabolism,Metabolism
chr_4850,"K00074  paaH, hbd, fadB, mmgB; 3-hydroxybutyryl-CoA dehydrogenase",00360 Phenylalanine metabolism,Amino acid metabolism,Metabolism
chr_4851,"K00626  E2.3.1.9, atoB; acetyl-CoA C-acetyltransferase",00650 Butanoate metabolism,Carbohydrate metabolism,Metabolism
chr_4851,"K00626  E2.3.1.9, atoB; acetyl-CoA C-acetyltransferase",00630 Glyoxylate and dicarboxylate metabolism,Carbohydrate metabolism,Metabolism
chr_4851,"K00626  E2.3.1.9, atoB; acetyl-CoA C-acetyltransferase",00071 Fatty acid degradation,Lipid metabolism,Metabolism
chr_4851,"K00626  E2.3.1.9, atoB; acetyl-CoA C-acetyltransferase",00900 Terpenoid backbone biosynthesis,Metabolism of terpenoids and polyketides,Metabolism
chr_4851,"K00626  E2.3.1.9, atoB; acetyl-CoA C-acetyltransferase",00072 Synthesis and degradation of ketone bodies,Lipid metabolism,Metabolism
chr_4851,"K00626  E2.3.1.9, atoB; acetyl-CoA C-acetyltransferase",00640 Propanoate metabolism,Carbohydrate metabolism,Metabolism
chr_4851,"K00626  E2.3.1.9, atoB; acetyl-CoA C-acetyltransferase",00620 Pyruvate metabolism,Carbohydrate metabolism,Metabolism
chr_4851,"K00626  E2.3.1.9, atoB; acetyl-CoA C-acetyltransferase",00310 Lysine degradation,Amino acid metabolism,Metabolism
chr_4851,"K00626  E2.3.1.9, atoB; acetyl-CoA C-acetyltransferase",00720 Carbon fixation pathways in prokaryotes,Energy metabolism,Metabolism
chr_4851,"K00626  E2.3.1.9, atoB; acetyl-CoA C-acetyltransferase",00380 Tryptophan metabolism,Amino acid metabolism,Metabolism
chr_4851,"K00626  E2.3.1.9, atoB; acetyl-CoA C-acetyltransferase","00280 Valine, leucine and isoleucine degradation",Amino acid metabolism,Metabolism
chr_4851,"K00626  E2.3.1.9, atoB; acetyl-CoA C-acetyltransferase",00362 Benzoate degradation,Xenobiotics biodegradation and metabolism,Metabolism
chr_4851,"K00626  E2.3.1.9, atoB; acetyl-CoA C-acetyltransferase",02020 Two-component system,Signal transduction,Environmental Information Processing
chr_4851,"K00626  E2.3.1.9, atoB; acetyl-CoA C-acetyltransferase",04147 Exosome,Protein families: signaling and cellular processes,Brite Hierarchies
chr_4852,K01733  thrC; threonine synthase,00750 Vitamin B6 metabolism,Metabolism of cofactors and vitamins,Metabolism
chr_4852,K01733  thrC; threonine synthase,"00260 Glycine, serine and threonine metabolism",Amino acid metabolism,Metabolism
chr_4857,K04345  PKA; protein kinase A,04371 Apelin signaling pathway,Signal transduction,Environmental Information Processing
chr_4857,K04345  PKA; protein kinase A,04010 MAPK signaling pathway,Signal transduction,Environmental Information Processing
chr_4857,K04345  PKA; protein kinase A,04340 Hedgehog signaling pathway,Signal transduction,Environmental Information Processing
chr_4857,K04345  PKA; protein kinase A,04020 Calcium signaling pathway,Signal transduction,Environmental Information Processing
chr_4857,K04345  PKA; protein kinase A,04024 cAMP signaling pathway,Signal transduction,Environmental Information Processing
chr_4857,K04345  PKA; protein kinase A,04341 Hedgehog signaling pathway - fly,Signal transduction,Environmental Information Processing
chr_4857,K04345  PKA; protein kinase A,04014 Ras signaling pathway,Signal transduction,Environmental Information Processing
chr_4857,K04345  PKA; protein kinase A,04310 Wnt signaling pathway,Signal transduction,Environmental Information Processing
chr_4857,K04345  PKA; protein kinase A,04540 Gap junction,Cellular community - eukaryotes,Cellular Processes
chr_4857,K04345  PKA; protein kinase A,04140 Autophagy - animal,Transport and catabolism,Cellular Processes
chr_4857,K04345  PKA; protein kinase A,04114 Oocyte meiosis,Cell growth and death,Cellular Processes
chr_4857,K04345  PKA; protein kinase A,04530 Tight junction,Cellular community - eukaryotes,Cellular Processes
chr_4857,K04345  PKA; protein kinase A,04138 Autophagy - yeast,Transport and catabolism,Cellular Processes
chr_4857,K04345  PKA; protein kinase A,04113 Meiosis - yeast,Cell growth and death,Cellular Processes
chr_4857,K04345  PKA; protein kinase A,04727 GABAergic synapse,Nervous system,Organismal Systems
chr_4857,K04345  PKA; protein kinase A,04270 Vascular smooth muscle contraction,Circulatory system,Organismal Systems
chr_4857,K04345  PKA; protein kinase A,04927 Cortisol synthesis and secretion,Endocrine system,Organismal Systems
chr_4857,K04345  PKA; protein kinase A,04961 Endocrine and other factor-regulated calcium reabsorption,Excretory system,Organismal Systems
chr_4857,K04345  PKA; protein kinase A,04361 Axon regeneration,Development and regeneration,Organismal Systems
chr_4857,K04345  PKA; protein kinase A,04261 Adrenergic signaling in cardiomyocytes,Circulatory system,Organismal Systems
chr_4857,K04345  PKA; protein kinase A,"04928 Parathyroid hormone synthesis, secretion and action",Endocrine system,Organismal Systems
chr_4857,K04345  PKA; protein kinase A,04720 Long-term potentiation,Nervous system,Organismal Systems
chr_4857,K04345  PKA; protein kinase A,"04935 Growth hormone synthesis, secretion and action",Endocrine system,Organismal Systems
chr_4857,K04345  PKA; protein kinase A,04914 Progesterone-mediated oocyte maturation,Endocrine system,Organismal Systems
chr_4857,K04345  PKA; protein kinase A,04740 Olfactory transduction,Sensory system,Organismal Systems
chr_4857,K04345  PKA; protein kinase A,04713 Circadian entrainment,Environmental adaptation,Organismal Systems
chr_4857,K04345  PKA; protein kinase A,04923 Regulation of lipolysis in adipocytes,Endocrine system,Organismal Systems
chr_4857,K04345  PKA; protein kinase A,04976 Bile secretion,Digestive system,Organismal Systems
chr_4857,K04345  PKA; protein kinase A,04611 Platelet activation,Immune system,Organismal Systems
chr_4857,K04345  PKA; protein kinase A,04728 Dopaminergic synapse,Nervous system,Organismal Systems
chr_4857,K04345  PKA; protein kinase A,04724 Glutamatergic synapse,Nervous system,Organismal Systems
chr_4857,K04345  PKA; protein kinase A,04723 Retrograde endocannabinoid signaling,Nervous system,Organismal Systems
chr_4857,K04345  PKA; protein kinase A,04962 Vasopressin-regulated water reabsorption,Excretory system,Organismal Systems
chr_4857,K04345  PKA; protein kinase A,04211 Longevity regulating pathway,Aging,Organismal Systems
chr_4857,K04345  PKA; protein kinase A,04922 Glucagon signaling pathway,Endocrine system,Organismal Systems
chr_4857,K04345  PKA; protein kinase A,04725 Cholinergic synapse,Nervous system,Organismal Systems
chr_4857,K04345  PKA; protein kinase A,04924 Renin secretion,Endocrine system,Organismal Systems
chr_4857,K04345  PKA; protein kinase A,04925 Aldosterone synthesis and secretion,Endocrine system,Organismal Systems
chr_4857,K04345  PKA; protein kinase A,04912 GnRH signaling pathway,Endocrine system,Organismal Systems
chr_4857,K04345  PKA; protein kinase A,04921 Oxytocin signaling pathway,Endocrine system,Organismal Systems
chr_4857,K04345  PKA; protein kinase A,04915 Estrogen signaling pathway,Endocrine system,Organismal Systems
chr_4857,K04345  PKA; protein kinase A,04726 Serotonergic synapse,Nervous system,Organismal Systems
chr_4857,K04345  PKA; protein kinase A,04213 Longevity regulating pathway - multiple species,Aging,Organismal Systems
chr_4857,K04345  PKA; protein kinase A,04919 Thyroid hormone signaling pathway,Endocrine system,Organismal Systems
chr_4857,K04345  PKA; protein kinase A,04970 Salivary secretion,Digestive system,Organismal Systems
chr_4857,K04345  PKA; protein kinase A,04911 Insulin secretion,Endocrine system,Organismal Systems
chr_4857,K04345  PKA; protein kinase A,04918 Thyroid hormone synthesis,Endocrine system,Organismal Systems
chr_4857,K04345  PKA; protein kinase A,04916 Melanogenesis,Endocrine system,Organismal Systems
chr_4857,K04345  PKA; protein kinase A,04926 Relaxin signaling pathway,Endocrine system,Organismal Systems
chr_4857,K04345  PKA; protein kinase A,04971 Gastric acid secretion,Digestive system,Organismal Systems
chr_4857,K04345  PKA; protein kinase A,04714 Thermogenesis,Environmental adaptation,Organismal Systems
chr_4857,K04345  PKA; protein kinase A,04913 Ovarian steroidogenesis,Endocrine system,Organismal Systems
chr_4857,K04345  PKA; protein kinase A,04742 Taste transduction,Sensory system,Organismal Systems
chr_4857,K04345  PKA; protein kinase A,04062 Chemokine signaling pathway,Immune system,Organismal Systems
chr_4857,K04345  PKA; protein kinase A,04750 Inflammatory mediator regulation of TRP channels,Sensory system,Organismal Systems
chr_4857,K04345  PKA; protein kinase A,04910 Insulin signaling pathway,Endocrine system,Organismal Systems
chr_4857,K04345  PKA; protein kinase A,05200 Pathways in cancer,Cancer: overview,Human Diseases
chr_4857,K04345  PKA; protein kinase A,05030 Cocaine addiction,Substance dependence,Human Diseases
chr_4857,K04345  PKA; protein kinase A,05012 Parkinson disease,Neurodegenerative disease,Human Diseases
chr_4857,K04345  PKA; protein kinase A,05414 Dilated cardiomyopathy (DCM),Cardiovascular disease,Human Diseases
chr_4857,K04345  PKA; protein kinase A,04934 Cushing syndrome,Endocrine and metabolic disease,Human Diseases
chr_4857,K04345  PKA; protein kinase A,05110 Vibrio cholerae infection,Infectious disease: bacterial,Human Diseases
chr_4857,K04345  PKA; protein kinase A,05032 Morphine addiction,Substance dependence,Human Diseases
chr_4857,K04345  PKA; protein kinase A,05034 Alcoholism,Substance dependence,Human Diseases
chr_4857,K04345  PKA; protein kinase A,05031 Amphetamine addiction,Substance dependence,Human Diseases
chr_4857,K04345  PKA; protein kinase A,05205 Proteoglycans in cancer,Cancer: overview,Human Diseases
chr_4857,K04345  PKA; protein kinase A,01522 Endocrine resistance,Drug resistance: antineoplastic,Human Diseases
chr_4857,K04345  PKA; protein kinase A,05166 Human T-cell leukemia virus 1 infection,Infectious disease: viral,Human Diseases
chr_4857,K04345  PKA; protein kinase A,05146 Amoebiasis,Infectious disease: parasitic,Human Diseases
chr_4857,K04345  PKA; protein kinase A,05203 Viral carcinogenesis,Cancer: overview,Human Diseases
chr_4857,K04345  PKA; protein kinase A,05165 Human papillomavirus infection,Infectious disease: viral,Human Diseases
chr_4857,K04345  PKA; protein kinase A,05163 Human cytomegalovirus infection,Infectious disease: viral,Human Diseases
chr_4857,K04345  PKA; protein kinase A,05020 Prion diseases,Neurodegenerative disease,Human Diseases
chr_4857,K04345  PKA; protein kinase A,03036 Chromosome and associated proteins,Protein families: genetic information processing,Brite Hierarchies
chr_4857,K04345  PKA; protein kinase A,03019 Messenger RNA biogenesis,Protein families: genetic information processing,Brite Hierarchies
chr_4857,K04345  PKA; protein kinase A,01001 Protein kinases,Protein families: metabolism,Brite Hierarchies
chr_4864,K15553  ssuA; sulfonate transport system substrate-binding protein,00920 Sulfur metabolism,Energy metabolism,Metabolism
chr_4864,K15553  ssuA; sulfonate transport system substrate-binding protein,02010 ABC transporters,Membrane transport,Environmental Information Processing
chr_4864,K15553  ssuA; sulfonate transport system substrate-binding protein,02000 Transporters,Protein families: signaling and cellular processes,Brite Hierarchies
chr_4865,K15555  ssuB; sulfonate transport system ATP-binding protein,00920 Sulfur metabolism,Energy metabolism,Metabolism
chr_4865,K15555  ssuB; sulfonate transport system ATP-binding protein,02010 ABC transporters,Membrane transport,Environmental Information Processing
chr_4865,K15555  ssuB; sulfonate transport system ATP-binding protein,02000 Transporters,Protein families: signaling and cellular processes,Brite Hierarchies
chr_4866,K15554  ssuC; sulfonate transport system permease protein,00920 Sulfur metabolism,Energy metabolism,Metabolism
chr_4866,K15554  ssuC; sulfonate transport system permease protein,02010 ABC transporters,Membrane transport,Environmental Information Processing
chr_4866,K15554  ssuC; sulfonate transport system permease protein,02000 Transporters,Protein families: signaling and cellular processes,Brite Hierarchies
chr_4870,K07485  K07485; transposase,99976 Replication and repair,Unclassified: genetic information processing,Not Included in Pathway or Brite
chr_4874,K07054  K07054; uncharacterized protein,99997 Function unknown,Poorly characterized,Not Included in Pathway or Brite
chr_4876,K07793  tctA; putative tricarboxylic transport membrane protein,02020 Two-component system,Signal transduction,Environmental Information Processing
chr_4876,K07793  tctA; putative tricarboxylic transport membrane protein,02000 Transporters,Protein families: signaling and cellular processes,Brite Hierarchies
chr_4878,K07795  tctC; putative tricarboxylic transport membrane protein,02020 Two-component system,Signal transduction,Environmental Information Processing
chr_4878,K07795  tctC; putative tricarboxylic transport membrane protein,02000 Transporters,Protein families: signaling and cellular processes,Brite Hierarchies
chr_4885,"K00763  pncB, NAPRT1; nicotinate phosphoribosyltransferase",00760 Nicotinate and nicotinamide metabolism,Metabolism of cofactors and vitamins,Metabolism
chr_4890,K07052  K07052; uncharacterized protein,99997 Function unknown,Poorly characterized,Not Included in Pathway or Brite
chr_4911,"K13787  idsA; geranylgeranyl diphosphate synthase, type I",00900 Terpenoid backbone biosynthesis,Metabolism of terpenoids and polyketides,Metabolism
chr_4911,"K13787  idsA; geranylgeranyl diphosphate synthase, type I",01006 Prenyltransferases,Protein families: metabolism,Brite Hierarchies
chr_4912,"K03527  ispH, lytB; 4-hydroxy-3-methylbut-2-en-1-yl diphosphate reductase",00900 Terpenoid backbone biosynthesis,Metabolism of terpenoids and polyketides,Metabolism
chr_4915,K06915  K06915; uncharacterized protein,99997 Function unknown,Poorly characterized,Not Included in Pathway or Brite
chr_4917,K07486  K07486; transposase,99976 Replication and repair,Unclassified: genetic information processing,Not Included in Pathway or Brite
chr_4924,K11177  yagR; xanthine dehydrogenase YagR molybdenum-binding subunit,00230 Purine metabolism,Nucleotide metabolism,Metabolism
chr_4925,K11178  yagS; xanthine dehydrogenase YagS FAD-binding subunit,00230 Purine metabolism,Nucleotide metabolism,Metabolism
chr_4936,"K01142  E3.1.11.2, xthA; exodeoxyribonuclease III",03410 Base excision repair,Replication and repair,Genetic Information Processing
chr_4936,"K01142  E3.1.11.2, xthA; exodeoxyribonuclease III",03400 DNA repair and recombination proteins,Protein families: genetic information processing,Brite Hierarchies
chr_4938,"K03718  asnC; Lrp/AsnC family transcriptional regulator, regulator for asnA, asnC and gidA",03000 Transcription factors,Protein families: genetic information processing,Brite Hierarchies
chr_4939,"K00166  BCKDHA, bkdA1; 2-oxoisovalerate dehydrogenase E1 component alpha subunit","00280 Valine, leucine and isoleucine degradation",Amino acid metabolism,Metabolism
chr_4939,"K00166  BCKDHA, bkdA1; 2-oxoisovalerate dehydrogenase E1 component alpha subunit",00640 Propanoate metabolism,Carbohydrate metabolism,Metabolism
chr_4940,"K00167  BCKDHB, bkdA2; 2-oxoisovalerate dehydrogenase E1 component beta subunit",00640 Propanoate metabolism,Carbohydrate metabolism,Metabolism
chr_4940,"K00167  BCKDHB, bkdA2; 2-oxoisovalerate dehydrogenase E1 component beta subunit","00280 Valine, leucine and isoleucine degradation",Amino acid metabolism,Metabolism
chr_4941,"K09699  DBT, bkdB; 2-oxoisovalerate dehydrogenase E2 component (dihydrolipoyl transacylase)",00640 Propanoate metabolism,Carbohydrate metabolism,Metabolism
chr_4941,"K09699  DBT, bkdB; 2-oxoisovalerate dehydrogenase E2 component (dihydrolipoyl transacylase)","00280 Valine, leucine and isoleucine degradation",Amino acid metabolism,Metabolism
chr_4943,K01990  ABC-2.A; ABC-2 type transport system ATP-binding protein,02000 Transporters,Protein families: signaling and cellular processes,Brite Hierarchies
chr_4946,"K00626  E2.3.1.9, atoB; acetyl-CoA C-acetyltransferase",00650 Butanoate metabolism,Carbohydrate metabolism,Metabolism
chr_4946,"K00626  E2.3.1.9, atoB; acetyl-CoA C-acetyltransferase",00630 Glyoxylate and dicarboxylate metabolism,Carbohydrate metabolism,Metabolism
chr_4946,"K00626  E2.3.1.9, atoB; acetyl-CoA C-acetyltransferase",00071 Fatty acid degradation,Lipid metabolism,Metabolism
chr_4946,"K00626  E2.3.1.9, atoB; acetyl-CoA C-acetyltransferase",00900 Terpenoid backbone biosynthesis,Metabolism of terpenoids and polyketides,Metabolism
chr_4946,"K00626  E2.3.1.9, atoB; acetyl-CoA C-acetyltransferase",00072 Synthesis and degradation of ketone bodies,Lipid metabolism,Metabolism
chr_4946,"K00626  E2.3.1.9, atoB; acetyl-CoA C-acetyltransferase",00640 Propanoate metabolism,Carbohydrate metabolism,Metabolism
chr_4946,"K00626  E2.3.1.9, atoB; acetyl-CoA C-acetyltransferase",00620 Pyruvate metabolism,Carbohydrate metabolism,Metabolism
chr_4946,"K00626  E2.3.1.9, atoB; acetyl-CoA C-acetyltransferase",00310 Lysine degradation,Amino acid metabolism,Metabolism
chr_4946,"K00626  E2.3.1.9, atoB; acetyl-CoA C-acetyltransferase",00720 Carbon fixation pathways in prokaryotes,Energy metabolism,Metabolism
chr_4946,"K00626  E2.3.1.9, atoB; acetyl-CoA C-acetyltransferase",00380 Tryptophan metabolism,Amino acid metabolism,Metabolism
chr_4946,"K00626  E2.3.1.9, atoB; acetyl-CoA C-acetyltransferase","00280 Valine, leucine and isoleucine degradation",Amino acid metabolism,Metabolism
chr_4946,"K00626  E2.3.1.9, atoB; acetyl-CoA C-acetyltransferase",00362 Benzoate degradation,Xenobiotics biodegradation and metabolism,Metabolism
chr_4946,"K00626  E2.3.1.9, atoB; acetyl-CoA C-acetyltransferase",02020 Two-component system,Signal transduction,Environmental Information Processing
chr_4946,"K00626  E2.3.1.9, atoB; acetyl-CoA C-acetyltransferase",04147 Exosome,Protein families: signaling and cellular processes,Brite Hierarchies
chr_4947,"K01029  E2.8.3.5B, scoB; 3-oxoacid CoA-transferase subunit B",00072 Synthesis and degradation of ketone bodies,Lipid metabolism,Metabolism
chr_4947,"K01029  E2.8.3.5B, scoB; 3-oxoacid CoA-transferase subunit B","00280 Valine, leucine and isoleucine degradation",Amino acid metabolism,Metabolism
chr_4947,"K01029  E2.8.3.5B, scoB; 3-oxoacid CoA-transferase subunit B",00650 Butanoate metabolism,Carbohydrate metabolism,Metabolism
chr_4948,"K01028  E2.8.3.5A, scoA; 3-oxoacid CoA-transferase subunit A",00650 Butanoate metabolism,Carbohydrate metabolism,Metabolism
chr_4948,"K01028  E2.8.3.5A, scoA; 3-oxoacid CoA-transferase subunit A",00072 Synthesis and degradation of ketone bodies,Lipid metabolism,Metabolism
chr_4948,"K01028  E2.8.3.5A, scoA; 3-oxoacid CoA-transferase subunit A","00280 Valine, leucine and isoleucine degradation",Amino acid metabolism,Metabolism
chr_4968,"K04079  HSP90A, htpG; molecular chaperone HtpG",04141 Protein processing in endoplasmic reticulum,"Folding, sorting and degradation",Genetic Information Processing
chr_4968,"K04079  HSP90A, htpG; molecular chaperone HtpG",04151 PI3K-Akt signaling pathway,Signal transduction,Environmental Information Processing
chr_4968,"K04079  HSP90A, htpG; molecular chaperone HtpG",04217 Necroptosis,Cell growth and death,Cellular Processes
chr_4968,"K04079  HSP90A, htpG; molecular chaperone HtpG",04657 IL-17 signaling pathway,Immune system,Organismal Systems
chr_4968,"K04079  HSP90A, htpG; molecular chaperone HtpG",04915 Estrogen signaling pathway,Endocrine system,Organismal Systems
chr_4968,"K04079  HSP90A, htpG; molecular chaperone HtpG",04659 Th17 cell differentiation,Immune system,Organismal Systems
chr_4968,"K04079  HSP90A, htpG; molecular chaperone HtpG",04914 Progesterone-mediated oocyte maturation,Endocrine system,Organismal Systems
chr_4968,"K04079  HSP90A, htpG; molecular chaperone HtpG",04626 Plant-pathogen interaction,Environmental adaptation,Organismal Systems
chr_4968,"K04079  HSP90A, htpG; molecular chaperone HtpG",04621 NOD-like receptor signaling pathway,Immune system,Organismal Systems
chr_4968,"K04079  HSP90A, htpG; molecular chaperone HtpG",04612 Antigen processing and presentation,Immune system,Organismal Systems
chr_4968,"K04079  HSP90A, htpG; molecular chaperone HtpG",05418 Fluid shear stress and atherosclerosis,Cardiovascular disease,Human Diseases
chr_4968,"K04079  HSP90A, htpG; molecular chaperone HtpG",05215 Prostate cancer,Cancer: specific types,Human Diseases
chr_4968,"K04079  HSP90A, htpG; molecular chaperone HtpG",05200 Pathways in cancer,Cancer: overview,Human Diseases
chr_4968,"K04079  HSP90A, htpG; molecular chaperone HtpG",04131 Membrane trafficking,Protein families: genetic information processing,Brite Hierarchies
chr_4968,"K04079  HSP90A, htpG; molecular chaperone HtpG",04147 Exosome,Protein families: signaling and cellular processes,Brite Hierarchies
chr_4968,"K04079  HSP90A, htpG; molecular chaperone HtpG",03110 Chaperones and folding catalysts,Protein families: genetic information processing,Brite Hierarchies
chr_4968,"K04079  HSP90A, htpG; molecular chaperone HtpG",03029 Mitochondrial biogenesis,Protein families: genetic information processing,Brite Hierarchies
chr_4968,"K04079  HSP90A, htpG; molecular chaperone HtpG",01009 Protein phosphatases and associated proteins,Protein families: metabolism,Brite Hierarchies
chr_4968,"K04079  HSP90A, htpG; molecular chaperone HtpG",03051 Proteasome,Protein families: genetic information processing,Brite Hierarchies
chr_4975,K17683  CYP2A6; cytochrome P450 family 2 subfamily A polypeptide 6,00983 Drug metabolism - other enzymes,Xenobiotics biodegradation and metabolism,Metabolism
chr_4975,K17683  CYP2A6; cytochrome P450 family 2 subfamily A polypeptide 6,00830 Retinol metabolism,Metabolism of cofactors and vitamins,Metabolism
chr_4975,K17683  CYP2A6; cytochrome P450 family 2 subfamily A polypeptide 6,00982 Drug metabolism - cytochrome P450,Xenobiotics biodegradation and metabolism,Metabolism
chr_4975,K17683  CYP2A6; cytochrome P450 family 2 subfamily A polypeptide 6,00980 Metabolism of xenobiotics by cytochrome P450,Xenobiotics biodegradation and metabolism,Metabolism
chr_4975,K17683  CYP2A6; cytochrome P450 family 2 subfamily A polypeptide 6,00232 Caffeine metabolism,Biosynthesis of other secondary metabolites,Metabolism
chr_4975,K17683  CYP2A6; cytochrome P450 family 2 subfamily A polypeptide 6,05204 Chemical carcinogenesis,Cancer: overview,Human Diseases
chr_4975,K17683  CYP2A6; cytochrome P450 family 2 subfamily A polypeptide 6,00199 Cytochrome P450,Protein families: metabolism,Brite Hierarchies
chr_4980,"K01940  argG, ASS1; argininosuccinate synthase","00250 Alanine, aspartate and glutamate metabolism",Amino acid metabolism,Metabolism
chr_4980,"K01940  argG, ASS1; argininosuccinate synthase",00220 Arginine biosynthesis,Amino acid metabolism,Metabolism
chr_4980,"K01940  argG, ASS1; argininosuccinate synthase",05418 Fluid shear stress and atherosclerosis,Cardiovascular disease,Human Diseases
chr_4980,"K01940  argG, ASS1; argininosuccinate synthase",04147 Exosome,Protein families: signaling and cellular processes,Brite Hierarchies
chr_4981,K06978  K06978; uncharacterized protein,99997 Function unknown,Poorly characterized,Not Included in Pathway or Brite
chr_4984,K14999  CYP6; cytochrome P450 family 6,00199 Cytochrome P450,Protein families: metabolism,Brite Hierarchies
chr_4986,"K09835  crtISO, crtH; prolycopene isomerase",00906 Carotenoid biosynthesis,Metabolism of terpenoids and polyketides,Metabolism
chr_4990,K14999  CYP6; cytochrome P450 family 6,00199 Cytochrome P450,Protein families: metabolism,Brite Hierarchies
chr_4998,"K17686  copA, ctpA, ATP7; P-type Cu+ transporter",04016 MAPK signaling pathway - plant,Signal transduction,Environmental Information Processing
chr_4998,"K17686  copA, ctpA, ATP7; P-type Cu+ transporter",01524 Platinum drug resistance,Drug resistance: antineoplastic,Human Diseases
chr_5000,"K01895  ACSS1_2, acs; acetyl-CoA synthetase",00640 Propanoate metabolism,Carbohydrate metabolism,Metabolism
chr_5000,"K01895  ACSS1_2, acs; acetyl-CoA synthetase",00720 Carbon fixation pathways in prokaryotes,Energy metabolism,Metabolism
chr_5000,"K01895  ACSS1_2, acs; acetyl-CoA synthetase",00680 Methane metabolism,Energy metabolism,Metabolism
chr_5000,"K01895  ACSS1_2, acs; acetyl-CoA synthetase",00630 Glyoxylate and dicarboxylate metabolism,Carbohydrate metabolism,Metabolism
chr_5000,"K01895  ACSS1_2, acs; acetyl-CoA synthetase",00010 Glycolysis / Gluconeogenesis,Carbohydrate metabolism,Metabolism
chr_5000,"K01895  ACSS1_2, acs; acetyl-CoA synthetase",00620 Pyruvate metabolism,Carbohydrate metabolism,Metabolism
chr_5000,"K01895  ACSS1_2, acs; acetyl-CoA synthetase",01004 Lipid biosynthesis proteins,Protein families: metabolism,Brite Hierarchies
chr_5002,K01507  ppa; inorganic pyrophosphatase,00190 Oxidative phosphorylation,Energy metabolism,Metabolism
chr_5003,"K18926  lmrB; MFS transporter, DHA2 family, lincomycin resistance protein",02000 Transporters,Protein families: signaling and cellular processes,Brite Hierarchies
chr_5004,K07006  K07006; uncharacterized protein,99997 Function unknown,Poorly characterized,Not Included in Pathway or Brite
chr_5005,K23187  fepG; ferric enterobactin transport system permease protein,02010 ABC transporters,Membrane transport,Environmental Information Processing
chr_5005,K23187  fepG; ferric enterobactin transport system permease protein,02000 Transporters,Protein families: signaling and cellular processes,Brite Hierarchies
chr_5013,K06911  K06911; uncharacterized protein,99997 Function unknown,Poorly characterized,Not Included in Pathway or Brite
chr_5016,K02362  entD; enterobactin synthetase component D,01053 Biosynthesis of siderophore group nonribosomal peptides,Metabolism of terpenoids and polyketides,Metabolism
chr_5017,"K07696  nreC; two-component system, NarL family, response regulator NreC",02020 Two-component system,Signal transduction,Environmental Information Processing
chr_5017,"K07696  nreC; two-component system, NarL family, response regulator NreC",02022 Two-component system,Protein families: signaling and cellular processes,Brite Hierarchies
chr_5018,"K07675  uhpB; two-component system, NarL family, sensor histidine kinase UhpB",02020 Two-component system,Signal transduction,Environmental Information Processing
chr_5018,"K07675  uhpB; two-component system, NarL family, sensor histidine kinase UhpB",02022 Two-component system,Protein families: signaling and cellular processes,Brite Hierarchies
chr_5018,"K07675  uhpB; two-component system, NarL family, sensor histidine kinase UhpB",01001 Protein kinases,Protein families: metabolism,Brite Hierarchies
chr_5023,K06867  K06867; uncharacterized protein,99997 Function unknown,Poorly characterized,Not Included in Pathway or Brite
chr_5025,"K03457  TC.NCS1; nucleobase:cation symporter-1, NCS1 family",99977 Transport,Unclassified: signaling and cellular processes,Not Included in Pathway or Brite
chr_5026,K16841  hpxA; allantoin racemase,00230 Purine metabolism,Nucleotide metabolism,Metabolism
chr_5034,K05928  E2.1.1.95; tocopherol O-methyltransferase,00130 Ubiquinone and other terpenoid-quinone biosynthesis,Metabolism of cofactors and vitamins,Metabolism
chr_5058,K01301  NAALAD; N-acetylated-alpha-linked acidic dipeptidase,01002 Peptidases and inhibitors,Protein families: metabolism,Brite Hierarchies
chr_5059,"K01915  glnA, GLUL; glutamine synthetase","00250 Alanine, aspartate and glutamate metabolism",Amino acid metabolism,Metabolism
chr_5059,"K01915  glnA, GLUL; glutamine synthetase",00630 Glyoxylate and dicarboxylate metabolism,Carbohydrate metabolism,Metabolism
chr_5059,"K01915  glnA, GLUL; glutamine synthetase",00910 Nitrogen metabolism,Energy metabolism,Metabolism
chr_5059,"K01915  glnA, GLUL; glutamine synthetase",00220 Arginine biosynthesis,Amino acid metabolism,Metabolism
chr_5059,"K01915  glnA, GLUL; glutamine synthetase",02020 Two-component system,Signal transduction,Environmental Information Processing
chr_5059,"K01915  glnA, GLUL; glutamine synthetase",04217 Necroptosis,Cell growth and death,Cellular Processes
chr_5059,"K01915  glnA, GLUL; glutamine synthetase",04727 GABAergic synapse,Nervous system,Organismal Systems
chr_5059,"K01915  glnA, GLUL; glutamine synthetase",04724 Glutamatergic synapse,Nervous system,Organismal Systems
chr_5059,"K01915  glnA, GLUL; glutamine synthetase",04147 Exosome,Protein families: signaling and cellular processes,Brite Hierarchies
chr_5060,K03701  uvrA; excinuclease ABC subunit A,03420 Nucleotide excision repair,Replication and repair,Genetic Information Processing
chr_5060,K03701  uvrA; excinuclease ABC subunit A,03400 DNA repair and recombination proteins,Protein families: genetic information processing,Brite Hierarchies
chr_5064,"K10046  GME; GDP-D-mannose 3', 5'-epimerase",00053 Ascorbate and aldarate metabolism,Carbohydrate metabolism,Metabolism
chr_5064,"K10046  GME; GDP-D-mannose 3', 5'-epimerase",00520 Amino sugar and nucleotide sugar metabolism,Carbohydrate metabolism,Metabolism
chr_5065,K03208  wcaI; colanic acid biosynthesis glycosyl transferase WcaI,99986 Glycan metabolism,Unclassified: metabolism,Not Included in Pathway or Brite
chr_5072,K01667  tnaA; tryptophanase,00380 Tryptophan metabolism,Amino acid metabolism,Metabolism
chr_5076,K00699  UGT; glucuronosyltransferase,00983 Drug metabolism - other enzymes,Xenobiotics biodegradation and metabolism,Metabolism
chr_5076,K00699  UGT; glucuronosyltransferase,00982 Drug metabolism - cytochrome P450,Xenobiotics biodegradation and metabolism,Metabolism
chr_5076,K00699  UGT; glucuronosyltransferase,00830 Retinol metabolism,Metabolism of cofactors and vitamins,Metabolism
chr_5076,K00699  UGT; glucuronosyltransferase,00040 Pentose and glucuronate interconversions,Carbohydrate metabolism,Metabolism
chr_5076,K00699  UGT; glucuronosyltransferase,00053 Ascorbate and aldarate metabolism,Carbohydrate metabolism,Metabolism
chr_5076,K00699  UGT; glucuronosyltransferase,00980 Metabolism of xenobiotics by cytochrome P450,Xenobiotics biodegradation and metabolism,Metabolism
chr_5076,K00699  UGT; glucuronosyltransferase,00860 Porphyrin and chlorophyll metabolism,Metabolism of cofactors and vitamins,Metabolism
chr_5076,K00699  UGT; glucuronosyltransferase,00140 Steroid hormone biosynthesis,Lipid metabolism,Metabolism
chr_5076,K00699  UGT; glucuronosyltransferase,05204 Chemical carcinogenesis,Cancer: overview,Human Diseases
chr_5076,K00699  UGT; glucuronosyltransferase,01003 Glycosyltransferases,Protein families: metabolism,Brite Hierarchies
chr_5078,"K13789  GGPS; geranylgeranyl diphosphate synthase, type II",00900 Terpenoid backbone biosynthesis,Metabolism of terpenoids and polyketides,Metabolism
chr_5078,"K13789  GGPS; geranylgeranyl diphosphate synthase, type II",01006 Prenyltransferases,Protein families: metabolism,Brite Hierarchies
chr_5079,K17105  E2.5.1.42; geranylgeranylglycerol-phosphate geranylgeranyltransferase,00564 Glycerophospholipid metabolism,Lipid metabolism,Metabolism
chr_5081,K03184  ubiF; 3-demethoxyubiquinol 3-hydroxylase,00130 Ubiquinone and other terpenoid-quinone biosynthesis,Metabolism of cofactors and vitamins,Metabolism
chr_5083,K03119  tauD; taurine dioxygenase,00920 Sulfur metabolism,Energy metabolism,Metabolism
chr_5083,K03119  tauD; taurine dioxygenase,00430 Taurine and hypotaurine metabolism,Metabolism of other amino acids,Metabolism
chr_5087,K00648  fabH; 3-oxoacyl-[acyl-carrier-protein] synthase III,00061 Fatty acid biosynthesis,Lipid metabolism,Metabolism
chr_5087,K00648  fabH; 3-oxoacyl-[acyl-carrier-protein] synthase III,01004 Lipid biosynthesis proteins,Protein families: metabolism,Brite Hierarchies
chr_5089,K20940  phzS; 5-methylphenazine-1-carboxylate 1-monooxygenase,00405 Phenazine biosynthesis,Biosynthesis of other secondary metabolites,Metabolism
chr_5105,"K01223  E3.2.1.86B, bglA; 6-phospho-beta-glucosidase",00500 Starch and sucrose metabolism,Carbohydrate metabolism,Metabolism
chr_5105,"K01223  E3.2.1.86B, bglA; 6-phospho-beta-glucosidase",00010 Glycolysis / Gluconeogenesis,Carbohydrate metabolism,Metabolism
chr_5106,K02026  ABC.MS.P1; multiple sugar transport system permease protein,02000 Transporters,Protein families: signaling and cellular processes,Brite Hierarchies
chr_5107,"K10189  lacF, araP; lactose/L-arabinose transport system permease protein",02010 ABC transporters,Membrane transport,Environmental Information Processing
chr_5107,"K10189  lacF, araP; lactose/L-arabinose transport system permease protein",02000 Transporters,Protein families: signaling and cellular processes,Brite Hierarchies
chr_5108,"K10188  lacE, araN; lactose/L-arabinose transport system substrate-binding protein",02010 ABC transporters,Membrane transport,Environmental Information Processing
chr_5108,"K10188  lacE, araN; lactose/L-arabinose transport system substrate-binding protein",02000 Transporters,Protein families: signaling and cellular processes,Brite Hierarchies
chr_5119,K11738  ansP; L-asparagine permease,02000 Transporters,Protein families: signaling and cellular processes,Brite Hierarchies
chr_5129,K01662  dxs; 1-deoxy-D-xylulose-5-phosphate synthase,00730 Thiamine metabolism,Metabolism of cofactors and vitamins,Metabolism
chr_5129,K01662  dxs; 1-deoxy-D-xylulose-5-phosphate synthase,00900 Terpenoid backbone biosynthesis,Metabolism of terpenoids and polyketides,Metabolism
chr_5130,"K03527  ispH, lytB; 4-hydroxy-3-methylbut-2-en-1-yl diphosphate reductase",00900 Terpenoid backbone biosynthesis,Metabolism of terpenoids and polyketides,Metabolism
chr_5133,"K00627  DLAT, aceF, pdhC; pyruvate dehydrogenase E2 component (dihydrolipoamide acetyltransferase)",00020 Citrate cycle (TCA cycle),Carbohydrate metabolism,Metabolism
chr_5133,"K00627  DLAT, aceF, pdhC; pyruvate dehydrogenase E2 component (dihydrolipoamide acetyltransferase)",00620 Pyruvate metabolism,Carbohydrate metabolism,Metabolism
chr_5133,"K00627  DLAT, aceF, pdhC; pyruvate dehydrogenase E2 component (dihydrolipoamide acetyltransferase)",00010 Glycolysis / Gluconeogenesis,Carbohydrate metabolism,Metabolism
chr_5134,"K00167  BCKDHB, bkdA2; 2-oxoisovalerate dehydrogenase E1 component beta subunit",00640 Propanoate metabolism,Carbohydrate metabolism,Metabolism
chr_5134,"K00167  BCKDHB, bkdA2; 2-oxoisovalerate dehydrogenase E1 component beta subunit","00280 Valine, leucine and isoleucine degradation",Amino acid metabolism,Metabolism
chr_5135,"K00166  BCKDHA, bkdA1; 2-oxoisovalerate dehydrogenase E1 component alpha subunit","00280 Valine, leucine and isoleucine degradation",Amino acid metabolism,Metabolism
chr_5135,"K00166  BCKDHA, bkdA1; 2-oxoisovalerate dehydrogenase E1 component alpha subunit",00640 Propanoate metabolism,Carbohydrate metabolism,Metabolism
chr_5136,K00021  HMGCR; hydroxymethylglutaryl-CoA reductase (NADPH),00900 Terpenoid backbone biosynthesis,Metabolism of terpenoids and polyketides,Metabolism
chr_5136,K00021  HMGCR; hydroxymethylglutaryl-CoA reductase (NADPH),04152 AMPK signaling pathway,Signal transduction,Environmental Information Processing
chr_5136,K00021  HMGCR; hydroxymethylglutaryl-CoA reductase (NADPH),04976 Bile secretion,Digestive system,Organismal Systems
chr_5138,K18472  accD6; acetyl-CoA/propionyl-CoA carboxylase carboxyl transferase subunit,00061 Fatty acid biosynthesis,Lipid metabolism,Metabolism
chr_5138,K18472  accD6; acetyl-CoA/propionyl-CoA carboxylase carboxyl transferase subunit,00620 Pyruvate metabolism,Carbohydrate metabolism,Metabolism
chr_5138,K18472  accD6; acetyl-CoA/propionyl-CoA carboxylase carboxyl transferase subunit,"00280 Valine, leucine and isoleucine degradation",Amino acid metabolism,Metabolism
chr_5138,K18472  accD6; acetyl-CoA/propionyl-CoA carboxylase carboxyl transferase subunit,00640 Propanoate metabolism,Carbohydrate metabolism,Metabolism
chr_5138,K18472  accD6; acetyl-CoA/propionyl-CoA carboxylase carboxyl transferase subunit,00630 Glyoxylate and dicarboxylate metabolism,Carbohydrate metabolism,Metabolism
chr_5139,"K09458  fabF, OXSM, CEM1; 3-oxoacyl-[acyl-carrier-protein] synthase II",00061 Fatty acid biosynthesis,Lipid metabolism,Metabolism
chr_5139,"K09458  fabF, OXSM, CEM1; 3-oxoacyl-[acyl-carrier-protein] synthase II",00780 Biotin metabolism,Metabolism of cofactors and vitamins,Metabolism
chr_5139,"K09458  fabF, OXSM, CEM1; 3-oxoacyl-[acyl-carrier-protein] synthase II",01004 Lipid biosynthesis proteins,Protein families: metabolism,Brite Hierarchies
chr_5142,K03726  helS; helicase,99980 Enzymes with EC numbers,Unclassified: metabolism,Not Included in Pathway or Brite
chr_5146,"K16167  bpsA, srsA, pks11, pks10; alkylresorcinol/alkylpyrone synthase",01008 Polyketide biosynthesis proteins,Protein families: metabolism,Brite Hierarchies
chr_5153,K06413  spoVK; stage V sporulation protein K,99978 Cell growth,Unclassified: signaling and cellular processes,Not Included in Pathway or Brite
chr_5214,K07486  K07486; transposase,99976 Replication and repair,Unclassified: genetic information processing,Not Included in Pathway or Brite
chr_5223,"K01092  E3.1.3.25, IMPA, suhB; myo-inositol-1(or 4)-monophosphatase",00562 Inositol phosphate metabolism,Carbohydrate metabolism,Metabolism
chr_5223,"K01092  E3.1.3.25, IMPA, suhB; myo-inositol-1(or 4)-monophosphatase",00521 Streptomycin biosynthesis,Biosynthesis of other secondary metabolites,Metabolism
chr_5223,"K01092  E3.1.3.25, IMPA, suhB; myo-inositol-1(or 4)-monophosphatase",04070 Phosphatidylinositol signaling system,Signal transduction,Environmental Information Processing
chr_5232,"K00645  fabD, MCAT, MCT1; [acyl-carrier-protein] S-malonyltransferase",00333 Prodigiosin biosynthesis,Biosynthesis of other secondary metabolites,Metabolism
chr_5232,"K00645  fabD, MCAT, MCT1; [acyl-carrier-protein] S-malonyltransferase",00061 Fatty acid biosynthesis,Lipid metabolism,Metabolism
chr_5232,"K00645  fabD, MCAT, MCT1; [acyl-carrier-protein] S-malonyltransferase",01004 Lipid biosynthesis proteins,Protein families: metabolism,Brite Hierarchies
chr_5233,"K15329  pksE; trans-AT polyketide synthase, acyltransferase and oxidoreductase domains",01008 Polyketide biosynthesis proteins,Protein families: metabolism,Brite Hierarchies
chr_5254,"K00939  adk, AK; adenylate kinase",00230 Purine metabolism,Nucleotide metabolism,Metabolism
chr_5254,"K00939  adk, AK; adenylate kinase",00730 Thiamine metabolism,Metabolism of cofactors and vitamins,Metabolism
chr_5254,"K00939  adk, AK; adenylate kinase",04147 Exosome,Protein families: signaling and cellular processes,Brite Hierarchies
chr_5258,K00485  FMO; dimethylaniline monooxygenase (N-oxide forming),00982 Drug metabolism - cytochrome P450,Xenobiotics biodegradation and metabolism,Metabolism
chr_5264,K11177  yagR; xanthine dehydrogenase YagR molybdenum-binding subunit,00230 Purine metabolism,Nucleotide metabolism,Metabolism
chr_5265,K11178  yagS; xanthine dehydrogenase YagS FAD-binding subunit,00230 Purine metabolism,Nucleotide metabolism,Metabolism
chr_5266,K13483  yagT; xanthine dehydrogenase YagT iron-sulfur-binding subunit,00230 Purine metabolism,Nucleotide metabolism,Metabolism
chr_5269,K07095  K07095; uncharacterized protein,99997 Function unknown,Poorly characterized,Not Included in Pathway or Brite
chr_5276,"K06048  gshA, ybdK; glutamate---cysteine ligase / carboxylate-amine ligase",00480 Glutathione metabolism,Metabolism of other amino acids,Metabolism
chr_5277,"K00616  E2.2.1.2, talA, talB; transaldolase",00030 Pentose phosphate pathway,Carbohydrate metabolism,Metabolism
chr_5279,"K03299  TC.GNTP; gluconate:H+ symporter, GntP family",02000 Transporters,Protein families: signaling and cellular processes,Brite Hierarchies
chr_5280,K03284  corA; magnesium transporter,02000 Transporters,Protein families: signaling and cellular processes,Brite Hierarchies
chr_5283,K01669  phrB; deoxyribodipyrimidine photo-lyase,03400 DNA repair and recombination proteins,Protein families: genetic information processing,Brite Hierarchies
chr_5291,"K01173  ENDOG; endonuclease G, mitochondrial",04210 Apoptosis,Cell growth and death,Cellular Processes
chr_5291,"K01173  ENDOG; endonuclease G, mitochondrial",03029 Mitochondrial biogenesis,Protein families: genetic information processing,Brite Hierarchies
chr_5292,"K01173  ENDOG; endonuclease G, mitochondrial",04210 Apoptosis,Cell growth and death,Cellular Processes
chr_5292,"K01173  ENDOG; endonuclease G, mitochondrial",03029 Mitochondrial biogenesis,Protein families: genetic information processing,Brite Hierarchies
chr_5298,K22551  hpbA; N-methyl-L-proline demethylase,99980 Enzymes with EC numbers,Unclassified: metabolism,Not Included in Pathway or Brite
chr_5299,"K08368  yaaU; MFS transporter, putative metabolite transport protein",02000 Transporters,Protein families: signaling and cellular processes,Brite Hierarchies
chr_5303,K03090  sigB; RNA polymerase sigma-B factor,03021 Transcription machinery,Protein families: genetic information processing,Brite Hierarchies
chr_5304,K06382  spoIIE; stage II sporulation protein E,99980 Enzymes with EC numbers,Unclassified: metabolism,Not Included in Pathway or Brite
chr_5311,K17763  rsbR; rsbT co-antagonist protein RsbR,03021 Transcription machinery,Protein families: genetic information processing,Brite Hierarchies
chr_5312,K17762  rsbS; rsbT antagonist protein RsbS,03021 Transcription machinery,Protein families: genetic information processing,Brite Hierarchies
chr_5313,K17752  rsbT; serine/threonine-protein kinase RsbT,01001 Protein kinases,Protein families: metabolism,Brite Hierarchies
chr_5313,K17752  rsbT; serine/threonine-protein kinase RsbT,03021 Transcription machinery,Protein families: genetic information processing,Brite Hierarchies
chr_5319,K22736  VIT; vacuolar iron transporter family protein,02000 Transporters,Protein families: signaling and cellular processes,Brite Hierarchies
chr_5320,K23373  sbnH; 2-[(L-alanin-3-ylcarbamoyl)methyl]-2-hydroxybutanedioate decarboxylase,00999 Biosynthesis of secondary metabolites - unclassified,Biosynthesis of other secondary metabolites,Metabolism
chr_5321,K23376  sbnG; staphyloferrin B biosynthesis citrate synthase,99988 Secondary metabolism,Unclassified: metabolism,Not Included in Pathway or Brite
chr_5322,K23374  sbnF; 2-[(L-alanin-3-ylcarbamoyl)methyl]-3-(2-aminoethylcarbamoyl)-2-hydroxypropanoate synthase,00999 Biosynthesis of secondary metabolites - unclassified,Biosynthesis of other secondary metabolites,Metabolism
chr_5323,"K23372  sbnE; L-2,3-diaminopropanoate---citrate ligase",00999 Biosynthesis of secondary metabolites - unclassified,Biosynthesis of other secondary metabolites,Metabolism
chr_5324,"K23361  sbnD; MFS transporter, DHA1 family, staphyloferrin B biosynthesis exporter",02000 Transporters,Protein families: signaling and cellular processes,Brite Hierarchies
chr_5325,K23375  sbnC; staphyloferrin B synthase,00999 Biosynthesis of secondary metabolites - unclassified,Biosynthesis of other secondary metabolites,Metabolism
chr_5326,K21721  sbnB; N-[(2S)-2-amino-2-carboxyethyl]-L-glutamate dehydrogenase,00998 Biosynthesis of secondary metabolites - other antibiotics,Biosynthesis of other secondary metabolites,Metabolism
chr_5326,K21721  sbnB; N-[(2S)-2-amino-2-carboxyethyl]-L-glutamate dehydrogenase,00999 Biosynthesis of secondary metabolites - unclassified,Biosynthesis of other secondary metabolites,Metabolism
chr_5327,K21949  sbnA; N-(2-amino-2-carboxyethyl)-L-glutamate synthase,00999 Biosynthesis of secondary metabolites - unclassified,Biosynthesis of other secondary metabolites,Metabolism
chr_5327,K21949  sbnA; N-(2-amino-2-carboxyethyl)-L-glutamate synthase,00998 Biosynthesis of secondary metabolites - other antibiotics,Biosynthesis of other secondary metabolites,Metabolism
chr_5331,K07497  K07497; putative transposase,99976 Replication and repair,Unclassified: genetic information processing,Not Included in Pathway or Brite
chr_5337,"K01961  accC; acetyl-CoA carboxylase, biotin carboxylase subunit",00640 Propanoate metabolism,Carbohydrate metabolism,Metabolism
chr_5337,"K01961  accC; acetyl-CoA carboxylase, biotin carboxylase subunit",00620 Pyruvate metabolism,Carbohydrate metabolism,Metabolism
chr_5337,"K01961  accC; acetyl-CoA carboxylase, biotin carboxylase subunit",00720 Carbon fixation pathways in prokaryotes,Energy metabolism,Metabolism
chr_5337,"K01961  accC; acetyl-CoA carboxylase, biotin carboxylase subunit",00061 Fatty acid biosynthesis,Lipid metabolism,Metabolism
chr_5338,"K02160  accB, bccP; acetyl-CoA carboxylase biotin carboxyl carrier protein",00720 Carbon fixation pathways in prokaryotes,Energy metabolism,Metabolism
chr_5338,"K02160  accB, bccP; acetyl-CoA carboxylase biotin carboxyl carrier protein",00640 Propanoate metabolism,Carbohydrate metabolism,Metabolism
chr_5338,"K02160  accB, bccP; acetyl-CoA carboxylase biotin carboxyl carrier protein",00061 Fatty acid biosynthesis,Lipid metabolism,Metabolism
chr_5338,"K02160  accB, bccP; acetyl-CoA carboxylase biotin carboxyl carrier protein",00620 Pyruvate metabolism,Carbohydrate metabolism,Metabolism
chr_5340,K01941  E6.3.4.6; urea carboxylase,00220 Arginine biosynthesis,Amino acid metabolism,Metabolism
chr_5340,K01941  E6.3.4.6; urea carboxylase,00791 Atrazine degradation,Xenobiotics biodegradation and metabolism,Metabolism
chr_5343,"K18933  mfnA, adc; tyrosine decarboxylase / aspartate 1-decarboxylase",00410 beta-Alanine metabolism,Metabolism of other amino acids,Metabolism
chr_5343,"K18933  mfnA, adc; tyrosine decarboxylase / aspartate 1-decarboxylase",00680 Methane metabolism,Energy metabolism,Metabolism
chr_5343,"K18933  mfnA, adc; tyrosine decarboxylase / aspartate 1-decarboxylase",00350 Tyrosine metabolism,Amino acid metabolism,Metabolism
chr_5343,"K18933  mfnA, adc; tyrosine decarboxylase / aspartate 1-decarboxylase",00770 Pantothenate and CoA biosynthesis,Metabolism of cofactors and vitamins,Metabolism
chr_5344,"K04333  csgD; LuxR family transcriptional regulator, csgAB operon transcriptional regulatory protein",02026 Biofilm formation - Escherichia coli,Cellular community - prokaryotes,Cellular Processes
chr_5344,"K04333  csgD; LuxR family transcriptional regulator, csgAB operon transcriptional regulatory protein",03000 Transcription factors,Protein families: genetic information processing,Brite Hierarchies
chr_5348,K08995  K08995; putative membrane protein,99996 General function prediction only,Poorly characterized,Not Included in Pathway or Brite
chr_5352,K07160  pxpA; 5-oxoprolinase (ATP-hydrolysing) subunit A,00480 Glutathione metabolism,Metabolism of other amino acids,Metabolism
chr_5353,K06351  kipI; inhibitor of KinA,99978 Cell growth,Unclassified: signaling and cellular processes,Not Included in Pathway or Brite
chr_5355,K13831  hps-phi; 3-hexulose-6-phosphate synthase / 6-phospho-3-hexuloisomerase,00030 Pentose phosphate pathway,Carbohydrate metabolism,Metabolism
chr_5355,K13831  hps-phi; 3-hexulose-6-phosphate synthase / 6-phospho-3-hexuloisomerase,00680 Methane metabolism,Energy metabolism,Metabolism
chr_5356,"K03762  proP; MFS transporter, MHS family, proline/betaine transporter",02000 Transporters,Protein families: signaling and cellular processes,Brite Hierarchies
chr_5360,"K01069  gloB, gloC, HAGH; hydroxyacylglutathione hydrolase",00620 Pyruvate metabolism,Carbohydrate metabolism,Metabolism
chr_5364,K07217  K07217; Mn-containing catalase,99994 Others,Unclassified: signaling and cellular processes,Not Included in Pathway or Brite
chr_5396,K07004  K07004; uncharacterized protein,99997 Function unknown,Poorly characterized,Not Included in Pathway or Brite
chr_5397,K10829  fhuC; ferric hydroxamate transport system ATP-binding protein,02010 ABC transporters,Membrane transport,Environmental Information Processing
chr_5397,K10829  fhuC; ferric hydroxamate transport system ATP-binding protein,02000 Transporters,Protein families: signaling and cellular processes,Brite Hierarchies
chr_5403,K06978  K06978; uncharacterized protein,99997 Function unknown,Poorly characterized,Not Included in Pathway or Brite
chr_5408,K07118  K07118; uncharacterized protein,99997 Function unknown,Poorly characterized,Not Included in Pathway or Brite
chr_5410,"K22293  rspR; GntR family transcriptional regulator, rspAB operon transcriptional repressor",03000 Transcription factors,Protein families: genetic information processing,Brite Hierarchies
chr_5411,"K08323  rspA, manD; mannonate dehydratase",00040 Pentose and glucuronate interconversions,Carbohydrate metabolism,Metabolism
chr_5412,K00040  uxuB; fructuronate reductase,00040 Pentose and glucuronate interconversions,Carbohydrate metabolism,Metabolism
chr_5413,"K08173  ydfJ; MFS transporter, MHS family, metabolite:H+ symporter",02000 Transporters,Protein families: signaling and cellular processes,Brite Hierarchies
chr_5414,"K00008  SORD, gutB; L-iditol 2-dehydrogenase",00040 Pentose and glucuronate interconversions,Carbohydrate metabolism,Metabolism
chr_5414,"K00008  SORD, gutB; L-iditol 2-dehydrogenase",00051 Fructose and mannose metabolism,Carbohydrate metabolism,Metabolism
chr_5418,K00903  epsB; protein-tyrosine kinase,01001 Protein kinases,Protein families: metabolism,Brite Hierarchies
chr_5420,K00980  tagD; glycerol-3-phosphate cytidylyltransferase,00564 Glycerophospholipid metabolism,Lipid metabolism,Metabolism
chr_5423,K12996  rgpA; rhamnosyltransferase,01005 Lipopolysaccharide biosynthesis proteins,Protein families: metabolism,Brite Hierarchies
chr_5423,K12996  rgpA; rhamnosyltransferase,01003 Glycosyltransferases,Protein families: metabolism,Brite Hierarchies
chr_5435,K15555  ssuB; sulfonate transport system ATP-binding protein,00920 Sulfur metabolism,Energy metabolism,Metabolism
chr_5435,K15555  ssuB; sulfonate transport system ATP-binding protein,02010 ABC transporters,Membrane transport,Environmental Information Processing
chr_5435,K15555  ssuB; sulfonate transport system ATP-binding protein,02000 Transporters,Protein families: signaling and cellular processes,Brite Hierarchies
chr_5436,K02051  ABC.SN.S; NitT/TauT family transport system substrate-binding protein,02000 Transporters,Protein families: signaling and cellular processes,Brite Hierarchies
chr_5437,K02050  ABC.SN.P; NitT/TauT family transport system permease protein,02000 Transporters,Protein families: signaling and cellular processes,Brite Hierarchies
chr_5438,"K13877  aldH; 2,5-dioxopentanoate dehydrogenase",00053 Ascorbate and aldarate metabolism,Carbohydrate metabolism,Metabolism
chr_5438,"K13877  aldH; 2,5-dioxopentanoate dehydrogenase",00040 Pentose and glucuronate interconversions,Carbohydrate metabolism,Metabolism
chr_5439,K01707  kdgD; 5-dehydro-4-deoxyglucarate dehydratase,00053 Ascorbate and aldarate metabolism,Carbohydrate metabolism,Metabolism
chr_5453,"K13641  iclR; IclR family transcriptional regulator, acetate operon repressor",03000 Transcription factors,Protein families: genetic information processing,Brite Hierarchies
chr_5465,"K08369  ydjE; MFS transporter, putative metabolite:H+ symporter",02000 Transporters,Protein families: signaling and cellular processes,Brite Hierarchies
chr_5469,"K22489  hosA; MarR family transcriptional regulator, temperature-dependent positive regulator of motility",03000 Transcription factors,Protein families: genetic information processing,Brite Hierarchies
chr_5470,K13381  chiA; bifunctional chitinase/lysozyme,00520 Amino sugar and nucleotide sugar metabolism,Carbohydrate metabolism,Metabolism
chr_5471,K06936  K06936; uncharacterized protein,99997 Function unknown,Poorly characterized,Not Included in Pathway or Brite
chr_5479,K04034  bchE; anaerobic magnesium-protoporphyrin IX monomethyl ester cyclase,00860 Porphyrin and chlorophyll metabolism,Metabolism of cofactors and vitamins,Metabolism
chr_5488,K02026  ABC.MS.P1; multiple sugar transport system permease protein,02000 Transporters,Protein families: signaling and cellular processes,Brite Hierarchies
chr_5489,K02025  ABC.MS.P; multiple sugar transport system permease protein,02000 Transporters,Protein families: signaling and cellular processes,Brite Hierarchies
chr_5490,K02027  ABC.MS.S; multiple sugar transport system substrate-binding protein,02000 Transporters,Protein families: signaling and cellular processes,Brite Hierarchies
chr_5495,K03581  recD; exodeoxyribonuclease V alpha subunit,03440 Homologous recombination,Replication and repair,Genetic Information Processing
chr_5495,K03581  recD; exodeoxyribonuclease V alpha subunit,03400 DNA repair and recombination proteins,Protein families: genetic information processing,Brite Hierarchies
chr_5497,"K00665  FASN; fatty acid synthase, animal type",00061 Fatty acid biosynthesis,Lipid metabolism,Metabolism
chr_5497,"K00665  FASN; fatty acid synthase, animal type",04152 AMPK signaling pathway,Signal transduction,Environmental Information Processing
chr_5497,"K00665  FASN; fatty acid synthase, animal type",04910 Insulin signaling pathway,Endocrine system,Organismal Systems
chr_5497,"K00665  FASN; fatty acid synthase, animal type",04147 Exosome,Protein families: signaling and cellular processes,Brite Hierarchies
chr_5497,"K00665  FASN; fatty acid synthase, animal type",01004 Lipid biosynthesis proteins,Protein families: metabolism,Brite Hierarchies
chr_5500,"K00665  FASN; fatty acid synthase, animal type",00061 Fatty acid biosynthesis,Lipid metabolism,Metabolism
chr_5500,"K00665  FASN; fatty acid synthase, animal type",04152 AMPK signaling pathway,Signal transduction,Environmental Information Processing
chr_5500,"K00665  FASN; fatty acid synthase, animal type",04910 Insulin signaling pathway,Endocrine system,Organismal Systems
chr_5500,"K00665  FASN; fatty acid synthase, animal type",04147 Exosome,Protein families: signaling and cellular processes,Brite Hierarchies
chr_5500,"K00665  FASN; fatty acid synthase, animal type",01004 Lipid biosynthesis proteins,Protein families: metabolism,Brite Hierarchies
chr_5501,K13613  pksM; polyketide synthase PksM,01008 Polyketide biosynthesis proteins,Protein families: metabolism,Brite Hierarchies
chr_5501,K13613  pksM; polyketide synthase PksM,01004 Lipid biosynthesis proteins,Protein families: metabolism,Brite Hierarchies
chr_5502,"K00559  SMT1, ERG6; sterol 24-C-methyltransferase",00100 Steroid biosynthesis,Lipid metabolism,Metabolism
chr_5504,K05303  K05303; O-methyltransferase,99980 Enzymes with EC numbers,Unclassified: metabolism,Not Included in Pathway or Brite
chr_5508,"K05929  E2.1.1.103, NMT; phosphoethanolamine N-methyltransferase",00564 Glycerophospholipid metabolism,Lipid metabolism,Metabolism
chr_5513,K18101  rhlB; rhamnosyltransferase subunit B,02025 Biofilm formation - Pseudomonas aeruginosa,Cellular community - prokaryotes,Cellular Processes
chr_5513,K18101  rhlB; rhamnosyltransferase subunit B,02024 Quorum sensing,Cellular community - prokaryotes,Cellular Processes
chr_5513,K18101  rhlB; rhamnosyltransferase subunit B,01003 Glycosyltransferases,Protein families: metabolism,Brite Hierarchies
chr_5514,"K12452  ascC, ddhC, rfbH; CDP-4-dehydro-6-deoxyglucose reductase, E1",00520 Amino sugar and nucleotide sugar metabolism,Carbohydrate metabolism,Metabolism
chr_5515,"K07806  arnB, pmrH; UDP-4-amino-4-deoxy-L-arabinose-oxoglutarate aminotransferase",00520 Amino sugar and nucleotide sugar metabolism,Carbohydrate metabolism,Metabolism
chr_5515,"K07806  arnB, pmrH; UDP-4-amino-4-deoxy-L-arabinose-oxoglutarate aminotransferase",02020 Two-component system,Signal transduction,Environmental Information Processing
chr_5515,"K07806  arnB, pmrH; UDP-4-amino-4-deoxy-L-arabinose-oxoglutarate aminotransferase",01503 Cationic antimicrobial peptide (CAMP) resistance,Drug resistance: antimicrobial,Human Diseases
chr_5515,"K07806  arnB, pmrH; UDP-4-amino-4-deoxy-L-arabinose-oxoglutarate aminotransferase",01007 Amino acid related enzymes,Protein families: metabolism,Brite Hierarchies
chr_5515,"K07806  arnB, pmrH; UDP-4-amino-4-deoxy-L-arabinose-oxoglutarate aminotransferase",01005 Lipopolysaccharide biosynthesis proteins,Protein families: metabolism,Brite Hierarchies
chr_5542,K05884  comC; L-2-hydroxycarboxylate dehydrogenase (NAD+),00680 Methane metabolism,Energy metabolism,Metabolism
chr_5545,K13015  wbpA; UDP-N-acetyl-D-glucosamine dehydrogenase,00520 Amino sugar and nucleotide sugar metabolism,Carbohydrate metabolism,Metabolism
chr_5545,K13015  wbpA; UDP-N-acetyl-D-glucosamine dehydrogenase,01005 Lipopolysaccharide biosynthesis proteins,Protein families: metabolism,Brite Hierarchies
chr_5549,"K19802  ycjG, ykfB; L-Ala-D/L-Glu epimerase",99980 Enzymes with EC numbers,Unclassified: metabolism,Not Included in Pathway or Brite
chr_5550,K10013  argT; lysine/arginine/ornithine transport system substrate-binding protein,02010 ABC transporters,Membrane transport,Environmental Information Processing
chr_5550,K10013  argT; lysine/arginine/ornithine transport system substrate-binding protein,02000 Transporters,Protein families: signaling and cellular processes,Brite Hierarchies
chr_5551,K02029  ABC.PA.P; polar amino acid transport system permease protein,02000 Transporters,Protein families: signaling and cellular processes,Brite Hierarchies
chr_5552,K10038  glnQ; glutamine transport system ATP-binding protein,02010 ABC transporters,Membrane transport,Environmental Information Processing
chr_5552,K10038  glnQ; glutamine transport system ATP-binding protein,02000 Transporters,Protein families: signaling and cellular processes,Brite Hierarchies
chr_5555,K01439  dapE; succinyl-diaminopimelate desuccinylase,00300 Lysine biosynthesis,Amino acid metabolism,Metabolism
chr_5556,K01271  pepQ; Xaa-Pro dipeptidase,01002 Peptidases and inhibitors,Protein families: metabolism,Brite Hierarchies
chr_5560,K07492  K07492; putative transposase,99976 Replication and repair,Unclassified: genetic information processing,Not Included in Pathway or Brite
chr_5561,K20361  USO1; intracellular protein transport protein USO1,04131 Membrane trafficking,Protein families: genetic information processing,Brite Hierarchies
chr_5565,K13889  gsiB; glutathione transport system substrate-binding protein,02010 ABC transporters,Membrane transport,Environmental Information Processing
chr_5565,K13889  gsiB; glutathione transport system substrate-binding protein,02000 Transporters,Protein families: signaling and cellular processes,Brite Hierarchies
chr_5566,"K01799  nicE, maiA; maleate isomerase",00650 Butanoate metabolism,Carbohydrate metabolism,Metabolism
chr_5566,"K01799  nicE, maiA; maleate isomerase",00760 Nicotinate and nicotinamide metabolism,Metabolism of cofactors and vitamins,Metabolism
chr_5567,K12370  dppC; dipeptide transport system permease protein,02010 ABC transporters,Membrane transport,Environmental Information Processing
chr_5567,K12370  dppC; dipeptide transport system permease protein,02000 Transporters,Protein families: signaling and cellular processes,Brite Hierarchies
chr_5568,K02033  ABC.PE.P; peptide/nickel transport system permease protein,02024 Quorum sensing,Cellular community - prokaryotes,Cellular Processes
chr_5568,K02033  ABC.PE.P; peptide/nickel transport system permease protein,02000 Transporters,Protein families: signaling and cellular processes,Brite Hierarchies
chr_5570,K10823  oppF; oligopeptide transport system ATP-binding protein,02010 ABC transporters,Membrane transport,Environmental Information Processing
chr_5570,K10823  oppF; oligopeptide transport system ATP-binding protein,02024 Quorum sensing,Cellular community - prokaryotes,Cellular Processes
chr_5570,K10823  oppF; oligopeptide transport system ATP-binding protein,01501 beta-Lactam resistance,Drug resistance: antimicrobial,Human Diseases
chr_5570,K10823  oppF; oligopeptide transport system ATP-binding protein,02000 Transporters,Protein families: signaling and cellular processes,Brite Hierarchies
chr_5572,K01273  DPEP; membrane dipeptidase,04147 Exosome,Protein families: signaling and cellular processes,Brite Hierarchies
chr_5572,K01273  DPEP; membrane dipeptidase,00537 Glycosylphosphatidylinositol (GPI)-anchored proteins,Protein families: signaling and cellular processes,Brite Hierarchies
chr_5572,K01273  DPEP; membrane dipeptidase,01002 Peptidases and inhibitors,Protein families: metabolism,Brite Hierarchies
chr_5580,K12424  fadD22; 4-hydroxybenzoate adenylyltransferase,01004 Lipid biosynthesis proteins,Protein families: metabolism,Brite Hierarchies
chr_5582,K13950  pabAB; para-aminobenzoate synthetase,00790 Folate biosynthesis,Metabolism of cofactors and vitamins,Metabolism
chr_5585,K12242  pchC; pyochelin biosynthetic protein PchC,01008 Polyketide biosynthesis proteins,Protein families: metabolism,Brite Hierarchies
chr_5586,K12241  pchG; pyochelin biosynthetic protein PchG,01053 Biosynthesis of siderophore group nonribosomal peptides,Metabolism of terpenoids and polyketides,Metabolism
chr_5586,K12241  pchG; pyochelin biosynthetic protein PchG,01008 Polyketide biosynthesis proteins,Protein families: metabolism,Brite Hierarchies
chr_5587,K12240  pchF; pyochelin synthetase,01053 Biosynthesis of siderophore group nonribosomal peptides,Metabolism of terpenoids and polyketides,Metabolism
chr_5587,K12240  pchF; pyochelin synthetase,01008 Polyketide biosynthesis proteins,Protein families: metabolism,Brite Hierarchies
chr_5589,K04788  mbtB; mycobactin phenyloxazoline synthetase,01053 Biosynthesis of siderophore group nonribosomal peptides,Metabolism of terpenoids and polyketides,Metabolism
chr_5589,K04788  mbtB; mycobactin phenyloxazoline synthetase,01008 Polyketide biosynthesis proteins,Protein families: metabolism,Brite Hierarchies
chr_5592,K16787  ecfA2; energy-coupling factor transport system ATP-binding protein,02010 ABC transporters,Membrane transport,Environmental Information Processing
chr_5592,K16787  ecfA2; energy-coupling factor transport system ATP-binding protein,02000 Transporters,Protein families: signaling and cellular processes,Brite Hierarchies
chr_5599,"K03088  rpoE; RNA polymerase sigma-70 factor, ECF subfamily",03021 Transcription machinery,Protein families: genetic information processing,Brite Hierarchies
chr_5620,K06871  K06871; uncharacterized protein,99997 Function unknown,Poorly characterized,Not Included in Pathway or Brite
chr_5636,"K05375  mbtH, nocI; MbtH protein",00261 Monobactam biosynthesis,Biosynthesis of other secondary metabolites,Metabolism
chr_5652,"K03522  fixB, etfA; electron transfer flavoprotein alpha subunit",04147 Exosome,Protein families: signaling and cellular processes,Brite Hierarchies
chr_5653,"K03521  fixA, etfB; electron transfer flavoprotein beta subunit",99982 Energy metabolism,Unclassified: metabolism,Not Included in Pathway or Brite
chr_5655,"K00059  fabG, OAR1; 3-oxoacyl-[acyl-carrier protein] reductase",00061 Fatty acid biosynthesis,Lipid metabolism,Metabolism
chr_5655,"K00059  fabG, OAR1; 3-oxoacyl-[acyl-carrier protein] reductase",00333 Prodigiosin biosynthesis,Biosynthesis of other secondary metabolites,Metabolism
chr_5655,"K00059  fabG, OAR1; 3-oxoacyl-[acyl-carrier protein] reductase",00780 Biotin metabolism,Metabolism of cofactors and vitamins,Metabolism
chr_5655,"K00059  fabG, OAR1; 3-oxoacyl-[acyl-carrier protein] reductase",01004 Lipid biosynthesis proteins,Protein families: metabolism,Brite Hierarchies
chr_5657,K10544  xylH; D-xylose transport system permease protein,02010 ABC transporters,Membrane transport,Environmental Information Processing
chr_5657,K10544  xylH; D-xylose transport system permease protein,02000 Transporters,Protein families: signaling and cellular processes,Brite Hierarchies
chr_5658,K10543  xylF; D-xylose transport system substrate-binding protein,02010 ABC transporters,Membrane transport,Environmental Information Processing
chr_5658,K10543  xylF; D-xylose transport system substrate-binding protein,02000 Transporters,Protein families: signaling and cellular processes,Brite Hierarchies
chr_5666,K01753  dsdA; D-serine dehydratase,"00260 Glycine, serine and threonine metabolism",Amino acid metabolism,Metabolism
chr_5668,"K00059  fabG, OAR1; 3-oxoacyl-[acyl-carrier protein] reductase",00061 Fatty acid biosynthesis,Lipid metabolism,Metabolism
chr_5668,"K00059  fabG, OAR1; 3-oxoacyl-[acyl-carrier protein] reductase",00333 Prodigiosin biosynthesis,Biosynthesis of other secondary metabolites,Metabolism
chr_5668,"K00059  fabG, OAR1; 3-oxoacyl-[acyl-carrier protein] reductase",00780 Biotin metabolism,Metabolism of cofactors and vitamins,Metabolism
chr_5668,"K00059  fabG, OAR1; 3-oxoacyl-[acyl-carrier protein] reductase",01004 Lipid biosynthesis proteins,Protein families: metabolism,Brite Hierarchies
chr_5669,"K19181  afr; 1,5-anhydro-D-fructose reductase (1,5-anhydro-D-mannitol-forming)",99980 Enzymes with EC numbers,Unclassified: metabolism,Not Included in Pathway or Brite
chr_5671,K12955  ctpI; cation-transporting P-type ATPase I,99980 Enzymes with EC numbers,Unclassified: metabolism,Not Included in Pathway or Brite
chr_5679,K01714  dapA; 4-hydroxy-tetrahydrodipicolinate synthase,00261 Monobactam biosynthesis,Biosynthesis of other secondary metabolites,Metabolism
chr_5679,K01714  dapA; 4-hydroxy-tetrahydrodipicolinate synthase,00300 Lysine biosynthesis,Amino acid metabolism,Metabolism
chr_5697,"K07529  DPYSL5, CRAM; dihydropyrimidinase-like 5",04360 Axon guidance,Development and regeneration,Organismal Systems
chr_5700,"K19776  dgoR; GntR family transcriptional regulator, galactonate operon transcriptional repressor",03000 Transcription factors,Protein families: genetic information processing,Brite Hierarchies
chr_5702,K10439  rbsB; ribose transport system substrate-binding protein,02010 ABC transporters,Membrane transport,Environmental Information Processing
chr_5702,K10439  rbsB; ribose transport system substrate-binding protein,02030 Bacterial chemotaxis,Cell motility,Cellular Processes
chr_5702,K10439  rbsB; ribose transport system substrate-binding protein,02000 Transporters,Protein families: signaling and cellular processes,Brite Hierarchies
chr_5706,"K15785  doeD; L-2,4-diaminobutyrate transaminase","00260 Glycine, serine and threonine metabolism",Amino acid metabolism,Metabolism
chr_5707,"K00140  mmsA, iolA, ALDH6A1; malonate-semialdehyde dehydrogenase (acetylating) / methylmalonate-semialdehyde dehydrogenase",00410 beta-Alanine metabolism,Metabolism of other amino acids,Metabolism
chr_5707,"K00140  mmsA, iolA, ALDH6A1; malonate-semialdehyde dehydrogenase (acetylating) / methylmalonate-semialdehyde dehydrogenase","00280 Valine, leucine and isoleucine degradation",Amino acid metabolism,Metabolism
chr_5707,"K00140  mmsA, iolA, ALDH6A1; malonate-semialdehyde dehydrogenase (acetylating) / methylmalonate-semialdehyde dehydrogenase",00640 Propanoate metabolism,Carbohydrate metabolism,Metabolism
chr_5707,"K00140  mmsA, iolA, ALDH6A1; malonate-semialdehyde dehydrogenase (acetylating) / methylmalonate-semialdehyde dehydrogenase",00562 Inositol phosphate metabolism,Carbohydrate metabolism,Metabolism
chr_5722,K01480  speB; agmatinase,00330 Arginine and proline metabolism,Amino acid metabolism,Metabolism
chr_5736,K00046  idnO; gluconate 5-dehydrogenase,99980 Enzymes with EC numbers,Unclassified: metabolism,Not Included in Pathway or Brite
chr_5737,"K22104  nanR; GntR family transcriptional regulator, sialic acid-inducible nan operon repressor",03000 Transcription factors,Protein families: genetic information processing,Brite Hierarchies
chr_5744,K00513  CYP21A; steroid 21-monooxygenase,00140 Steroid hormone biosynthesis,Lipid metabolism,Metabolism
chr_5744,K00513  CYP21A; steroid 21-monooxygenase,04927 Cortisol synthesis and secretion,Endocrine system,Organismal Systems
chr_5744,K00513  CYP21A; steroid 21-monooxygenase,04925 Aldosterone synthesis and secretion,Endocrine system,Organismal Systems
chr_5744,K00513  CYP21A; steroid 21-monooxygenase,04934 Cushing syndrome,Endocrine and metabolic disease,Human Diseases
chr_5744,K00513  CYP21A; steroid 21-monooxygenase,00199 Cytochrome P450,Protein families: metabolism,Brite Hierarchies
chr_5747,K17724  IRG1; aconitate decarboxylase,00660 C5-Branched dibasic acid metabolism,Carbohydrate metabolism,Metabolism
chr_5749,K18614  K18614; 2-(acetamidomethylene)succinate hydrolase,00750 Vitamin B6 metabolism,Metabolism of cofactors and vitamins,Metabolism
chr_5759,K01644  citE; citrate lyase subunit beta / citryl-CoA lyase,02020 Two-component system,Signal transduction,Environmental Information Processing
chr_5773,K19360  NPHP3; nephrocystin-3,03036 Chromosome and associated proteins,Protein families: genetic information processing,Brite Hierarchies
chr_5775,K06871  K06871; uncharacterized protein,99997 Function unknown,Poorly characterized,Not Included in Pathway or Brite
chr_5777,"K03281  TC.CIC; chloride channel protein, CIC family",99977 Transport,Unclassified: signaling and cellular processes,Not Included in Pathway or Brite
chr_5791,K03704  cspA; cold shock protein,99973 Transcription,Unclassified: genetic information processing,Not Included in Pathway or Brite
chr_5810,"K00240  sdhB, frdB; succinate dehydrogenase / fumarate reductase, iron-sulfur subunit",00720 Carbon fixation pathways in prokaryotes,Energy metabolism,Metabolism
chr_5810,"K00240  sdhB, frdB; succinate dehydrogenase / fumarate reductase, iron-sulfur subunit",00020 Citrate cycle (TCA cycle),Carbohydrate metabolism,Metabolism
chr_5810,"K00240  sdhB, frdB; succinate dehydrogenase / fumarate reductase, iron-sulfur subunit",00190 Oxidative phosphorylation,Energy metabolism,Metabolism
chr_5810,"K00240  sdhB, frdB; succinate dehydrogenase / fumarate reductase, iron-sulfur subunit",00650 Butanoate metabolism,Carbohydrate metabolism,Metabolism
chr_5811,"K00239  sdhA, frdA; succinate dehydrogenase / fumarate reductase, flavoprotein subunit",00190 Oxidative phosphorylation,Energy metabolism,Metabolism
chr_5811,"K00239  sdhA, frdA; succinate dehydrogenase / fumarate reductase, flavoprotein subunit",00020 Citrate cycle (TCA cycle),Carbohydrate metabolism,Metabolism
chr_5811,"K00239  sdhA, frdA; succinate dehydrogenase / fumarate reductase, flavoprotein subunit",00720 Carbon fixation pathways in prokaryotes,Energy metabolism,Metabolism
chr_5811,"K00239  sdhA, frdA; succinate dehydrogenase / fumarate reductase, flavoprotein subunit",00650 Butanoate metabolism,Carbohydrate metabolism,Metabolism
chr_5811,"K00239  sdhA, frdA; succinate dehydrogenase / fumarate reductase, flavoprotein subunit",05134 Legionellosis,Infectious disease: bacterial,Human Diseases
chr_5813,"K11921  cynR; LysR family transcriptional regulator, cyn operon transcriptional activator",03000 Transcription factors,Protein families: genetic information processing,Brite Hierarchies
chr_5815,K07492  K07492; putative transposase,99976 Replication and repair,Unclassified: genetic information processing,Not Included in Pathway or Brite
chr_5817,K08683  HSD17B10; 3-hydroxyacyl-CoA dehydrogenase / 3-hydroxy-2-methylbutyryl-CoA dehydrogenase,"00280 Valine, leucine and isoleucine degradation",Amino acid metabolism,Metabolism
chr_5817,K08683  HSD17B10; 3-hydroxyacyl-CoA dehydrogenase / 3-hydroxy-2-methylbutyryl-CoA dehydrogenase,05010 Alzheimer disease,Neurodegenerative disease,Human Diseases
chr_5817,K08683  HSD17B10; 3-hydroxyacyl-CoA dehydrogenase / 3-hydroxy-2-methylbutyryl-CoA dehydrogenase,04147 Exosome,Protein families: signaling and cellular processes,Brite Hierarchies
chr_5817,K08683  HSD17B10; 3-hydroxyacyl-CoA dehydrogenase / 3-hydroxy-2-methylbutyryl-CoA dehydrogenase,03029 Mitochondrial biogenesis,Protein families: genetic information processing,Brite Hierarchies
chr_5818,"K01895  ACSS1_2, acs; acetyl-CoA synthetase",00640 Propanoate metabolism,Carbohydrate metabolism,Metabolism
chr_5818,"K01895  ACSS1_2, acs; acetyl-CoA synthetase",00720 Carbon fixation pathways in prokaryotes,Energy metabolism,Metabolism
chr_5818,"K01895  ACSS1_2, acs; acetyl-CoA synthetase",00680 Methane metabolism,Energy metabolism,Metabolism
chr_5818,"K01895  ACSS1_2, acs; acetyl-CoA synthetase",00630 Glyoxylate and dicarboxylate metabolism,Carbohydrate metabolism,Metabolism
chr_5818,"K01895  ACSS1_2, acs; acetyl-CoA synthetase",00010 Glycolysis / Gluconeogenesis,Carbohydrate metabolism,Metabolism
chr_5818,"K01895  ACSS1_2, acs; acetyl-CoA synthetase",00620 Pyruvate metabolism,Carbohydrate metabolism,Metabolism
chr_5818,"K01895  ACSS1_2, acs; acetyl-CoA synthetase",01004 Lipid biosynthesis proteins,Protein families: metabolism,Brite Hierarchies
chr_5844,K13063  phzE; 2-amino-4-deoxychorismate synthase,00405 Phenazine biosynthesis,Biosynthesis of other secondary metabolites,Metabolism
chr_5844,K13063  phzE; 2-amino-4-deoxychorismate synthase,02024 Quorum sensing,Cellular community - prokaryotes,Cellular Processes
chr_5845,K05898  kstD; 3-oxosteroid 1-dehydrogenase,00984 Steroid degradation,Xenobiotics biodegradation and metabolism,Metabolism
chr_5846,"K06998  phzF; trans-2,3-dihydro-3-hydroxyanthranilate isomerase",00405 Phenazine biosynthesis,Biosynthesis of other secondary metabolites,Metabolism
chr_5846,"K06998  phzF; trans-2,3-dihydro-3-hydroxyanthranilate isomerase",02024 Quorum sensing,Cellular community - prokaryotes,Cellular Processes
chr_5847,K20260  phzA_B; phenazine biosynthesis protein,00405 Phenazine biosynthesis,Biosynthesis of other secondary metabolites,Metabolism
chr_5847,K20260  phzA_B; phenazine biosynthesis protein,02024 Quorum sensing,Cellular community - prokaryotes,Cellular Processes
chr_5851,K07497  K07497; putative transposase,99976 Replication and repair,Unclassified: genetic information processing,Not Included in Pathway or Brite
chr_5882,K07485  K07485; transposase,99976 Replication and repair,Unclassified: genetic information processing,Not Included in Pathway or Brite
chr_5884,K03580  hepA; ATP-dependent helicase HepA,03021 Transcription machinery,Protein families: genetic information processing,Brite Hierarchies
chr_5890,K07459  ybjD; putative ATP-dependent endonuclease of the OLD family,99976 Replication and repair,Unclassified: genetic information processing,Not Included in Pathway or Brite
chr_5893,K07492  K07492; putative transposase,99976 Replication and repair,Unclassified: genetic information processing,Not Included in Pathway or Brite
chr_5896,K10799  TNKS; tankyrase,03036 Chromosome and associated proteins,Protein families: genetic information processing,Brite Hierarchies
chr_5896,K10799  TNKS; tankyrase,03032 DNA replication proteins,Protein families: genetic information processing,Brite Hierarchies
chr_5907,K07497  K07497; putative transposase,99976 Replication and repair,Unclassified: genetic information processing,Not Included in Pathway or Brite
chr_5910,"K01866  YARS, tyrS; tyrosyl-tRNA synthetase",00970 Aminoacyl-tRNA biosynthesis,Translation,Genetic Information Processing
chr_5910,"K01866  YARS, tyrS; tyrosyl-tRNA synthetase",03029 Mitochondrial biogenesis,Protein families: genetic information processing,Brite Hierarchies
chr_5910,"K01866  YARS, tyrS; tyrosyl-tRNA synthetase",01007 Amino acid related enzymes,Protein families: metabolism,Brite Hierarchies
chr_5910,"K01866  YARS, tyrS; tyrosyl-tRNA synthetase",03016 Transfer RNA biogenesis,Protein families: genetic information processing,Brite Hierarchies
chr_5918,K07497  K07497; putative transposase,99976 Replication and repair,Unclassified: genetic information processing,Not Included in Pathway or Brite
chr_5920,K08320  nudG; (d)CTP diphosphatase,99980 Enzymes with EC numbers,Unclassified: metabolism,Not Included in Pathway or Brite
chr_5934,K07485  K07485; transposase,99976 Replication and repair,Unclassified: genetic information processing,Not Included in Pathway or Brite
chr_5967,"K14572  MDN1, REA1; midasin",03008 Ribosome biogenesis in eukaryotes,Translation,Genetic Information Processing
chr_5967,"K14572  MDN1, REA1; midasin",03009 Ribosome biogenesis,Protein families: genetic information processing,Brite Hierarchies
chr_5974,K06194  nlpD; lipoprotein NlpD,99992 Structural proteins,Unclassified: signaling and cellular processes,Not Included in Pathway or Brite
chr_5985,K07446  trm-G10; tRNA (guanine10-N2)-dimethyltransferase,03016 Transfer RNA biogenesis,Protein families: genetic information processing,Brite Hierarchies
chr_5987,K09951  cas2; CRISPR-associated protein Cas2,02048 Prokaryotic defense system,Protein families: signaling and cellular processes,Brite Hierarchies
chr_5988,K15342  cas1; CRISP-associated protein Cas1,03400 DNA repair and recombination proteins,Protein families: genetic information processing,Brite Hierarchies
chr_5988,K15342  cas1; CRISP-associated protein Cas1,02048 Prokaryotic defense system,Protein families: signaling and cellular processes,Brite Hierarchies
chr_5989,K07464  cas4; CRISPR-associated exonuclease Cas4,02048 Prokaryotic defense system,Protein families: signaling and cellular processes,Brite Hierarchies
chr_5990,K07012  cas3; CRISPR-associated endonuclease/helicase Cas3,02048 Prokaryotic defense system,Protein families: signaling and cellular processes,Brite Hierarchies
chr_5991,K19090  cas5t; CRISPR-associated protein Cas5t,02048 Prokaryotic defense system,Protein families: signaling and cellular processes,Brite Hierarchies
chr_5992,"K19075  cst2, cas7; CRISPR-associated protein Cst2",02048 Prokaryotic defense system,Protein families: signaling and cellular processes,Brite Hierarchies
chr_5999,K03855  fixX; ferredoxin like protein,99982 Energy metabolism,Unclassified: metabolism,Not Included in Pathway or Brite
chr_6000,K00313  fixC; electron transfer flavoprotein-quinone oxidoreductase,99980 Enzymes with EC numbers,Unclassified: metabolism,Not Included in Pathway or Brite
chr_6011,K00163  aceE; pyruvate dehydrogenase E1 component,00010 Glycolysis / Gluconeogenesis,Carbohydrate metabolism,Metabolism
chr_6011,K00163  aceE; pyruvate dehydrogenase E1 component,00620 Pyruvate metabolism,Carbohydrate metabolism,Metabolism
chr_6011,K00163  aceE; pyruvate dehydrogenase E1 component,00020 Citrate cycle (TCA cycle),Carbohydrate metabolism,Metabolism
chr_6014,K02346  dinB; DNA polymerase IV,03400 DNA repair and recombination proteins,Protein families: genetic information processing,Brite Hierarchies
chr_6017,"K14155  patB, malY; cysteine-S-conjugate beta-lyase",00450 Selenocompound metabolism,Metabolism of other amino acids,Metabolism
chr_6017,"K14155  patB, malY; cysteine-S-conjugate beta-lyase",00270 Cysteine and methionine metabolism,Amino acid metabolism,Metabolism
chr_6017,"K14155  patB, malY; cysteine-S-conjugate beta-lyase",01007 Amino acid related enzymes,Protein families: metabolism,Brite Hierarchies
chr_6018,K17108  GBA2; non-lysosomal glucosylceramidase,00600 Sphingolipid metabolism,Lipid metabolism,Metabolism
chr_6018,K17108  GBA2; non-lysosomal glucosylceramidase,00511 Other glycan degradation,Glycan biosynthesis and metabolism,Metabolism
chr_6029,"K07649  tctE; two-component system, OmpR family, sensor histidine kinase TctE",02020 Two-component system,Signal transduction,Environmental Information Processing
chr_6029,"K07649  tctE; two-component system, OmpR family, sensor histidine kinase TctE",01001 Protein kinases,Protein families: metabolism,Brite Hierarchies
chr_6029,"K07649  tctE; two-component system, OmpR family, sensor histidine kinase TctE",02022 Two-component system,Protein families: signaling and cellular processes,Brite Hierarchies
chr_6030,"K07666  qseB; two-component system, OmpR family, response regulator QseB",02020 Two-component system,Signal transduction,Environmental Information Processing
chr_6030,"K07666  qseB; two-component system, OmpR family, response regulator QseB",02024 Quorum sensing,Cellular community - prokaryotes,Cellular Processes
chr_6030,"K07666  qseB; two-component system, OmpR family, response regulator QseB",02022 Two-component system,Protein families: signaling and cellular processes,Brite Hierarchies
chr_6041,"K21600  csoR, ricR; CsoR family transcriptional regulator, copper-sensing transcriptional repressor",03000 Transcription factors,Protein families: genetic information processing,Brite Hierarchies
chr_6044,"K21600  csoR, ricR; CsoR family transcriptional regulator, copper-sensing transcriptional repressor",03000 Transcription factors,Protein families: genetic information processing,Brite Hierarchies
chr_6045,"K18955  whiB1_2_3_4; WhiB family transcriptional regulator, redox-sensing transcriptional regulator",03000 Transcription factors,Protein families: genetic information processing,Brite Hierarchies
chr_6046,"K07552  bcr, tcaB; MFS transporter, DHA1 family, multidrug resistance protein",02000 Transporters,Protein families: signaling and cellular processes,Brite Hierarchies
chr_6067,"K00858  ppnK, NADK; NAD+ kinase",00760 Nicotinate and nicotinamide metabolism,Metabolism of cofactors and vitamins,Metabolism
chr_6069,"K00854  xylB, XYLB; xylulokinase",00040 Pentose and glucuronate interconversions,Carbohydrate metabolism,Metabolism
chr_6075,K07113  fxsA; UPF0716 protein FxsA,99996 General function prediction only,Poorly characterized,Not Included in Pathway or Brite
chr_6077,"K03719  lrp; Lrp/AsnC family transcriptional regulator, leucine-responsive regulatory protein",03036 Chromosome and associated proteins,Protein families: genetic information processing,Brite Hierarchies
chr_6077,"K03719  lrp; Lrp/AsnC family transcriptional regulator, leucine-responsive regulatory protein",03000 Transcription factors,Protein families: genetic information processing,Brite Hierarchies
chr_6080,"K02770  PTS-Fru-EIIC, fruA; PTS system, fructose-specific IIC component",00051 Fructose and mannose metabolism,Carbohydrate metabolism,Metabolism
chr_6080,"K02770  PTS-Fru-EIIC, fruA; PTS system, fructose-specific IIC component",02060 Phosphotransferase system (PTS),Membrane transport,Environmental Information Processing
chr_6080,"K02770  PTS-Fru-EIIC, fruA; PTS system, fructose-specific IIC component",02000 Transporters,Protein families: signaling and cellular processes,Brite Hierarchies
chr_6081,"K02768  PTS-Fru-EIIA, fruB; PTS system, fructose-specific IIA component",00051 Fructose and mannose metabolism,Carbohydrate metabolism,Metabolism
chr_6081,"K02768  PTS-Fru-EIIA, fruB; PTS system, fructose-specific IIA component",02060 Phosphotransferase system (PTS),Membrane transport,Environmental Information Processing
chr_6081,"K02768  PTS-Fru-EIIA, fruB; PTS system, fructose-specific IIA component",02000 Transporters,Protein families: signaling and cellular processes,Brite Hierarchies
chr_6082,K00882  fruK; 1-phosphofructokinase,00051 Fructose and mannose metabolism,Carbohydrate metabolism,Metabolism
chr_6083,"K03436  fruR2, fruR; DeoR family transcriptional regulator, fructose operon transcriptional repressor",03000 Transcription factors,Protein families: genetic information processing,Brite Hierarchies
chr_6091,K03727  helY; ATP-dependent RNA helicase HelY,99980 Enzymes with EC numbers,Unclassified: metabolism,Not Included in Pathway or Brite
chr_6092,K07029  dagK; diacylglycerol kinase (ATP),00564 Glycerophospholipid metabolism,Lipid metabolism,Metabolism
chr_6092,K07029  dagK; diacylglycerol kinase (ATP),00561 Glycerolipid metabolism,Lipid metabolism,Metabolism
chr_6093,K03118  tatC; sec-independent protein translocase protein TatC,03060 Protein export,"Folding, sorting and degradation",Genetic Information Processing
chr_6093,K03118  tatC; sec-independent protein translocase protein TatC,03070 Bacterial secretion system,Membrane transport,Environmental Information Processing
chr_6093,K03118  tatC; sec-independent protein translocase protein TatC,02044 Secretion system,Protein families: signaling and cellular processes,Brite Hierarchies
chr_6096,K13573  pafC; proteasome accessory factor C,03051 Proteasome,Protein families: genetic information processing,Brite Hierarchies
chr_6097,K13572  pafB; proteasome accessory factor B,03051 Proteasome,Protein families: genetic information processing,Brite Hierarchies
chr_6099,K13571  pafA; proteasome accessory factor A,03051 Proteasome,Protein families: genetic information processing,Brite Hierarchies
chr_6108,"K03432  psmA, prcA; proteasome alpha subunit",03050 Proteasome,"Folding, sorting and degradation",Genetic Information Processing
chr_6108,"K03432  psmA, prcA; proteasome alpha subunit",03051 Proteasome,Protein families: genetic information processing,Brite Hierarchies
chr_6108,"K03432  psmA, prcA; proteasome alpha subunit",01002 Peptidases and inhibitors,Protein families: metabolism,Brite Hierarchies
chr_6109,"K03433  psmB, prcB; proteasome beta subunit",03050 Proteasome,"Folding, sorting and degradation",Genetic Information Processing
chr_6109,"K03433  psmB, prcB; proteasome beta subunit",03051 Proteasome,Protein families: genetic information processing,Brite Hierarchies
chr_6109,"K03433  psmB, prcB; proteasome beta subunit",01002 Peptidases and inhibitors,Protein families: metabolism,Brite Hierarchies
chr_6110,K13570  pup; prokaryotic ubiquitin-like protein Pup,04121 Ubiquitin system,Protein families: genetic information processing,Brite Hierarchies
chr_6111,K20814  dop; Pup amidohydrolase,03051 Proteasome,Protein families: genetic information processing,Brite Hierarchies
chr_6113,K13527  mpa; proteasome-associated ATPase,03050 Proteasome,"Folding, sorting and degradation",Genetic Information Processing
chr_6113,K13527  mpa; proteasome-associated ATPase,03051 Proteasome,Protein families: genetic information processing,Brite Hierarchies
chr_6116,"K07442  TRM61, GCD14; tRNA (adenine57-N1/adenine58-N1)-methyltransferase catalytic subunit",03016 Transfer RNA biogenesis,Protein families: genetic information processing,Brite Hierarchies
chr_6118,K07465  K07465; putative RecB family exonuclease,99976 Replication and repair,Unclassified: genetic information processing,Not Included in Pathway or Brite
chr_6120,K00765  hisG; ATP phosphoribosyltransferase,00340 Histidine metabolism,Amino acid metabolism,Metabolism
chr_6121,K01523  hisE; phosphoribosyl-ATP pyrophosphohydrolase,00340 Histidine metabolism,Amino acid metabolism,Metabolism
chr_6123,K17623  HDHD1; pseudouridine 5'-phosphatase,01009 Protein phosphatases and associated proteins,Protein families: metabolism,Brite Hierarchies
chr_6124,"K00548  metH, MTR; 5-methyltetrahydrofolate--homocysteine methyltransferase",00670 One carbon pool by folate,Metabolism of cofactors and vitamins,Metabolism
chr_6124,"K00548  metH, MTR; 5-methyltetrahydrofolate--homocysteine methyltransferase",00270 Cysteine and methionine metabolism,Amino acid metabolism,Metabolism
chr_6124,"K00548  metH, MTR; 5-methyltetrahydrofolate--homocysteine methyltransferase",00450 Selenocompound metabolism,Metabolism of other amino acids,Metabolism
chr_6125,K07027  K07027; glycosyltransferase 2 family protein,99986 Glycan metabolism,Unclassified: metabolism,Not Included in Pathway or Brite
chr_6128,K15526  mshC; L-cysteine:1D-myo-inositol 2-amino-2-deoxy-alpha-D-glucopyranoside ligase,99980 Enzymes with EC numbers,Unclassified: metabolism,Not Included in Pathway or Brite
chr_6129,K02000  proV; glycine betaine/proline transport system ATP-binding protein,02010 ABC transporters,Membrane transport,Environmental Information Processing
chr_6129,K02000  proV; glycine betaine/proline transport system ATP-binding protein,02000 Transporters,Protein families: signaling and cellular processes,Brite Hierarchies
chr_6130,K02001  proW; glycine betaine/proline transport system permease protein,02010 ABC transporters,Membrane transport,Environmental Information Processing
chr_6130,K02001  proW; glycine betaine/proline transport system permease protein,02000 Transporters,Protein families: signaling and cellular processes,Brite Hierarchies
chr_6131,K02002  proX; glycine betaine/proline transport system substrate-binding protein,02010 ABC transporters,Membrane transport,Environmental Information Processing
chr_6131,K02002  proX; glycine betaine/proline transport system substrate-binding protein,02000 Transporters,Protein families: signaling and cellular processes,Brite Hierarchies
chr_6138,"K03405  chlI, bchI; magnesium chelatase subunit I",00860 Porphyrin and chlorophyll metabolism,Metabolism of cofactors and vitamins,Metabolism
chr_6145,K01297  ldcA; muramoyltetrapeptide carboxypeptidase,01002 Peptidases and inhibitors,Protein families: metabolism,Brite Hierarchies
chr_6145,K01297  ldcA; muramoyltetrapeptide carboxypeptidase,01011 Peptidoglycan biosynthesis and degradation proteins,Protein families: metabolism,Brite Hierarchies
chr_6147,"K00400  K00400; methyl coenzyme M reductase system, component A2",00680 Methane metabolism,Energy metabolism,Metabolism
chr_6148,K02034  ABC.PE.P1; peptide/nickel transport system permease protein,02024 Quorum sensing,Cellular community - prokaryotes,Cellular Processes
chr_6148,K02034  ABC.PE.P1; peptide/nickel transport system permease protein,02000 Transporters,Protein families: signaling and cellular processes,Brite Hierarchies
chr_6149,K02033  ABC.PE.P; peptide/nickel transport system permease protein,02024 Quorum sensing,Cellular community - prokaryotes,Cellular Processes
chr_6149,K02033  ABC.PE.P; peptide/nickel transport system permease protein,02000 Transporters,Protein families: signaling and cellular processes,Brite Hierarchies
chr_6150,K02035  ABC.PE.S; peptide/nickel transport system substrate-binding protein,02024 Quorum sensing,Cellular community - prokaryotes,Cellular Processes
chr_6150,K02035  ABC.PE.S; peptide/nickel transport system substrate-binding protein,02000 Transporters,Protein families: signaling and cellular processes,Brite Hierarchies
chr_6151,K16203  dppA1; D-amino peptidase,01002 Peptidases and inhibitors,Protein families: metabolism,Brite Hierarchies
chr_6163,K01129  dgt; dGTPase,00230 Purine metabolism,Nucleotide metabolism,Metabolism
chr_6164,"K06443  lcyB, crtL1, crtY; lycopene beta-cyclase",00906 Carotenoid biosynthesis,Metabolism of terpenoids and polyketides,Metabolism
chr_6167,"K04488  iscU, nifU; nitrogen fixation protein NifU and related proteins",99982 Energy metabolism,Unclassified: metabolism,Not Included in Pathway or Brite
chr_6168,K11717  sufS; cysteine desulfurase / selenocysteine lyase,00450 Selenocompound metabolism,Metabolism of other amino acids,Metabolism
chr_6169,K09013  sufC; Fe-S cluster assembly ATP-binding protein,02000 Transporters,Protein families: signaling and cellular processes,Brite Hierarchies
chr_6170,K09015  sufD; Fe-S cluster assembly protein SufD,99996 General function prediction only,Poorly characterized,Not Included in Pathway or Brite
chr_6171,K09014  sufB; Fe-S cluster assembly protein SufB,99996 General function prediction only,Poorly characterized,Not Included in Pathway or Brite
chr_6173,"K14339  mptB; alpha-1,6-mannosyltransferase",00571 Lipoarabinomannan (LAM) biosynthesis,Glycan biosynthesis and metabolism,Metabolism
chr_6173,"K14339  mptB; alpha-1,6-mannosyltransferase",01003 Glycosyltransferases,Protein families: metabolism,Brite Hierarchies
chr_6173,"K14339  mptB; alpha-1,6-mannosyltransferase",02000 Transporters,Protein families: signaling and cellular processes,Brite Hierarchies
chr_6174,K01990  ABC-2.A; ABC-2 type transport system ATP-binding protein,02000 Transporters,Protein families: signaling and cellular processes,Brite Hierarchies
chr_6175,K01992  ABC-2.P; ABC-2 type transport system permease protein,02000 Transporters,Protein families: signaling and cellular processes,Brite Hierarchies
chr_6176,"K02259  COX15, ctaA; cytochrome c oxidase assembly protein subunit 15",00860 Porphyrin and chlorophyll metabolism,Metabolism of cofactors and vitamins,Metabolism
chr_6176,"K02259  COX15, ctaA; cytochrome c oxidase assembly protein subunit 15",00190 Oxidative phosphorylation,Energy metabolism,Metabolism
chr_6176,"K02259  COX15, ctaA; cytochrome c oxidase assembly protein subunit 15",02020 Two-component system,Signal transduction,Environmental Information Processing
chr_6176,"K02259  COX15, ctaA; cytochrome c oxidase assembly protein subunit 15",04714 Thermogenesis,Environmental adaptation,Organismal Systems
chr_6176,"K02259  COX15, ctaA; cytochrome c oxidase assembly protein subunit 15",03029 Mitochondrial biogenesis,Protein families: genetic information processing,Brite Hierarchies
chr_6177,"K02479  K02479; two-component system, NarL family, response regulator",02022 Two-component system,Protein families: signaling and cellular processes,Brite Hierarchies
chr_6178,"K02480  K02480; two-component system, NarL family, sensor kinase",01001 Protein kinases,Protein families: metabolism,Brite Hierarchies
chr_6178,"K02480  K02480; two-component system, NarL family, sensor kinase",02022 Two-component system,Protein families: signaling and cellular processes,Brite Hierarchies
chr_6180,K01990  ABC-2.A; ABC-2 type transport system ATP-binding protein,02000 Transporters,Protein families: signaling and cellular processes,Brite Hierarchies
chr_6183,"K00344  qor, CRYZ; NADPH:quinone reductase",99980 Enzymes with EC numbers,Unclassified: metabolism,Not Included in Pathway or Brite
chr_6184,"K02257  COX10, ctaB, cyoE; heme o synthase",00860 Porphyrin and chlorophyll metabolism,Metabolism of cofactors and vitamins,Metabolism
chr_6184,"K02257  COX10, ctaB, cyoE; heme o synthase",00190 Oxidative phosphorylation,Energy metabolism,Metabolism
chr_6184,"K02257  COX10, ctaB, cyoE; heme o synthase",04714 Thermogenesis,Environmental adaptation,Organismal Systems
chr_6184,"K02257  COX10, ctaB, cyoE; heme o synthase",01006 Prenyltransferases,Protein families: metabolism,Brite Hierarchies
chr_6184,"K02257  COX10, ctaB, cyoE; heme o synthase",03029 Mitochondrial biogenesis,Protein families: genetic information processing,Brite Hierarchies
chr_6185,"K00615  E2.2.1.1, tktA, tktB; transketolase",00710 Carbon fixation in photosynthetic organisms,Energy metabolism,Metabolism
chr_6185,"K00615  E2.2.1.1, tktA, tktB; transketolase",00030 Pentose phosphate pathway,Carbohydrate metabolism,Metabolism
chr_6185,"K00615  E2.2.1.1, tktA, tktB; transketolase",01051 Biosynthesis of ansamycins,Metabolism of terpenoids and polyketides,Metabolism
chr_6186,"K00616  E2.2.1.2, talA, talB; transaldolase",00030 Pentose phosphate pathway,Carbohydrate metabolism,Metabolism
chr_6187,"K01810  GPI, pgi; glucose-6-phosphate isomerase",00520 Amino sugar and nucleotide sugar metabolism,Carbohydrate metabolism,Metabolism
chr_6187,"K01810  GPI, pgi; glucose-6-phosphate isomerase",00500 Starch and sucrose metabolism,Carbohydrate metabolism,Metabolism
chr_6187,"K01810  GPI, pgi; glucose-6-phosphate isomerase",00010 Glycolysis / Gluconeogenesis,Carbohydrate metabolism,Metabolism
chr_6187,"K01810  GPI, pgi; glucose-6-phosphate isomerase",00030 Pentose phosphate pathway,Carbohydrate metabolism,Metabolism
chr_6187,"K01810  GPI, pgi; glucose-6-phosphate isomerase",04147 Exosome,Protein families: signaling and cellular processes,Brite Hierarchies
chr_6188,"K00036  G6PD, zwf; glucose-6-phosphate 1-dehydrogenase",00480 Glutathione metabolism,Metabolism of other amino acids,Metabolism
chr_6188,"K00036  G6PD, zwf; glucose-6-phosphate 1-dehydrogenase",00030 Pentose phosphate pathway,Carbohydrate metabolism,Metabolism
chr_6188,"K00036  G6PD, zwf; glucose-6-phosphate 1-dehydrogenase",05230 Central carbon metabolism in cancer,Cancer: overview,Human Diseases
chr_6188,"K00036  G6PD, zwf; glucose-6-phosphate 1-dehydrogenase",04147 Exosome,Protein families: signaling and cellular processes,Brite Hierarchies
chr_6190,"K01057  PGLS, pgl, devB; 6-phosphogluconolactonase",00030 Pentose phosphate pathway,Carbohydrate metabolism,Metabolism
chr_6196,"K14347  SLC10A7, P7; solute carrier family 10 (sodium/bile acid cotransporter), member 7",02000 Transporters,Protein families: signaling and cellular processes,Brite Hierarchies
chr_6196,"K14347  SLC10A7, P7; solute carrier family 10 (sodium/bile acid cotransporter), member 7",04147 Exosome,Protein families: signaling and cellular processes,Brite Hierarchies
chr_6198,"K02553  rraA, menG; regulator of ribonuclease activity A",03019 Messenger RNA biogenesis,Protein families: genetic information processing,Brite Hierarchies
chr_6202,K03075  secG; preprotein translocase subunit SecG,03060 Protein export,"Folding, sorting and degradation",Genetic Information Processing
chr_6202,K03075  secG; preprotein translocase subunit SecG,03070 Bacterial secretion system,Membrane transport,Environmental Information Processing
chr_6202,K03075  secG; preprotein translocase subunit SecG,02024 Quorum sensing,Cellular community - prokaryotes,Cellular Processes
chr_6202,K03075  secG; preprotein translocase subunit SecG,02044 Secretion system,Protein families: signaling and cellular processes,Brite Hierarchies
chr_6203,"K01803  TPI, tpiA; triosephosphate isomerase (TIM)",00051 Fructose and mannose metabolism,Carbohydrate metabolism,Metabolism
chr_6203,"K01803  TPI, tpiA; triosephosphate isomerase (TIM)",00710 Carbon fixation in photosynthetic organisms,Energy metabolism,Metabolism
chr_6203,"K01803  TPI, tpiA; triosephosphate isomerase (TIM)",00010 Glycolysis / Gluconeogenesis,Carbohydrate metabolism,Metabolism
chr_6203,"K01803  TPI, tpiA; triosephosphate isomerase (TIM)",00562 Inositol phosphate metabolism,Carbohydrate metabolism,Metabolism
chr_6203,"K01803  TPI, tpiA; triosephosphate isomerase (TIM)",04147 Exosome,Protein families: signaling and cellular processes,Brite Hierarchies
chr_6204,"K00927  PGK, pgk; phosphoglycerate kinase",00010 Glycolysis / Gluconeogenesis,Carbohydrate metabolism,Metabolism
chr_6204,"K00927  PGK, pgk; phosphoglycerate kinase",00710 Carbon fixation in photosynthetic organisms,Energy metabolism,Metabolism
chr_6204,"K00927  PGK, pgk; phosphoglycerate kinase",04066 HIF-1 signaling pathway,Signal transduction,Environmental Information Processing
chr_6204,"K00927  PGK, pgk; phosphoglycerate kinase",04147 Exosome,Protein families: signaling and cellular processes,Brite Hierarchies
chr_6205,"K00134  GAPDH, gapA; glyceraldehyde 3-phosphate dehydrogenase",00010 Glycolysis / Gluconeogenesis,Carbohydrate metabolism,Metabolism
chr_6205,"K00134  GAPDH, gapA; glyceraldehyde 3-phosphate dehydrogenase",00710 Carbon fixation in photosynthetic organisms,Energy metabolism,Metabolism
chr_6205,"K00134  GAPDH, gapA; glyceraldehyde 3-phosphate dehydrogenase",04066 HIF-1 signaling pathway,Signal transduction,Environmental Information Processing
chr_6205,"K00134  GAPDH, gapA; glyceraldehyde 3-phosphate dehydrogenase",05010 Alzheimer disease,Neurodegenerative disease,Human Diseases
chr_6205,"K00134  GAPDH, gapA; glyceraldehyde 3-phosphate dehydrogenase",05130 Pathogenic Escherichia coli infection,Infectious disease: bacterial,Human Diseases
chr_6205,"K00134  GAPDH, gapA; glyceraldehyde 3-phosphate dehydrogenase",04147 Exosome,Protein families: signaling and cellular processes,Brite Hierarchies
chr_6205,"K00134  GAPDH, gapA; glyceraldehyde 3-phosphate dehydrogenase",04131 Membrane trafficking,Protein families: genetic information processing,Brite Hierarchies
chr_6206,K09762  K09762; uncharacterized protein,99997 Function unknown,Poorly characterized,Not Included in Pathway or Brite
chr_6208,K06958  rapZ; RNase adapter protein RapZ,03019 Messenger RNA biogenesis,Protein families: genetic information processing,Brite Hierarchies
chr_6209,K03703  uvrC; excinuclease ABC subunit C,03420 Nucleotide excision repair,Replication and repair,Genetic Information Processing
chr_6209,K03703  uvrC; excinuclease ABC subunit C,03400 DNA repair and recombination proteins,Protein families: genetic information processing,Brite Hierarchies
chr_6214,K17828  pyrDI; dihydroorotate dehydrogenase (NAD+) catalytic subunit,00240 Pyrimidine metabolism,Nucleotide metabolism,Metabolism
chr_6215,"K02444  glpR; DeoR family transcriptional regulator, glycerol-3-phosphate regulon repressor",03000 Transcription factors,Protein families: genetic information processing,Brite Hierarchies
chr_6219,K01802  E5.2.1.8; peptidylprolyl isomerase,99980 Enzymes with EC numbers,Unclassified: metabolism,Not Included in Pathway or Brite
chr_6221,"K00794  ribH, RIB4; 6,7-dimethyl-8-ribityllumazine synthase",00740 Riboflavin metabolism,Metabolism of cofactors and vitamins,Metabolism
chr_6222,"K14652  ribBA; 3,4-dihydroxy 2-butanone 4-phosphate synthase / GTP cyclohydrolase II",00740 Riboflavin metabolism,Metabolism of cofactors and vitamins,Metabolism
chr_6222,"K14652  ribBA; 3,4-dihydroxy 2-butanone 4-phosphate synthase / GTP cyclohydrolase II",00790 Folate biosynthesis,Metabolism of cofactors and vitamins,Metabolism
chr_6223,"K00793  ribE, RIB5; riboflavin synthase",00740 Riboflavin metabolism,Metabolism of cofactors and vitamins,Metabolism
chr_6224,K11752  ribD; diaminohydroxyphosphoribosylaminopyrimidine deaminase / 5-amino-6-(5-phosphoribosylamino)uracil reductase,00740 Riboflavin metabolism,Metabolism of cofactors and vitamins,Metabolism
chr_6224,K11752  ribD; diaminohydroxyphosphoribosylaminopyrimidine deaminase / 5-amino-6-(5-phosphoribosylamino)uracil reductase,02024 Quorum sensing,Cellular community - prokaryotes,Cellular Processes
chr_6225,"K01783  rpe, RPE; ribulose-phosphate 3-epimerase",00710 Carbon fixation in photosynthetic organisms,Energy metabolism,Metabolism
chr_6225,"K01783  rpe, RPE; ribulose-phosphate 3-epimerase",00040 Pentose and glucuronate interconversions,Carbohydrate metabolism,Metabolism
chr_6225,"K01783  rpe, RPE; ribulose-phosphate 3-epimerase",00030 Pentose phosphate pathway,Carbohydrate metabolism,Metabolism
chr_6226,"K03293  TC.AAT; amino acid transporter, AAT family",99977 Transport,Unclassified: signaling and cellular processes,Not Included in Pathway or Brite
chr_6228,K03365  FCY1; cytosine/creatinine deaminase,00240 Pyrimidine metabolism,Nucleotide metabolism,Metabolism
chr_6228,K03365  FCY1; cytosine/creatinine deaminase,00330 Arginine and proline metabolism,Amino acid metabolism,Metabolism
chr_6229,"K03500  rsmB, sun; 16S rRNA (cytosine967-C5)-methyltransferase",03009 Ribosome biogenesis,Protein families: genetic information processing,Brite Hierarchies
chr_6230,"K00604  MTFMT, fmt; methionyl-tRNA formyltransferase",00670 One carbon pool by folate,Metabolism of cofactors and vitamins,Metabolism
chr_6230,"K00604  MTFMT, fmt; methionyl-tRNA formyltransferase",00970 Aminoacyl-tRNA biosynthesis,Translation,Genetic Information Processing
chr_6231,"K01462  PDF, def; peptide deformylase",99980 Enzymes with EC numbers,Unclassified: metabolism,Not Included in Pathway or Brite
chr_6240,K00681  ggt; gamma-glutamyltranspeptidase / glutathione hydrolase,00430 Taurine and hypotaurine metabolism,Metabolism of other amino acids,Metabolism
chr_6240,K00681  ggt; gamma-glutamyltranspeptidase / glutathione hydrolase,00480 Glutathione metabolism,Metabolism of other amino acids,Metabolism
chr_6240,K00681  ggt; gamma-glutamyltranspeptidase / glutathione hydrolase,00460 Cyanoamino acid metabolism,Metabolism of other amino acids,Metabolism
chr_6240,K00681  ggt; gamma-glutamyltranspeptidase / glutathione hydrolase,01002 Peptidases and inhibitors,Protein families: metabolism,Brite Hierarchies
chr_6246,K04066  priA; primosomal protein N' (replication factor Y) (superfamily II helicase),03440 Homologous recombination,Replication and repair,Genetic Information Processing
chr_6246,K04066  priA; primosomal protein N' (replication factor Y) (superfamily II helicase),03400 DNA repair and recombination proteins,Protein families: genetic information processing,Brite Hierarchies
chr_6253,"K03216  trmL, cspR; tRNA (cytidine/uridine-2'-O-)-methyltransferase",03016 Transfer RNA biogenesis,Protein families: genetic information processing,Brite Hierarchies
chr_6255,K00789  metK; S-adenosylmethionine synthetase,00270 Cysteine and methionine metabolism,Amino acid metabolism,Metabolism
chr_6256,"K13038  coaBC, dfp; phosphopantothenoylcysteine decarboxylase / phosphopantothenate---cysteine ligase",00770 Pantothenate and CoA biosynthesis,Metabolism of cofactors and vitamins,Metabolism
chr_6257,K03060  rpoZ; DNA-directed RNA polymerase subunit omega,03020 RNA polymerase,Transcription,Genetic Information Processing
chr_6257,K03060  rpoZ; DNA-directed RNA polymerase subunit omega,03400 DNA repair and recombination proteins,Protein families: genetic information processing,Brite Hierarchies
chr_6257,K03060  rpoZ; DNA-directed RNA polymerase subunit omega,03021 Transcription machinery,Protein families: genetic information processing,Brite Hierarchies
chr_6258,"K00942  E2.7.4.8, gmk; guanylate kinase",00230 Purine metabolism,Nucleotide metabolism,Metabolism
chr_6268,K11912  ppkA; serine/threonine-protein kinase PpkA,03070 Bacterial secretion system,Membrane transport,Environmental Information Processing
chr_6268,K11912  ppkA; serine/threonine-protein kinase PpkA,02025 Biofilm formation - Pseudomonas aeruginosa,Cellular community - prokaryotes,Cellular Processes
chr_6268,K11912  ppkA; serine/threonine-protein kinase PpkA,01001 Protein kinases,Protein families: metabolism,Brite Hierarchies
chr_6268,K11912  ppkA; serine/threonine-protein kinase PpkA,02044 Secretion system,Protein families: signaling and cellular processes,Brite Hierarchies
chr_6269,"K06147  ABCB-BAC; ATP-binding cassette, subfamily B, bacterial",02000 Transporters,Protein families: signaling and cellular processes,Brite Hierarchies
chr_6277,K01591  pyrF; orotidine-5'-phosphate decarboxylase,00240 Pyrimidine metabolism,Nucleotide metabolism,Metabolism
chr_6278,"K01955  carB, CPA2; carbamoyl-phosphate synthase large subunit","00250 Alanine, aspartate and glutamate metabolism",Amino acid metabolism,Metabolism
chr_6278,"K01955  carB, CPA2; carbamoyl-phosphate synthase large subunit",00240 Pyrimidine metabolism,Nucleotide metabolism,Metabolism
chr_6279,"K01956  carA, CPA1; carbamoyl-phosphate synthase small subunit",00240 Pyrimidine metabolism,Nucleotide metabolism,Metabolism
chr_6279,"K01956  carA, CPA1; carbamoyl-phosphate synthase small subunit","00250 Alanine, aspartate and glutamate metabolism",Amino acid metabolism,Metabolism
chr_6281,"K01465  URA4, pyrC; dihydroorotase",00240 Pyrimidine metabolism,Nucleotide metabolism,Metabolism
chr_6282,"K00609  pyrB, PYR2; aspartate carbamoyltransferase catalytic subunit",00240 Pyrimidine metabolism,Nucleotide metabolism,Metabolism
chr_6282,"K00609  pyrB, PYR2; aspartate carbamoyltransferase catalytic subunit","00250 Alanine, aspartate and glutamate metabolism",Amino acid metabolism,Metabolism
chr_6283,K02825  pyrR; pyrimidine operon attenuation protein / uracil phosphoribosyltransferase,00240 Pyrimidine metabolism,Nucleotide metabolism,Metabolism
chr_6283,K02825  pyrR; pyrimidine operon attenuation protein / uracil phosphoribosyltransferase,03000 Transcription factors,Protein families: genetic information processing,Brite Hierarchies
chr_6285,K03625  nusB; transcription antitermination protein NusB,03009 Ribosome biogenesis,Protein families: genetic information processing,Brite Hierarchies
chr_6285,K03625  nusB; transcription antitermination protein NusB,03021 Transcription machinery,Protein families: genetic information processing,Brite Hierarchies
chr_6286,K02356  efp; elongation factor P,03012 Translation factors,Protein families: genetic information processing,Brite Hierarchies
chr_6287,K01262  pepP; Xaa-Pro aminopeptidase,01002 Peptidases and inhibitors,Protein families: metabolism,Brite Hierarchies
chr_6293,"K13633  ftrA; AraC family transcriptional regulator, transcriptional activator FtrA",03000 Transcription factors,Protein families: genetic information processing,Brite Hierarchies
chr_6295,"K03786  aroQ, qutE; 3-dehydroquinate dehydratase II","00400 Phenylalanine, tyrosine and tryptophan biosynthesis",Amino acid metabolism,Metabolism
chr_6296,K01735  aroB; 3-dehydroquinate synthase,"00400 Phenylalanine, tyrosine and tryptophan biosynthesis",Amino acid metabolism,Metabolism
chr_6297,"K00891  E2.7.1.71, aroK, aroL; shikimate kinase","00400 Phenylalanine, tyrosine and tryptophan biosynthesis",Amino acid metabolism,Metabolism
chr_6298,K01736  aroC; chorismate synthase,"00400 Phenylalanine, tyrosine and tryptophan biosynthesis",Amino acid metabolism,Metabolism
chr_6300,"K02777  PTS-Glc-EIIA, crr; PTS system, sugar-specific IIA component",00010 Glycolysis / Gluconeogenesis,Carbohydrate metabolism,Metabolism
chr_6300,"K02777  PTS-Glc-EIIA, crr; PTS system, sugar-specific IIA component",00520 Amino sugar and nucleotide sugar metabolism,Carbohydrate metabolism,Metabolism
chr_6300,"K02777  PTS-Glc-EIIA, crr; PTS system, sugar-specific IIA component",00500 Starch and sucrose metabolism,Carbohydrate metabolism,Metabolism
chr_6300,"K02777  PTS-Glc-EIIA, crr; PTS system, sugar-specific IIA component",02060 Phosphotransferase system (PTS),Membrane transport,Environmental Information Processing
chr_6300,"K02777  PTS-Glc-EIIA, crr; PTS system, sugar-specific IIA component",05111 Biofilm formation - Vibrio cholerae,Cellular community - prokaryotes,Cellular Processes
chr_6300,"K02777  PTS-Glc-EIIA, crr; PTS system, sugar-specific IIA component",02026 Biofilm formation - Escherichia coli,Cellular community - prokaryotes,Cellular Processes
chr_6300,"K02777  PTS-Glc-EIIA, crr; PTS system, sugar-specific IIA component",02000 Transporters,Protein families: signaling and cellular processes,Brite Hierarchies
chr_6303,"K02804  PTS-Nag-EIIC, nagE; PTS system, N-acetylglucosamine-specific IIC component",00520 Amino sugar and nucleotide sugar metabolism,Carbohydrate metabolism,Metabolism
chr_6303,"K02804  PTS-Nag-EIIC, nagE; PTS system, N-acetylglucosamine-specific IIC component",02060 Phosphotransferase system (PTS),Membrane transport,Environmental Information Processing
chr_6303,"K02804  PTS-Nag-EIIC, nagE; PTS system, N-acetylglucosamine-specific IIC component",02000 Transporters,Protein families: signaling and cellular processes,Brite Hierarchies
chr_6306,K07082  K07082; UPF0755 protein,99996 General function prediction only,Poorly characterized,Not Included in Pathway or Brite
chr_6307,K07447  ruvX; putative holliday junction resolvase,99980 Enzymes with EC numbers,Unclassified: metabolism,Not Included in Pathway or Brite
chr_6308,"K01872  AARS, alaS; alanyl-tRNA synthetase",00970 Aminoacyl-tRNA biosynthesis,Translation,Genetic Information Processing
chr_6308,"K01872  AARS, alaS; alanyl-tRNA synthetase",03016 Transfer RNA biogenesis,Protein families: genetic information processing,Brite Hierarchies
chr_6308,"K01872  AARS, alaS; alanyl-tRNA synthetase",01007 Amino acid related enzymes,Protein families: metabolism,Brite Hierarchies
chr_6311,"K00015  gyaR, GOR1; glyoxylate reductase",00630 Glyoxylate and dicarboxylate metabolism,Carbohydrate metabolism,Metabolism
chr_6313,K07478  ycaJ; putative ATPase,99976 Replication and repair,Unclassified: genetic information processing,Not Included in Pathway or Brite
chr_6315,"K01673  cynT, can; carbonic anhydrase",00910 Nitrogen metabolism,Energy metabolism,Metabolism
chr_6323,K01876  aspS; aspartyl-tRNA synthetase,00970 Aminoacyl-tRNA biosynthesis,Translation,Genetic Information Processing
chr_6323,K01876  aspS; aspartyl-tRNA synthetase,01007 Amino acid related enzymes,Protein families: metabolism,Brite Hierarchies
chr_6323,K01876  aspS; aspartyl-tRNA synthetase,03029 Mitochondrial biogenesis,Protein families: genetic information processing,Brite Hierarchies
chr_6323,K01876  aspS; aspartyl-tRNA synthetase,03016 Transfer RNA biogenesis,Protein families: genetic information processing,Brite Hierarchies
chr_6328,"K01892  HARS, hisS; histidyl-tRNA synthetase",00970 Aminoacyl-tRNA biosynthesis,Translation,Genetic Information Processing
chr_6328,"K01892  HARS, hisS; histidyl-tRNA synthetase",03016 Transfer RNA biogenesis,Protein families: genetic information processing,Brite Hierarchies
chr_6328,"K01892  HARS, hisS; histidyl-tRNA synthetase",01007 Amino acid related enzymes,Protein families: metabolism,Brite Hierarchies
chr_6329,"K01069  gloB, gloC, HAGH; hydroxyacylglutathione hydrolase",00620 Pyruvate metabolism,Carbohydrate metabolism,Metabolism
chr_6330,"K03768  PPIB, ppiB; peptidyl-prolyl cis-trans isomerase B (cyclophilin B)",03110 Chaperones and folding catalysts,Protein families: genetic information processing,Brite Hierarchies
chr_6331,"K01139  spoT; GTP diphosphokinase / guanosine-3',5'-bis(diphosphate) 3'-diphosphatase",00230 Purine metabolism,Nucleotide metabolism,Metabolism
chr_6331,"K01139  spoT; GTP diphosphokinase / guanosine-3',5'-bis(diphosphate) 3'-diphosphatase",03009 Ribosome biogenesis,Protein families: genetic information processing,Brite Hierarchies
chr_6332,"K00759  APRT, apt; adenine phosphoribosyltransferase",00230 Purine metabolism,Nucleotide metabolism,Metabolism
chr_6332,"K00759  APRT, apt; adenine phosphoribosyltransferase",04147 Exosome,Protein families: signaling and cellular processes,Brite Hierarchies
chr_6333,K03074  secF; preprotein translocase subunit SecF,03060 Protein export,"Folding, sorting and degradation",Genetic Information Processing
chr_6333,K03074  secF; preprotein translocase subunit SecF,03070 Bacterial secretion system,Membrane transport,Environmental Information Processing
chr_6333,K03074  secF; preprotein translocase subunit SecF,02044 Secretion system,Protein families: signaling and cellular processes,Brite Hierarchies
chr_6334,K03072  secD; preprotein translocase subunit SecD,03060 Protein export,"Folding, sorting and degradation",Genetic Information Processing
chr_6334,K03072  secD; preprotein translocase subunit SecD,03070 Bacterial secretion system,Membrane transport,Environmental Information Processing
chr_6334,K03072  secD; preprotein translocase subunit SecD,02044 Secretion system,Protein families: signaling and cellular processes,Brite Hierarchies
chr_6335,K03210  yajC; preprotein translocase subunit YajC,03060 Protein export,"Folding, sorting and degradation",Genetic Information Processing
chr_6335,K03210  yajC; preprotein translocase subunit YajC,03070 Bacterial secretion system,Membrane transport,Environmental Information Processing
chr_6335,K03210  yajC; preprotein translocase subunit YajC,02024 Quorum sensing,Cellular community - prokaryotes,Cellular Processes
chr_6335,K03210  yajC; preprotein translocase subunit YajC,02044 Secretion system,Protein families: signaling and cellular processes,Brite Hierarchies
chr_6336,K03551  ruvB; holliday junction DNA helicase RuvB,03440 Homologous recombination,Replication and repair,Genetic Information Processing
chr_6336,K03551  ruvB; holliday junction DNA helicase RuvB,03400 DNA repair and recombination proteins,Protein families: genetic information processing,Brite Hierarchies
chr_6337,K03550  ruvA; holliday junction DNA helicase RuvA,03440 Homologous recombination,Replication and repair,Genetic Information Processing
chr_6337,K03550  ruvA; holliday junction DNA helicase RuvA,03400 DNA repair and recombination proteins,Protein families: genetic information processing,Brite Hierarchies
chr_6338,K01159  ruvC; crossover junction endodeoxyribonuclease RuvC,03440 Homologous recombination,Replication and repair,Genetic Information Processing
chr_6338,K01159  ruvC; crossover junction endodeoxyribonuclease RuvC,03400 DNA repair and recombination proteins,Protein families: genetic information processing,Brite Hierarchies
chr_6341,"K08681  pdxT, pdx2; 5'-phosphate synthase pdxT subunit",00750 Vitamin B6 metabolism,Metabolism of cofactors and vitamins,Metabolism
chr_6345,"K06215  pdxS, pdx1; pyridoxal 5'-phosphate synthase pdxS subunit",00750 Vitamin B6 metabolism,Metabolism of cofactors and vitamins,Metabolism
chr_6346,"K02355  fusA, GFM, EFG; elongation factor G",03012 Translation factors,Protein families: genetic information processing,Brite Hierarchies
chr_6346,"K02355  fusA, GFM, EFG; elongation factor G",03029 Mitochondrial biogenesis,Protein families: genetic information processing,Brite Hierarchies
chr_6347,"K00995  pgsA, PGS1; CDP-diacylglycerol---glycerol-3-phosphate 3-phosphatidyltransferase",00564 Glycerophospholipid metabolism,Lipid metabolism,Metabolism
chr_6349,K19710  E2.7.7.53; ATP adenylyltransferase,00230 Purine metabolism,Nucleotide metabolism,Metabolism
chr_6350,"K01868  TARS, thrS; threonyl-tRNA synthetase",00970 Aminoacyl-tRNA biosynthesis,Translation,Genetic Information Processing
chr_6350,"K01868  TARS, thrS; threonyl-tRNA synthetase",01007 Amino acid related enzymes,Protein families: metabolism,Brite Hierarchies
chr_6350,"K01868  TARS, thrS; threonyl-tRNA synthetase",03016 Transfer RNA biogenesis,Protein families: genetic information processing,Brite Hierarchies
chr_6353,K18914  FDXR; adrenodoxin-NADP+ reductase,03029 Mitochondrial biogenesis,Protein families: genetic information processing,Brite Hierarchies
chr_6355,K19760  DAW1; dynein assembly factor with WDR repeat domains 1,04812 Cytoskeleton proteins,Protein families: signaling and cellular processes,Brite Hierarchies
chr_6362,K00563  rlmA1; 23S rRNA (guanine745-N1)-methyltransferase,03009 Ribosome biogenesis,Protein families: genetic information processing,Brite Hierarchies
chr_6364,K09667  OGT; protein O-GlcNAc transferase,00514 Other types of O-glycan biosynthesis,Glycan biosynthesis and metabolism,Metabolism
chr_6364,K09667  OGT; protein O-GlcNAc transferase,04931 Insulin resistance,Endocrine and metabolic disease,Human Diseases
chr_6364,K09667  OGT; protein O-GlcNAc transferase,01003 Glycosyltransferases,Protein families: metabolism,Brite Hierarchies
chr_6364,K09667  OGT; protein O-GlcNAc transferase,03036 Chromosome and associated proteins,Protein families: genetic information processing,Brite Hierarchies
chr_6367,K00574  cfa; cyclopropane-fatty-acyl-phospholipid synthase,99980 Enzymes with EC numbers,Unclassified: metabolism,Not Included in Pathway or Brite
chr_6369,K01768  E4.6.1.1; adenylate cyclase,00230 Purine metabolism,Nucleotide metabolism,Metabolism
chr_6369,K01768  E4.6.1.1; adenylate cyclase,02025 Biofilm formation - Pseudomonas aeruginosa,Cellular community - prokaryotes,Cellular Processes
chr_6369,K01768  E4.6.1.1; adenylate cyclase,04113 Meiosis - yeast,Cell growth and death,Cellular Processes
chr_6369,K01768  E4.6.1.1; adenylate cyclase,04213 Longevity regulating pathway - multiple species,Aging,Organismal Systems
chr_6372,K14052  puuP; putrescine importer,02000 Transporters,Protein families: signaling and cellular processes,Brite Hierarchies
chr_6374,K00867  coaA; type I pantothenate kinase,00770 Pantothenate and CoA biosynthesis,Metabolism of cofactors and vitamins,Metabolism
chr_6376,K00294  E1.2.1.88; 1-pyrroline-5-carboxylate dehydrogenase,00330 Arginine and proline metabolism,Amino acid metabolism,Metabolism
chr_6376,K00294  E1.2.1.88; 1-pyrroline-5-carboxylate dehydrogenase,"00250 Alanine, aspartate and glutamate metabolism",Amino acid metabolism,Metabolism
chr_6377,"K00318  PRODH, fadM, putB; proline dehydrogenase",00330 Arginine and proline metabolism,Amino acid metabolism,Metabolism
chr_6379,K01631  dgoA; 2-dehydro-3-deoxyphosphogalactonate aldolase,00052 Galactose metabolism,Carbohydrate metabolism,Metabolism
chr_6381,K00874  kdgK; 2-dehydro-3-deoxygluconokinase,00030 Pentose phosphate pathway,Carbohydrate metabolism,Metabolism
chr_6396,K08655  DPP8; dipeptidyl-peptidase 8,01002 Peptidases and inhibitors,Protein families: metabolism,Brite Hierarchies
chr_6397,K03767  PPIA; peptidyl-prolyl cis-trans isomerase A (cyclophilin A),04217 Necroptosis,Cell growth and death,Cellular Processes
chr_6397,K03767  PPIA; peptidyl-prolyl cis-trans isomerase A (cyclophilin A),01503 Cationic antimicrobial peptide (CAMP) resistance,Drug resistance: antimicrobial,Human Diseases
chr_6397,K03767  PPIA; peptidyl-prolyl cis-trans isomerase A (cyclophilin A),03110 Chaperones and folding catalysts,Protein families: genetic information processing,Brite Hierarchies
chr_6397,K03767  PPIA; peptidyl-prolyl cis-trans isomerase A (cyclophilin A),04147 Exosome,Protein families: signaling and cellular processes,Brite Hierarchies
chr_6423,"K14057  abgR; LysR family transcriptional regulator, regulator of abg operon",03000 Transcription factors,Protein families: genetic information processing,Brite Hierarchies
chr_6427,K05995  pepE; dipeptidase E,01002 Peptidases and inhibitors,Protein families: metabolism,Brite Hierarchies
chr_6431,"K01524  ppx-gppA; exopolyphosphatase / guanosine-5'-triphosphate,3'-diphosphate pyrophosphatase",00230 Purine metabolism,Nucleotide metabolism,Metabolism
chr_6433,K09705  K09705; uncharacterized protein,99997 Function unknown,Poorly characterized,Not Included in Pathway or Brite
chr_6437,K09958  K09958; uncharacterized protein,99997 Function unknown,Poorly characterized,Not Included in Pathway or Brite
chr_6439,"K03294  TC.APA; basic amino acid/polyamine antiporter, APA family",99977 Transport,Unclassified: signaling and cellular processes,Not Included in Pathway or Brite
chr_6444,K00433  cpo; non-heme chloroperoxidase,99980 Enzymes with EC numbers,Unclassified: metabolism,Not Included in Pathway or Brite
chr_6445,"K00305  soxG; sarcosine oxidase, subunit gamma","00260 Glycine, serine and threonine metabolism",Amino acid metabolism,Metabolism
chr_6446,"K00302  soxA; sarcosine oxidase, subunit alpha","00260 Glycine, serine and threonine metabolism",Amino acid metabolism,Metabolism
chr_6447,"K00304  soxD; sarcosine oxidase, subunit delta","00260 Glycine, serine and threonine metabolism",Amino acid metabolism,Metabolism
chr_6448,"K00303  soxB; sarcosine oxidase, subunit beta","00260 Glycine, serine and threonine metabolism",Amino acid metabolism,Metabolism
chr_6453,K01938  fhs; formate--tetrahydrofolate ligase,00670 One carbon pool by folate,Metabolism of cofactors and vitamins,Metabolism
chr_6453,K01938  fhs; formate--tetrahydrofolate ligase,00720 Carbon fixation pathways in prokaryotes,Energy metabolism,Metabolism
chr_6471,K09771  TC.SMR3; small multidrug resistance family-3 protein,02000 Transporters,Protein families: signaling and cellular processes,Brite Hierarchies
chr_6473,"K21886  nmtR; ArsR family transcriptional regulator, nickel/cobalt-responsive transcriptional repressor",03000 Transcription factors,Protein families: genetic information processing,Brite Hierarchies
chr_6474,"K21887  ctpJ, nmtA; cation-transporting P-type ATPase J",99980 Enzymes with EC numbers,Unclassified: metabolism,Not Included in Pathway or Brite
chr_6478,K07492  K07492; putative transposase,99976 Replication and repair,Unclassified: genetic information processing,Not Included in Pathway or Brite
chr_6482,K09702  K09702; uncharacterized protein,99997 Function unknown,Poorly characterized,Not Included in Pathway or Brite
chr_6484,"K17675  SUPV3L1, SUV3; ATP-dependent RNA helicase SUPV3L1/SUV3",03029 Mitochondrial biogenesis,Protein families: genetic information processing,Brite Hierarchies
chr_6489,K01847  MUT; methylmalonyl-CoA mutase,00720 Carbon fixation pathways in prokaryotes,Energy metabolism,Metabolism
chr_6489,K01847  MUT; methylmalonyl-CoA mutase,00630 Glyoxylate and dicarboxylate metabolism,Carbohydrate metabolism,Metabolism
chr_6489,K01847  MUT; methylmalonyl-CoA mutase,"00280 Valine, leucine and isoleucine degradation",Amino acid metabolism,Metabolism
chr_6489,K01847  MUT; methylmalonyl-CoA mutase,00640 Propanoate metabolism,Carbohydrate metabolism,Metabolism
chr_6490,K01847  MUT; methylmalonyl-CoA mutase,00720 Carbon fixation pathways in prokaryotes,Energy metabolism,Metabolism
chr_6490,K01847  MUT; methylmalonyl-CoA mutase,00630 Glyoxylate and dicarboxylate metabolism,Carbohydrate metabolism,Metabolism
chr_6490,K01847  MUT; methylmalonyl-CoA mutase,"00280 Valine, leucine and isoleucine degradation",Amino acid metabolism,Metabolism
chr_6490,K01847  MUT; methylmalonyl-CoA mutase,00640 Propanoate metabolism,Carbohydrate metabolism,Metabolism
chr_6491,K07588  argK; LAO/AO transport system kinase,99980 Enzymes with EC numbers,Unclassified: metabolism,Not Included in Pathway or Brite
chr_6507,K05275  E1.1.1.65; pyridoxine 4-dehydrogenase,00750 Vitamin B6 metabolism,Metabolism of cofactors and vitamins,Metabolism
chr_6510,K06203  cysZ; CysZ protein,99985 Amino acid metabolism,Unclassified: metabolism,Not Included in Pathway or Brite
chr_6512,K02016  ABC.FEV.S; iron complex transport system substrate-binding protein,02000 Transporters,Protein families: signaling and cellular processes,Brite Hierarchies
chr_6513,"K00627  DLAT, aceF, pdhC; pyruvate dehydrogenase E2 component (dihydrolipoamide acetyltransferase)",00020 Citrate cycle (TCA cycle),Carbohydrate metabolism,Metabolism
chr_6513,"K00627  DLAT, aceF, pdhC; pyruvate dehydrogenase E2 component (dihydrolipoamide acetyltransferase)",00620 Pyruvate metabolism,Carbohydrate metabolism,Metabolism
chr_6513,"K00627  DLAT, aceF, pdhC; pyruvate dehydrogenase E2 component (dihydrolipoamide acetyltransferase)",00010 Glycolysis / Gluconeogenesis,Carbohydrate metabolism,Metabolism
chr_6514,"K00162  PDHB, pdhB; pyruvate dehydrogenase E1 component beta subunit",00620 Pyruvate metabolism,Carbohydrate metabolism,Metabolism
chr_6514,"K00162  PDHB, pdhB; pyruvate dehydrogenase E1 component beta subunit",00020 Citrate cycle (TCA cycle),Carbohydrate metabolism,Metabolism
chr_6514,"K00162  PDHB, pdhB; pyruvate dehydrogenase E1 component beta subunit",00010 Glycolysis / Gluconeogenesis,Carbohydrate metabolism,Metabolism
chr_6514,"K00162  PDHB, pdhB; pyruvate dehydrogenase E1 component beta subunit",04066 HIF-1 signaling pathway,Signal transduction,Environmental Information Processing
chr_6514,"K00162  PDHB, pdhB; pyruvate dehydrogenase E1 component beta subunit",04922 Glucagon signaling pathway,Endocrine system,Organismal Systems
chr_6514,"K00162  PDHB, pdhB; pyruvate dehydrogenase E1 component beta subunit",05230 Central carbon metabolism in cancer,Cancer: overview,Human Diseases
chr_6515,"K00161  PDHA, pdhA; pyruvate dehydrogenase E1 component alpha subunit",00620 Pyruvate metabolism,Carbohydrate metabolism,Metabolism
chr_6515,"K00161  PDHA, pdhA; pyruvate dehydrogenase E1 component alpha subunit",00020 Citrate cycle (TCA cycle),Carbohydrate metabolism,Metabolism
chr_6515,"K00161  PDHA, pdhA; pyruvate dehydrogenase E1 component alpha subunit",00010 Glycolysis / Gluconeogenesis,Carbohydrate metabolism,Metabolism
chr_6515,"K00161  PDHA, pdhA; pyruvate dehydrogenase E1 component alpha subunit",04066 HIF-1 signaling pathway,Signal transduction,Environmental Information Processing
chr_6515,"K00161  PDHA, pdhA; pyruvate dehydrogenase E1 component alpha subunit",04922 Glucagon signaling pathway,Endocrine system,Organismal Systems
chr_6515,"K00161  PDHA, pdhA; pyruvate dehydrogenase E1 component alpha subunit",05230 Central carbon metabolism in cancer,Cancer: overview,Human Diseases
chr_6516,"K00382  DLD, lpd, pdhD; dihydrolipoamide dehydrogenase",00020 Citrate cycle (TCA cycle),Carbohydrate metabolism,Metabolism
chr_6516,"K00382  DLD, lpd, pdhD; dihydrolipoamide dehydrogenase",00310 Lysine degradation,Amino acid metabolism,Metabolism
chr_6516,"K00382  DLD, lpd, pdhD; dihydrolipoamide dehydrogenase",00640 Propanoate metabolism,Carbohydrate metabolism,Metabolism
chr_6516,"K00382  DLD, lpd, pdhD; dihydrolipoamide dehydrogenase",00630 Glyoxylate and dicarboxylate metabolism,Carbohydrate metabolism,Metabolism
chr_6516,"K00382  DLD, lpd, pdhD; dihydrolipoamide dehydrogenase","00280 Valine, leucine and isoleucine degradation",Amino acid metabolism,Metabolism
chr_6516,"K00382  DLD, lpd, pdhD; dihydrolipoamide dehydrogenase",00380 Tryptophan metabolism,Amino acid metabolism,Metabolism
chr_6516,"K00382  DLD, lpd, pdhD; dihydrolipoamide dehydrogenase",00620 Pyruvate metabolism,Carbohydrate metabolism,Metabolism
chr_6516,"K00382  DLD, lpd, pdhD; dihydrolipoamide dehydrogenase","00260 Glycine, serine and threonine metabolism",Amino acid metabolism,Metabolism
chr_6516,"K00382  DLD, lpd, pdhD; dihydrolipoamide dehydrogenase",00010 Glycolysis / Gluconeogenesis,Carbohydrate metabolism,Metabolism
chr_6516,"K00382  DLD, lpd, pdhD; dihydrolipoamide dehydrogenase",04147 Exosome,Protein families: signaling and cellular processes,Brite Hierarchies
chr_6520,K01971  ligD; bifunctional non-homologous end joining protein LigD,03450 Non-homologous end-joining,Replication and repair,Genetic Information Processing
chr_6520,K01971  ligD; bifunctional non-homologous end joining protein LigD,03400 DNA repair and recombination proteins,Protein families: genetic information processing,Brite Hierarchies
chr_6524,K03090  sigB; RNA polymerase sigma-B factor,03021 Transcription machinery,Protein families: genetic information processing,Brite Hierarchies
chr_6526,K07090  K07090; uncharacterized protein,99997 Function unknown,Poorly characterized,Not Included in Pathway or Brite
chr_6527,"K06118  SQD1, sqdB; UDP-sulfoquinovose synthase",00561 Glycerolipid metabolism,Lipid metabolism,Metabolism
chr_6527,"K06118  SQD1, sqdB; UDP-sulfoquinovose synthase",00520 Amino sugar and nucleotide sugar metabolism,Carbohydrate metabolism,Metabolism
chr_6529,K21304  aglK; UDP-N-acetylglucosamine---dolichyl-phosphate N-acetylglucosaminyltransferase,01003 Glycosyltransferases,Protein families: metabolism,Brite Hierarchies
chr_6531,"K01784  galE, GALE; UDP-glucose 4-epimerase",00052 Galactose metabolism,Carbohydrate metabolism,Metabolism
chr_6531,"K01784  galE, GALE; UDP-glucose 4-epimerase",00520 Amino sugar and nucleotide sugar metabolism,Carbohydrate metabolism,Metabolism
chr_6538,"K00605  gcvT, AMT; aminomethyltransferase",00630 Glyoxylate and dicarboxylate metabolism,Carbohydrate metabolism,Metabolism
chr_6538,"K00605  gcvT, AMT; aminomethyltransferase",00670 One carbon pool by folate,Metabolism of cofactors and vitamins,Metabolism
chr_6538,"K00605  gcvT, AMT; aminomethyltransferase","00260 Glycine, serine and threonine metabolism",Amino acid metabolism,Metabolism
chr_6539,"K00600  glyA, SHMT; glycine hydroxymethyltransferase","00260 Glycine, serine and threonine metabolism",Amino acid metabolism,Metabolism
chr_6539,"K00600  glyA, SHMT; glycine hydroxymethyltransferase",00680 Methane metabolism,Energy metabolism,Metabolism
chr_6539,"K00600  glyA, SHMT; glycine hydroxymethyltransferase",00630 Glyoxylate and dicarboxylate metabolism,Carbohydrate metabolism,Metabolism
chr_6539,"K00600  glyA, SHMT; glycine hydroxymethyltransferase",00670 One carbon pool by folate,Metabolism of cofactors and vitamins,Metabolism
chr_6539,"K00600  glyA, SHMT; glycine hydroxymethyltransferase",00460 Cyanoamino acid metabolism,Metabolism of other amino acids,Metabolism
chr_6539,"K00600  glyA, SHMT; glycine hydroxymethyltransferase",01523 Antifolate resistance,Drug resistance: antineoplastic,Human Diseases
chr_6540,"K03293  TC.AAT; amino acid transporter, AAT family",99977 Transport,Unclassified: signaling and cellular processes,Not Included in Pathway or Brite
chr_6543,K22443  cntA; carnitine monooxygenase subunit,99980 Enzymes with EC numbers,Unclassified: metabolism,Not Included in Pathway or Brite
chr_6545,K05710  hcaC; 3-phenylpropionate/trans-cinnamate dioxygenase ferredoxin component,00360 Phenylalanine metabolism,Amino acid metabolism,Metabolism
chr_6549,K07259  dacB; serine-type D-Ala-D-Ala carboxypeptidase/endopeptidase (penicillin-binding protein 4),00550 Peptidoglycan biosynthesis,Glycan biosynthesis and metabolism,Metabolism
chr_6549,K07259  dacB; serine-type D-Ala-D-Ala carboxypeptidase/endopeptidase (penicillin-binding protein 4),01002 Peptidases and inhibitors,Protein families: metabolism,Brite Hierarchies
chr_6549,K07259  dacB; serine-type D-Ala-D-Ala carboxypeptidase/endopeptidase (penicillin-binding protein 4),01011 Peptidoglycan biosynthesis and degradation proteins,Protein families: metabolism,Brite Hierarchies
chr_6550,K05835  rhtC; threonine efflux protein,02000 Transporters,Protein families: signaling and cellular processes,Brite Hierarchies
chr_6552,K10805  tesB; acyl-CoA thioesterase II,01040 Biosynthesis of unsaturated fatty acids,Lipid metabolism,Metabolism
chr_6552,K10805  tesB; acyl-CoA thioesterase II,01004 Lipid biosynthesis proteins,Protein families: metabolism,Brite Hierarchies
chr_6553,"K00873  PK, pyk; pyruvate kinase",00010 Glycolysis / Gluconeogenesis,Carbohydrate metabolism,Metabolism
chr_6553,"K00873  PK, pyk; pyruvate kinase",00230 Purine metabolism,Nucleotide metabolism,Metabolism
chr_6553,"K00873  PK, pyk; pyruvate kinase",00620 Pyruvate metabolism,Carbohydrate metabolism,Metabolism
chr_6553,"K00873  PK, pyk; pyruvate kinase",04922 Glucagon signaling pathway,Endocrine system,Organismal Systems
chr_6553,"K00873  PK, pyk; pyruvate kinase",05230 Central carbon metabolism in cancer,Cancer: overview,Human Diseases
chr_6553,"K00873  PK, pyk; pyruvate kinase",04930 Type II diabetes mellitus,Endocrine and metabolic disease,Human Diseases
chr_6553,"K00873  PK, pyk; pyruvate kinase",05165 Human papillomavirus infection,Infectious disease: viral,Human Diseases
chr_6553,"K00873  PK, pyk; pyruvate kinase",05203 Viral carcinogenesis,Cancer: overview,Human Diseases
chr_6553,"K00873  PK, pyk; pyruvate kinase",04147 Exosome,Protein families: signaling and cellular processes,Brite Hierarchies
chr_6553,"K00873  PK, pyk; pyruvate kinase",04131 Membrane trafficking,Protein families: genetic information processing,Brite Hierarchies
chr_6561,"K03657  uvrD, pcrA; DNA helicase II / ATP-dependent DNA helicase PcrA",03420 Nucleotide excision repair,Replication and repair,Genetic Information Processing
chr_6561,"K03657  uvrD, pcrA; DNA helicase II / ATP-dependent DNA helicase PcrA",03430 Mismatch repair,Replication and repair,Genetic Information Processing
chr_6561,"K03657  uvrD, pcrA; DNA helicase II / ATP-dependent DNA helicase PcrA",03400 DNA repair and recombination proteins,Protein families: genetic information processing,Brite Hierarchies
chr_6563,K00266  gltD; glutamate synthase (NADPH) small chain,00910 Nitrogen metabolism,Energy metabolism,Metabolism
chr_6563,K00266  gltD; glutamate synthase (NADPH) small chain,"00250 Alanine, aspartate and glutamate metabolism",Amino acid metabolism,Metabolism
chr_6564,"K00284  GLU, gltS; glutamate synthase (ferredoxin)",00630 Glyoxylate and dicarboxylate metabolism,Carbohydrate metabolism,Metabolism
chr_6564,"K00284  GLU, gltS; glutamate synthase (ferredoxin)",00910 Nitrogen metabolism,Energy metabolism,Metabolism
chr_6564,"K00284  GLU, gltS; glutamate synthase (ferredoxin)",01002 Peptidases and inhibitors,Protein families: metabolism,Brite Hierarchies
chr_6566,K02015  ABC.FEV.P; iron complex transport system permease protein,02000 Transporters,Protein families: signaling and cellular processes,Brite Hierarchies
chr_6567,K02013  ABC.FEV.A; iron complex transport system ATP-binding protein,02000 Transporters,Protein families: signaling and cellular processes,Brite Hierarchies
chr_6570,"K13292  lgt, umpA; phosphatidylglycerol---prolipoprotein diacylglyceryl transferase",99980 Enzymes with EC numbers,Unclassified: metabolism,Not Included in Pathway or Brite
chr_6571,K01695  trpA; tryptophan synthase alpha chain,"00400 Phenylalanine, tyrosine and tryptophan biosynthesis",Amino acid metabolism,Metabolism
chr_6571,K01695  trpA; tryptophan synthase alpha chain,"00260 Glycine, serine and threonine metabolism",Amino acid metabolism,Metabolism
chr_6572,K01696  trpB; tryptophan synthase beta chain,"00260 Glycine, serine and threonine metabolism",Amino acid metabolism,Metabolism
chr_6572,K01696  trpB; tryptophan synthase beta chain,"00400 Phenylalanine, tyrosine and tryptophan biosynthesis",Amino acid metabolism,Metabolism
chr_6573,K01609  trpC; indole-3-glycerol phosphate synthase,"00400 Phenylalanine, tyrosine and tryptophan biosynthesis",Amino acid metabolism,Metabolism
chr_6576,K01657  trpE; anthranilate synthase component I,"00400 Phenylalanine, tyrosine and tryptophan biosynthesis",Amino acid metabolism,Metabolism
chr_6576,K01657  trpE; anthranilate synthase component I,00405 Phenazine biosynthesis,Biosynthesis of other secondary metabolites,Metabolism
chr_6576,K01657  trpE; anthranilate synthase component I,02025 Biofilm formation - Pseudomonas aeruginosa,Cellular community - prokaryotes,Cellular Processes
chr_6576,K01657  trpE; anthranilate synthase component I,02024 Quorum sensing,Cellular community - prokaryotes,Cellular Processes
chr_6578,K01496  hisI; phosphoribosyl-AMP cyclohydrolase,00340 Histidine metabolism,Amino acid metabolism,Metabolism
chr_6579,K02500  hisF; imidazole glycerol-phosphate synthase subunit HisF,00340 Histidine metabolism,Amino acid metabolism,Metabolism
chr_6580,K01814  hisA; phosphoribosylformimino-5-aminoimidazole carboxamide ribotide isomerase,00340 Histidine metabolism,Amino acid metabolism,Metabolism
chr_6582,K02501  hisH; imidazole glycerol-phosphate synthase subunit HisH,00340 Histidine metabolism,Amino acid metabolism,Metabolism
chr_6585,"K13639  soxR; MerR family transcriptional regulator, redox-sensitive transcriptional activator SoxR",03000 Transcription factors,Protein families: genetic information processing,Brite Hierarchies
chr_6586,"K07703  dcuR; two-component system, CitB family, response regulator DcuR",02020 Two-component system,Signal transduction,Environmental Information Processing
chr_6586,"K07703  dcuR; two-component system, CitB family, response regulator DcuR",02022 Two-component system,Protein families: signaling and cellular processes,Brite Hierarchies
chr_6587,"K07701  dcuS; two-component system, CitB family, sensor histidine kinase DcuS",02020 Two-component system,Signal transduction,Environmental Information Processing
chr_6587,"K07701  dcuS; two-component system, CitB family, sensor histidine kinase DcuS",02022 Two-component system,Protein families: signaling and cellular processes,Brite Hierarchies
chr_6587,"K07701  dcuS; two-component system, CitB family, sensor histidine kinase DcuS",01001 Protein kinases,Protein families: metabolism,Brite Hierarchies
chr_6588,K11103  dctA; aerobic C4-dicarboxylate transport protein,02020 Two-component system,Signal transduction,Environmental Information Processing
chr_6588,K11103  dctA; aerobic C4-dicarboxylate transport protein,02000 Transporters,Protein families: signaling and cellular processes,Brite Hierarchies
chr_6593,K01693  hisB; imidazoleglycerol-phosphate dehydratase,00340 Histidine metabolism,Amino acid metabolism,Metabolism
chr_6594,K00817  hisC; histidinol-phosphate aminotransferase,"00400 Phenylalanine, tyrosine and tryptophan biosynthesis",Amino acid metabolism,Metabolism
chr_6594,K00817  hisC; histidinol-phosphate aminotransferase,"00960 Tropane, piperidine and pyridine alkaloid biosynthesis",Biosynthesis of other secondary metabolites,Metabolism
chr_6594,K00817  hisC; histidinol-phosphate aminotransferase,00350 Tyrosine metabolism,Amino acid metabolism,Metabolism
chr_6594,K00817  hisC; histidinol-phosphate aminotransferase,00360 Phenylalanine metabolism,Amino acid metabolism,Metabolism
chr_6594,K00817  hisC; histidinol-phosphate aminotransferase,00401 Novobiocin biosynthesis,Biosynthesis of other secondary metabolites,Metabolism
chr_6594,K00817  hisC; histidinol-phosphate aminotransferase,00340 Histidine metabolism,Amino acid metabolism,Metabolism
chr_6594,K00817  hisC; histidinol-phosphate aminotransferase,01007 Amino acid related enzymes,Protein families: metabolism,Brite Hierarchies
chr_6595,K00013  hisD; histidinol dehydrogenase,00340 Histidine metabolism,Amino acid metabolism,Metabolism
chr_6596,K08637  CPA4; carboxypeptidase A4,01002 Peptidases and inhibitors,Protein families: metabolism,Brite Hierarchies
chr_6599,K03699  tlyC; putative hemolysin,02042 Bacterial toxins,Protein families: signaling and cellular processes,Brite Hierarchies
chr_6603,K15582  oppC; oligopeptide transport system permease protein,02010 ABC transporters,Membrane transport,Environmental Information Processing
chr_6603,K15582  oppC; oligopeptide transport system permease protein,02024 Quorum sensing,Cellular community - prokaryotes,Cellular Processes
chr_6603,K15582  oppC; oligopeptide transport system permease protein,01501 beta-Lactam resistance,Drug resistance: antimicrobial,Human Diseases
chr_6603,K15582  oppC; oligopeptide transport system permease protein,02000 Transporters,Protein families: signaling and cellular processes,Brite Hierarchies
chr_6604,K02033  ABC.PE.P; peptide/nickel transport system permease protein,02024 Quorum sensing,Cellular community - prokaryotes,Cellular Processes
chr_6604,K02033  ABC.PE.P; peptide/nickel transport system permease protein,02000 Transporters,Protein families: signaling and cellular processes,Brite Hierarchies
chr_6605,K02035  ABC.PE.S; peptide/nickel transport system substrate-binding protein,02024 Quorum sensing,Cellular community - prokaryotes,Cellular Processes
chr_6605,K02035  ABC.PE.S; peptide/nickel transport system substrate-binding protein,02000 Transporters,Protein families: signaling and cellular processes,Brite Hierarchies
chr_6609,"K11206  NIT1, ybeM; deaminated glutathione amidase",99980 Enzymes with EC numbers,Unclassified: metabolism,Not Included in Pathway or Brite
chr_6610,K07052  K07052; uncharacterized protein,99997 Function unknown,Poorly characterized,Not Included in Pathway or Brite
chr_6614,"K00767  nadC, QPRT; nicotinate-nucleotide pyrophosphorylase (carboxylating)",00760 Nicotinate and nicotinamide metabolism,Metabolism of cofactors and vitamins,Metabolism
chr_6615,K00278  nadB; L-aspartate oxidase,"00250 Alanine, aspartate and glutamate metabolism",Amino acid metabolism,Metabolism
chr_6615,K00278  nadB; L-aspartate oxidase,00760 Nicotinate and nicotinamide metabolism,Metabolism of cofactors and vitamins,Metabolism
chr_6616,K03517  nadA; quinolinate synthase,00760 Nicotinate and nicotinamide metabolism,Metabolism of cofactors and vitamins,Metabolism
chr_6618,K07157  K07157; uncharacterized protein,99997 Function unknown,Poorly characterized,Not Included in Pathway or Brite
chr_6621,K13686  aftA; galactan 5-O-arabinofuranosyltransferase,00572 Arabinogalactan biosynthesis - Mycobacterium,Glycan biosynthesis and metabolism,Metabolism
chr_6621,K13686  aftA; galactan 5-O-arabinofuranosyltransferase,01003 Glycosyltransferases,Protein families: metabolism,Brite Hierarchies
chr_6623,K15468  pksS; cytochrome P450 PksS,01008 Polyketide biosynthesis proteins,Protein families: metabolism,Brite Hierarchies
chr_6624,K02337  dnaE; DNA polymerase III subunit alpha,03430 Mismatch repair,Replication and repair,Genetic Information Processing
chr_6624,K02337  dnaE; DNA polymerase III subunit alpha,03440 Homologous recombination,Replication and repair,Genetic Information Processing
chr_6624,K02337  dnaE; DNA polymerase III subunit alpha,03030 DNA replication,Replication and repair,Genetic Information Processing
chr_6624,K02337  dnaE; DNA polymerase III subunit alpha,03032 DNA replication proteins,Protein families: genetic information processing,Brite Hierarchies
chr_6624,K02337  dnaE; DNA polymerase III subunit alpha,03400 DNA repair and recombination proteins,Protein families: genetic information processing,Brite Hierarchies
chr_6626,K00324  pntA; H+-translocating NAD(P) transhydrogenase subunit alpha,00760 Nicotinate and nicotinamide metabolism,Metabolism of cofactors and vitamins,Metabolism
chr_6627,K00324  pntA; H+-translocating NAD(P) transhydrogenase subunit alpha,00760 Nicotinate and nicotinamide metabolism,Metabolism of cofactors and vitamins,Metabolism
chr_6628,K00325  pntB; H+-translocating NAD(P) transhydrogenase subunit beta,00760 Nicotinate and nicotinamide metabolism,Metabolism of cofactors and vitamins,Metabolism
chr_6630,K06180  rluD; 23S rRNA pseudouridine1911/1915/1917 synthase,03009 Ribosome biogenesis,Protein families: genetic information processing,Brite Hierarchies
chr_6631,K03101  lspA; signal peptidase II,03060 Protein export,"Folding, sorting and degradation",Genetic Information Processing
chr_6631,K03101  lspA; signal peptidase II,01002 Peptidases and inhibitors,Protein families: metabolism,Brite Hierarchies
chr_6633,"K01870  IARS, ileS; isoleucyl-tRNA synthetase",00970 Aminoacyl-tRNA biosynthesis,Translation,Genetic Information Processing
chr_6633,"K01870  IARS, ileS; isoleucyl-tRNA synthetase",01007 Amino acid related enzymes,Protein families: metabolism,Brite Hierarchies
chr_6633,"K01870  IARS, ileS; isoleucyl-tRNA synthetase",03016 Transfer RNA biogenesis,Protein families: genetic information processing,Brite Hierarchies
chr_6636,K02221  yggT; YggT family protein,02044 Secretion system,Protein families: signaling and cellular processes,Brite Hierarchies
chr_6637,K09772  sepF; cell division inhibitor SepF,03036 Chromosome and associated proteins,Protein families: genetic information processing,Brite Hierarchies
chr_6638,"K06997  yggS, PROSC; PLP dependent protein",99985 Amino acid metabolism,Unclassified: metabolism,Not Included in Pathway or Brite
chr_6639,K05810  yfiH; polyphenol oxidase,99980 Enzymes with EC numbers,Unclassified: metabolism,Not Included in Pathway or Brite
chr_6640,K03531  ftsZ; cell division protein FtsZ,04112 Cell cycle - Caulobacter,Cell growth and death,Cellular Processes
chr_6640,K03531  ftsZ; cell division protein FtsZ,04812 Cytoskeleton proteins,Protein families: signaling and cellular processes,Brite Hierarchies
chr_6640,K03531  ftsZ; cell division protein FtsZ,02048 Prokaryotic defense system,Protein families: signaling and cellular processes,Brite Hierarchies
chr_6640,K03531  ftsZ; cell division protein FtsZ,03036 Chromosome and associated proteins,Protein families: genetic information processing,Brite Hierarchies
chr_6643,K05815  ugpE; sn-glycerol 3-phosphate transport system permease protein,02010 ABC transporters,Membrane transport,Environmental Information Processing
chr_6643,K05815  ugpE; sn-glycerol 3-phosphate transport system permease protein,02000 Transporters,Protein families: signaling and cellular processes,Brite Hierarchies
chr_6644,K17245  chiF; putative chitobiose transport system permease protein,02010 ABC transporters,Membrane transport,Environmental Information Processing
chr_6644,K17245  chiF; putative chitobiose transport system permease protein,02000 Transporters,Protein families: signaling and cellular processes,Brite Hierarchies
chr_6645,K02027  ABC.MS.S; multiple sugar transport system substrate-binding protein,02000 Transporters,Protein families: signaling and cellular processes,Brite Hierarchies
chr_6646,"K13240  NOS1; nitric-oxide synthase, brain",00220 Arginine biosynthesis,Amino acid metabolism,Metabolism
chr_6646,"K13240  NOS1; nitric-oxide synthase, brain",00330 Arginine and proline metabolism,Amino acid metabolism,Metabolism
chr_6646,"K13240  NOS1; nitric-oxide synthase, brain",04020 Calcium signaling pathway,Signal transduction,Environmental Information Processing
chr_6646,"K13240  NOS1; nitric-oxide synthase, brain",04371 Apelin signaling pathway,Signal transduction,Environmental Information Processing
chr_6646,"K13240  NOS1; nitric-oxide synthase, brain",04145 Phagosome,Transport and catabolism,Cellular Processes
chr_6646,"K13240  NOS1; nitric-oxide synthase, brain",04926 Relaxin signaling pathway,Endocrine system,Organismal Systems
chr_6646,"K13240  NOS1; nitric-oxide synthase, brain",04730 Long-term depression,Nervous system,Organismal Systems
chr_6646,"K13240  NOS1; nitric-oxide synthase, brain",04713 Circadian entrainment,Environmental adaptation,Organismal Systems
chr_6646,"K13240  NOS1; nitric-oxide synthase, brain",04970 Salivary secretion,Digestive system,Organismal Systems
chr_6646,"K13240  NOS1; nitric-oxide synthase, brain",05014 Amyotrophic lateral sclerosis (ALS),Neurodegenerative disease,Human Diseases
chr_6646,"K13240  NOS1; nitric-oxide synthase, brain",05010 Alzheimer disease,Neurodegenerative disease,Human Diseases
chr_6648,K03589  ftsQ; cell division protein FtsQ,04112 Cell cycle - Caulobacter,Cell growth and death,Cellular Processes
chr_6648,K03589  ftsQ; cell division protein FtsQ,03036 Chromosome and associated proteins,Protein families: genetic information processing,Brite Hierarchies
chr_6649,K01924  murC; UDP-N-acetylmuramate--alanine ligase,00471 D-Glutamine and D-glutamate metabolism,Metabolism of other amino acids,Metabolism
chr_6649,K01924  murC; UDP-N-acetylmuramate--alanine ligase,00550 Peptidoglycan biosynthesis,Glycan biosynthesis and metabolism,Metabolism
chr_6649,K01924  murC; UDP-N-acetylmuramate--alanine ligase,01011 Peptidoglycan biosynthesis and degradation proteins,Protein families: metabolism,Brite Hierarchies
chr_6650,K02563  murG; UDP-N-acetylglucosamine--N-acetylmuramyl-(pentapeptide) pyrophosphoryl-undecaprenol N-acetylglucosamine transferase,00550 Peptidoglycan biosynthesis,Glycan biosynthesis and metabolism,Metabolism
chr_6650,K02563  murG; UDP-N-acetylglucosamine--N-acetylmuramyl-(pentapeptide) pyrophosphoryl-undecaprenol N-acetylglucosamine transferase,04112 Cell cycle - Caulobacter,Cell growth and death,Cellular Processes
chr_6650,K02563  murG; UDP-N-acetylglucosamine--N-acetylmuramyl-(pentapeptide) pyrophosphoryl-undecaprenol N-acetylglucosamine transferase,01502 Vancomycin resistance,Drug resistance: antimicrobial,Human Diseases
chr_6650,K02563  murG; UDP-N-acetylglucosamine--N-acetylmuramyl-(pentapeptide) pyrophosphoryl-undecaprenol N-acetylglucosamine transferase,01011 Peptidoglycan biosynthesis and degradation proteins,Protein families: metabolism,Brite Hierarchies
chr_6651,"K03588  ftsW, spoVE; cell division protein FtsW",04112 Cell cycle - Caulobacter,Cell growth and death,Cellular Processes
chr_6651,"K03588  ftsW, spoVE; cell division protein FtsW",02000 Transporters,Protein families: signaling and cellular processes,Brite Hierarchies
chr_6651,"K03588  ftsW, spoVE; cell division protein FtsW",03036 Chromosome and associated proteins,Protein families: genetic information processing,Brite Hierarchies
chr_6652,K01925  murD; UDP-N-acetylmuramoylalanine--D-glutamate ligase,00471 D-Glutamine and D-glutamate metabolism,Metabolism of other amino acids,Metabolism
chr_6652,K01925  murD; UDP-N-acetylmuramoylalanine--D-glutamate ligase,00550 Peptidoglycan biosynthesis,Glycan biosynthesis and metabolism,Metabolism
chr_6652,K01925  murD; UDP-N-acetylmuramoylalanine--D-glutamate ligase,01011 Peptidoglycan biosynthesis and degradation proteins,Protein families: metabolism,Brite Hierarchies
chr_6653,K01000  mraY; phospho-N-acetylmuramoyl-pentapeptide-transferase,00550 Peptidoglycan biosynthesis,Glycan biosynthesis and metabolism,Metabolism
chr_6653,K01000  mraY; phospho-N-acetylmuramoyl-pentapeptide-transferase,01502 Vancomycin resistance,Drug resistance: antimicrobial,Human Diseases
chr_6653,K01000  mraY; phospho-N-acetylmuramoyl-pentapeptide-transferase,01011 Peptidoglycan biosynthesis and degradation proteins,Protein families: metabolism,Brite Hierarchies
chr_6654,K01929  murF; UDP-N-acetylmuramoyl-tripeptide--D-alanyl-D-alanine ligase,00300 Lysine biosynthesis,Amino acid metabolism,Metabolism
chr_6654,K01929  murF; UDP-N-acetylmuramoyl-tripeptide--D-alanyl-D-alanine ligase,00550 Peptidoglycan biosynthesis,Glycan biosynthesis and metabolism,Metabolism
chr_6654,K01929  murF; UDP-N-acetylmuramoyl-tripeptide--D-alanyl-D-alanine ligase,01502 Vancomycin resistance,Drug resistance: antimicrobial,Human Diseases
chr_6654,K01929  murF; UDP-N-acetylmuramoyl-tripeptide--D-alanyl-D-alanine ligase,01011 Peptidoglycan biosynthesis and degradation proteins,Protein families: metabolism,Brite Hierarchies
chr_6655,"K01928  murE; UDP-N-acetylmuramoyl-L-alanyl-D-glutamate--2,6-diaminopimelate ligase",00550 Peptidoglycan biosynthesis,Glycan biosynthesis and metabolism,Metabolism
chr_6655,"K01928  murE; UDP-N-acetylmuramoyl-L-alanyl-D-glutamate--2,6-diaminopimelate ligase",00300 Lysine biosynthesis,Amino acid metabolism,Metabolism
chr_6655,"K01928  murE; UDP-N-acetylmuramoyl-L-alanyl-D-glutamate--2,6-diaminopimelate ligase",01011 Peptidoglycan biosynthesis and degradation proteins,Protein families: metabolism,Brite Hierarchies
chr_6660,K03587  ftsI; cell division protein FtsI (penicillin-binding protein 3),00550 Peptidoglycan biosynthesis,Glycan biosynthesis and metabolism,Metabolism
chr_6660,K03587  ftsI; cell division protein FtsI (penicillin-binding protein 3),01501 beta-Lactam resistance,Drug resistance: antimicrobial,Human Diseases
chr_6660,K03587  ftsI; cell division protein FtsI (penicillin-binding protein 3),03036 Chromosome and associated proteins,Protein families: genetic information processing,Brite Hierarchies
chr_6660,K03587  ftsI; cell division protein FtsI (penicillin-binding protein 3),01011 Peptidoglycan biosynthesis and degradation proteins,Protein families: metabolism,Brite Hierarchies
chr_6662,"K03438  mraW, rsmH; 16S rRNA (cytosine1402-N4)-methyltransferase",03009 Ribosome biogenesis,Protein families: genetic information processing,Brite Hierarchies
chr_6663,K03925  mraZ; MraZ protein,99996 General function prediction only,Poorly characterized,Not Included in Pathway or Brite
chr_6665,K03924  moxR; MoxR-like ATPase,99980 Enzymes with EC numbers,Unclassified: metabolism,Not Included in Pathway or Brite
chr_6667,K22452  tgpA; protein-glutamine gamma-glutamyltransferase,99980 Enzymes with EC numbers,Unclassified: metabolism,Not Included in Pathway or Brite
chr_6670,"K03496  parA, soj; chromosome partitioning protein",03036 Chromosome and associated proteins,Protein families: genetic information processing,Brite Hierarchies
chr_6670,"K03496  parA, soj; chromosome partitioning protein",04812 Cytoskeleton proteins,Protein families: signaling and cellular processes,Brite Hierarchies
chr_6671,K03329  yahN; amino acid exporter,02000 Transporters,Protein families: signaling and cellular processes,Brite Hierarchies
chr_6672,K05522  nei; endonuclease VIII,03410 Base excision repair,Replication and repair,Genetic Information Processing
chr_6672,K05522  nei; endonuclease VIII,03400 DNA repair and recombination proteins,Protein families: genetic information processing,Brite Hierarchies
chr_6673,"K02824  pyrP, uraA; uracil permease",02000 Transporters,Protein families: signaling and cellular processes,Brite Hierarchies
chr_6675,K03969  pspA; phage shock protein A,99998 Others,Unclassified: genetic information processing,Not Included in Pathway or Brite
chr_6677,K03743  pncC; nicotinamide-nucleotide amidase,00760 Nicotinate and nicotinamide metabolism,Metabolism of cofactors and vitamins,Metabolism
chr_6678,"K00995  pgsA, PGS1; CDP-diacylglycerol---glycerol-3-phosphate 3-phosphatidyltransferase",00564 Glycerophospholipid metabolism,Lipid metabolism,Metabolism
chr_6679,K14441  rimO; ribosomal protein S12 methylthiotransferase,03009 Ribosome biogenesis,Protein families: genetic information processing,Brite Hierarchies
chr_6680,K00619  argA; amino-acid N-acetyltransferase,00220 Arginine biosynthesis,Amino acid metabolism,Metabolism
chr_6681,K00619  argA; amino-acid N-acetyltransferase,00220 Arginine biosynthesis,Amino acid metabolism,Metabolism
chr_6683,K00101  lldD; L-lactate dehydrogenase (cytochrome),00620 Pyruvate metabolism,Carbohydrate metabolism,Metabolism
chr_6685,"K03466  ftsK, spoIIIE; DNA segregation ATPase FtsK/SpoIIIE, S-DNA-T family",03036 Chromosome and associated proteins,Protein families: genetic information processing,Brite Hierarchies
chr_6691,K12574  rnj; ribonuclease J,03018 RNA degradation,"Folding, sorting and degradation",Genetic Information Processing
chr_6691,K12574  rnj; ribonuclease J,03019 Messenger RNA biogenesis,Protein families: genetic information processing,Brite Hierarchies
chr_6692,K01714  dapA; 4-hydroxy-tetrahydrodipicolinate synthase,00261 Monobactam biosynthesis,Biosynthesis of other secondary metabolites,Metabolism
chr_6692,K01714  dapA; 4-hydroxy-tetrahydrodipicolinate synthase,00300 Lysine biosynthesis,Amino acid metabolism,Metabolism
chr_6694,K08798  MARK; MAP/microtubule affinity-regulating kinase,01001 Protein kinases,Protein families: metabolism,Brite Hierarchies
chr_6694,K08798  MARK; MAP/microtubule affinity-regulating kinase,04812 Cytoskeleton proteins,Protein families: signaling and cellular processes,Brite Hierarchies
chr_6695,"K03465  thyX, thy1; thymidylate synthase (FAD)",00240 Pyrimidine metabolism,Nucleotide metabolism,Metabolism
chr_6695,"K03465  thyX, thy1; thymidylate synthase (FAD)",00670 One carbon pool by folate,Metabolism of cofactors and vitamins,Metabolism
chr_6700,K09927  K09927; uncharacterized protein,99997 Function unknown,Poorly characterized,Not Included in Pathway or Brite
chr_6704,K00215  dapB; 4-hydroxy-tetrahydrodipicolinate reductase,00300 Lysine biosynthesis,Amino acid metabolism,Metabolism
chr_6704,K00215  dapB; 4-hydroxy-tetrahydrodipicolinate reductase,00261 Monobactam biosynthesis,Biosynthesis of other secondary metabolites,Metabolism
chr_6706,"K00962  pnp, PNPT1; polyribonucleotide nucleotidyltransferase",03018 RNA degradation,"Folding, sorting and degradation",Genetic Information Processing
chr_6706,"K00962  pnp, PNPT1; polyribonucleotide nucleotidyltransferase",03019 Messenger RNA biogenesis,Protein families: genetic information processing,Brite Hierarchies
chr_6706,"K00962  pnp, PNPT1; polyribonucleotide nucleotidyltransferase",03016 Transfer RNA biogenesis,Protein families: genetic information processing,Brite Hierarchies
chr_6707,"K02956  RP-S15, MRPS15, rpsO; small subunit ribosomal protein S15",03010 Ribosome,Translation,Genetic Information Processing
chr_6707,"K02956  RP-S15, MRPS15, rpsO; small subunit ribosomal protein S15",03011 Ribosome,Protein families: genetic information processing,Brite Hierarchies
chr_6710,K11753  ribF; riboflavin kinase / FMN adenylyltransferase,00740 Riboflavin metabolism,Metabolism of cofactors and vitamins,Metabolism
chr_6711,"K03177  truB, PUS4, TRUB1; tRNA pseudouridine55 synthase",03016 Transfer RNA biogenesis,Protein families: genetic information processing,Brite Hierarchies
chr_6715,K06881  nrnA; bifunctional oligoribonuclease and PAP phosphatase NrnA,00920 Sulfur metabolism,Energy metabolism,Metabolism
chr_6715,K06881  nrnA; bifunctional oligoribonuclease and PAP phosphatase NrnA,03400 DNA repair and recombination proteins,Protein families: genetic information processing,Brite Hierarchies
chr_6716,K02834  rbfA; ribosome-binding factor A,03009 Ribosome biogenesis,Protein families: genetic information processing,Brite Hierarchies
chr_6717,K09764  K09764; uncharacterized protein,99997 Function unknown,Poorly characterized,Not Included in Pathway or Brite
chr_6718,"K02519  infB, MTIF2; translation initiation factor IF-2",03029 Mitochondrial biogenesis,Protein families: genetic information processing,Brite Hierarchies
chr_6718,"K02519  infB, MTIF2; translation initiation factor IF-2",03012 Translation factors,Protein families: genetic information processing,Brite Hierarchies
chr_6719,K02600  nusA; transcription termination/antitermination protein NusA,03021 Transcription machinery,Protein families: genetic information processing,Brite Hierarchies
chr_6719,K02600  nusA; transcription termination/antitermination protein NusA,03009 Ribosome biogenesis,Protein families: genetic information processing,Brite Hierarchies
chr_6720,K09748  rimP; ribosome maturation factor RimP,03009 Ribosome biogenesis,Protein families: genetic information processing,Brite Hierarchies
chr_6731,"K01881  PARS, proS; prolyl-tRNA synthetase",00970 Aminoacyl-tRNA biosynthesis,Translation,Genetic Information Processing
chr_6731,"K01881  PARS, proS; prolyl-tRNA synthetase",01007 Amino acid related enzymes,Protein families: metabolism,Brite Hierarchies
chr_6731,"K01881  PARS, proS; prolyl-tRNA synthetase",03016 Transfer RNA biogenesis,Protein families: genetic information processing,Brite Hierarchies
chr_6736,K07178  RIOK1; RIO kinase 1,03008 Ribosome biogenesis in eukaryotes,Translation,Genetic Information Processing
chr_6736,K07178  RIOK1; RIO kinase 1,03009 Ribosome biogenesis,Protein families: genetic information processing,Brite Hierarchies
chr_6736,K07178  RIOK1; RIO kinase 1,01001 Protein kinases,Protein families: metabolism,Brite Hierarchies
chr_6738,K02302  cysG; uroporphyrin-III C-methyltransferase / precorrin-2 dehydrogenase / sirohydrochlorin ferrochelatase,00860 Porphyrin and chlorophyll metabolism,Metabolism of cofactors and vitamins,Metabolism
chr_6739,K03795  cbiX; sirohydrochlorin cobaltochelatase,00860 Porphyrin and chlorophyll metabolism,Metabolism of cofactors and vitamins,Metabolism
chr_6740,K06042  cobH-cbiC; precorrin-8X/cobalt-precorrin-8 methylmutase,00860 Porphyrin and chlorophyll metabolism,Metabolism of cofactors and vitamins,Metabolism
chr_6741,"K07241  hoxN, nixA; nickel/cobalt transporter (NiCoT) family protein",02000 Transporters,Protein families: signaling and cellular processes,Brite Hierarchies
chr_6745,"K01593  DDC, TDC; aromatic-L-amino-acid/L-tryptophan decarboxylase",00350 Tyrosine metabolism,Amino acid metabolism,Metabolism
chr_6745,"K01593  DDC, TDC; aromatic-L-amino-acid/L-tryptophan decarboxylase",00965 Betalain biosynthesis,Biosynthesis of other secondary metabolites,Metabolism
chr_6745,"K01593  DDC, TDC; aromatic-L-amino-acid/L-tryptophan decarboxylase",00950 Isoquinoline alkaloid biosynthesis,Biosynthesis of other secondary metabolites,Metabolism
chr_6745,"K01593  DDC, TDC; aromatic-L-amino-acid/L-tryptophan decarboxylase",00360 Phenylalanine metabolism,Amino acid metabolism,Metabolism
chr_6745,"K01593  DDC, TDC; aromatic-L-amino-acid/L-tryptophan decarboxylase",00380 Tryptophan metabolism,Amino acid metabolism,Metabolism
chr_6745,"K01593  DDC, TDC; aromatic-L-amino-acid/L-tryptophan decarboxylase",00901 Indole alkaloid biosynthesis,Biosynthesis of other secondary metabolites,Metabolism
chr_6745,"K01593  DDC, TDC; aromatic-L-amino-acid/L-tryptophan decarboxylase",04726 Serotonergic synapse,Nervous system,Organismal Systems
chr_6745,"K01593  DDC, TDC; aromatic-L-amino-acid/L-tryptophan decarboxylase",04361 Axon regeneration,Development and regeneration,Organismal Systems
chr_6745,"K01593  DDC, TDC; aromatic-L-amino-acid/L-tryptophan decarboxylase",04728 Dopaminergic synapse,Nervous system,Organismal Systems
chr_6745,"K01593  DDC, TDC; aromatic-L-amino-acid/L-tryptophan decarboxylase",05034 Alcoholism,Substance dependence,Human Diseases
chr_6745,"K01593  DDC, TDC; aromatic-L-amino-acid/L-tryptophan decarboxylase",05031 Amphetamine addiction,Substance dependence,Human Diseases
chr_6745,"K01593  DDC, TDC; aromatic-L-amino-acid/L-tryptophan decarboxylase",05030 Cocaine addiction,Substance dependence,Human Diseases
chr_6745,"K01593  DDC, TDC; aromatic-L-amino-acid/L-tryptophan decarboxylase",04147 Exosome,Protein families: signaling and cellular processes,Brite Hierarchies
chr_6747,K13541  cbiGH-cobJ; cobalt-precorrin 5A hydrolase / precorrin-3B C17-methyltransferase,00860 Porphyrin and chlorophyll metabolism,Metabolism of cofactors and vitamins,Metabolism
chr_6748,"K00595  cobL; precorrin-6Y C5,15-methyltransferase (decarboxylating)",00860 Porphyrin and chlorophyll metabolism,Metabolism of cofactors and vitamins,Metabolism
chr_6749,K02188  cbiD; cobalt-precorrin-5B (C1)-methyltransferase,00860 Porphyrin and chlorophyll metabolism,Metabolism of cofactors and vitamins,Metabolism
chr_6750,"K05936  cobM, cbiF; precorrin-4/cobalt-precorrin-4 C11-methyltransferase",00860 Porphyrin and chlorophyll metabolism,Metabolism of cofactors and vitamins,Metabolism
chr_6751,K03394  cobI-cbiL; precorrin-2/cobalt-factor-2 C20-methyltransferase,00860 Porphyrin and chlorophyll metabolism,Metabolism of cofactors and vitamins,Metabolism
chr_6752,"K02224  cobB-cbiA; cobyrinic acid a,c-diamide synthase",00860 Porphyrin and chlorophyll metabolism,Metabolism of cofactors and vitamins,Metabolism
chr_6753,"K19221  cobA, btuR; cob(I)alamin adenosyltransferase",00860 Porphyrin and chlorophyll metabolism,Metabolism of cofactors and vitamins,Metabolism
chr_6759,"K03404  chlD, bchD; magnesium chelatase subunit D",00860 Porphyrin and chlorophyll metabolism,Metabolism of cofactors and vitamins,Metabolism
chr_6760,K02348  elaA; ElaA protein,99996 General function prediction only,Poorly characterized,Not Included in Pathway or Brite
chr_6768,K01312  PRSS1_2_3; trypsin,04080 Neuroactive ligand-receptor interaction,Signaling molecules and interaction,Environmental Information Processing
chr_6768,K01312  PRSS1_2_3; trypsin,04972 Pancreatic secretion,Digestive system,Organismal Systems
chr_6768,K01312  PRSS1_2_3; trypsin,04974 Protein digestion and absorption,Digestive system,Organismal Systems
chr_6768,K01312  PRSS1_2_3; trypsin,05164 Influenza A,Infectious disease: viral,Human Diseases
chr_6768,K01312  PRSS1_2_3; trypsin,04147 Exosome,Protein families: signaling and cellular processes,Brite Hierarchies
chr_6768,K01312  PRSS1_2_3; trypsin,01002 Peptidases and inhibitors,Protein families: metabolism,Brite Hierarchies
chr_6773,K01312  PRSS1_2_3; trypsin,04080 Neuroactive ligand-receptor interaction,Signaling molecules and interaction,Environmental Information Processing
chr_6773,K01312  PRSS1_2_3; trypsin,04972 Pancreatic secretion,Digestive system,Organismal Systems
chr_6773,K01312  PRSS1_2_3; trypsin,04974 Protein digestion and absorption,Digestive system,Organismal Systems
chr_6773,K01312  PRSS1_2_3; trypsin,05164 Influenza A,Infectious disease: viral,Human Diseases
chr_6773,K01312  PRSS1_2_3; trypsin,04147 Exosome,Protein families: signaling and cellular processes,Brite Hierarchies
chr_6773,K01312  PRSS1_2_3; trypsin,01002 Peptidases and inhibitors,Protein families: metabolism,Brite Hierarchies
chr_6774,K02230  cobN; cobaltochelatase CobN,00860 Porphyrin and chlorophyll metabolism,Metabolism of cofactors and vitamins,Metabolism
chr_6775,K07486  K07486; transposase,99976 Replication and repair,Unclassified: genetic information processing,Not Included in Pathway or Brite
chr_6777,K01625  eda; 2-dehydro-3-deoxyphosphogluconate aldolase / (4S)-4-hydroxy-2-oxoglutarate aldolase,00630 Glyoxylate and dicarboxylate metabolism,Carbohydrate metabolism,Metabolism
chr_6777,K01625  eda; 2-dehydro-3-deoxyphosphogluconate aldolase / (4S)-4-hydroxy-2-oxoglutarate aldolase,00030 Pentose phosphate pathway,Carbohydrate metabolism,Metabolism
chr_6778,K00874  kdgK; 2-dehydro-3-deoxygluconokinase,00030 Pentose phosphate pathway,Carbohydrate metabolism,Metabolism
chr_6781,K17883  mtr; mycothione reductase,99980 Enzymes with EC numbers,Unclassified: metabolism,Not Included in Pathway or Brite
chr_6782,"K00262  E1.4.1.4, gdhA; glutamate dehydrogenase (NADP+)",00220 Arginine biosynthesis,Amino acid metabolism,Metabolism
chr_6782,"K00262  E1.4.1.4, gdhA; glutamate dehydrogenase (NADP+)",00910 Nitrogen metabolism,Energy metabolism,Metabolism
chr_6782,"K00262  E1.4.1.4, gdhA; glutamate dehydrogenase (NADP+)","00250 Alanine, aspartate and glutamate metabolism",Amino acid metabolism,Metabolism
chr_6783,"K03449  MFS.CP; MFS transporter, CP family, cyanate transporter",02000 Transporters,Protein families: signaling and cellular processes,Brite Hierarchies
chr_6786,"K02232  cobQ, cbiP; adenosylcobyric acid synthase",00860 Porphyrin and chlorophyll metabolism,Metabolism of cofactors and vitamins,Metabolism
chr_6787,K01265  map; methionyl aminopeptidase,01002 Peptidases and inhibitors,Protein families: metabolism,Brite Hierarchies
chr_6788,K07064  K07064; uncharacterized protein,99997 Function unknown,Poorly characterized,Not Included in Pathway or Brite
chr_6791,K06976  K06976; uncharacterized protein,99997 Function unknown,Poorly characterized,Not Included in Pathway or Brite
chr_6792,"K03526  gcpE, ispG; (E)-4-hydroxy-3-methylbut-2-enyl-diphosphate synthase",00900 Terpenoid backbone biosynthesis,Metabolism of terpenoids and polyketides,Metabolism
chr_6793,K11749  rseP; regulator of sigma E protease,04112 Cell cycle - Caulobacter,Cell growth and death,Cellular Processes
chr_6793,K11749  rseP; regulator of sigma E protease,01002 Peptidases and inhibitors,Protein families: metabolism,Brite Hierarchies
chr_6794,K00099  dxr; 1-deoxy-D-xylulose-5-phosphate reductoisomerase,00900 Terpenoid backbone biosynthesis,Metabolism of terpenoids and polyketides,Metabolism
chr_6800,"K09684  pucR; PucR family transcriptional regulator, purine catabolism regulatory protein",03000 Transcription factors,Protein families: genetic information processing,Brite Hierarchies
chr_6801,K07250  gabT; 4-aminobutyrate aminotransferase / (S)-3-amino-2-methylpropionate transaminase / 5-aminovalerate transaminase,00640 Propanoate metabolism,Carbohydrate metabolism,Metabolism
chr_6801,K07250  gabT; 4-aminobutyrate aminotransferase / (S)-3-amino-2-methylpropionate transaminase / 5-aminovalerate transaminase,00410 beta-Alanine metabolism,Metabolism of other amino acids,Metabolism
chr_6801,K07250  gabT; 4-aminobutyrate aminotransferase / (S)-3-amino-2-methylpropionate transaminase / 5-aminovalerate transaminase,00650 Butanoate metabolism,Carbohydrate metabolism,Metabolism
chr_6801,K07250  gabT; 4-aminobutyrate aminotransferase / (S)-3-amino-2-methylpropionate transaminase / 5-aminovalerate transaminase,"00280 Valine, leucine and isoleucine degradation",Amino acid metabolism,Metabolism
chr_6801,K07250  gabT; 4-aminobutyrate aminotransferase / (S)-3-amino-2-methylpropionate transaminase / 5-aminovalerate transaminase,00310 Lysine degradation,Amino acid metabolism,Metabolism
chr_6801,K07250  gabT; 4-aminobutyrate aminotransferase / (S)-3-amino-2-methylpropionate transaminase / 5-aminovalerate transaminase,"00250 Alanine, aspartate and glutamate metabolism",Amino acid metabolism,Metabolism
chr_6801,K07250  gabT; 4-aminobutyrate aminotransferase / (S)-3-amino-2-methylpropionate transaminase / 5-aminovalerate transaminase,01007 Amino acid related enzymes,Protein families: metabolism,Brite Hierarchies
chr_6804,K06941  rlmN; 23S rRNA (adenine2503-C2)-methyltransferase,03009 Ribosome biogenesis,Protein families: genetic information processing,Brite Hierarchies
chr_6805,"K03709  troR; DtxR family transcriptional regulator, Mn-dependent transcriptional regulator",03000 Transcription factors,Protein families: genetic information processing,Brite Hierarchies
chr_6807,K06996  K06996; uncharacterized protein,99997 Function unknown,Poorly characterized,Not Included in Pathway or Brite
chr_6810,"K00981  E2.7.7.41, CDS1, CDS2, cdsA; phosphatidate cytidylyltransferase",00564 Glycerophospholipid metabolism,Lipid metabolism,Metabolism
chr_6810,"K00981  E2.7.7.41, CDS1, CDS2, cdsA; phosphatidate cytidylyltransferase",04070 Phosphatidylinositol signaling system,Signal transduction,Environmental Information Processing
chr_6811,"K02838  frr, MRRF, RRF; ribosome recycling factor",03012 Translation factors,Protein families: genetic information processing,Brite Hierarchies
chr_6812,K09903  pyrH; uridylate kinase,00240 Pyrimidine metabolism,Nucleotide metabolism,Metabolism
chr_6813,"K02357  tsf, TSFM; elongation factor Ts",03012 Translation factors,Protein families: genetic information processing,Brite Hierarchies
chr_6813,"K02357  tsf, TSFM; elongation factor Ts",03029 Mitochondrial biogenesis,Protein families: genetic information processing,Brite Hierarchies
chr_6814,"K02967  RP-S2, MRPS2, rpsB; small subunit ribosomal protein S2",03010 Ribosome,Translation,Genetic Information Processing
chr_6814,"K02967  RP-S2, MRPS2, rpsB; small subunit ribosomal protein S2",03011 Ribosome,Protein families: genetic information processing,Brite Hierarchies
chr_6816,K02405  fliA; RNA polymerase sigma factor for flagellar operon FliA,02020 Two-component system,Signal transduction,Environmental Information Processing
chr_6816,K02405  fliA; RNA polymerase sigma factor for flagellar operon FliA,02025 Biofilm formation - Pseudomonas aeruginosa,Cellular community - prokaryotes,Cellular Processes
chr_6816,K02405  fliA; RNA polymerase sigma factor for flagellar operon FliA,05111 Biofilm formation - Vibrio cholerae,Cellular community - prokaryotes,Cellular Processes
chr_6816,K02405  fliA; RNA polymerase sigma factor for flagellar operon FliA,02040 Flagellar assembly,Cell motility,Cellular Processes
chr_6816,K02405  fliA; RNA polymerase sigma factor for flagellar operon FliA,02026 Biofilm formation - Escherichia coli,Cellular community - prokaryotes,Cellular Processes
chr_6816,K02405  fliA; RNA polymerase sigma factor for flagellar operon FliA,03021 Transcription machinery,Protein families: genetic information processing,Brite Hierarchies
chr_6816,K02405  fliA; RNA polymerase sigma factor for flagellar operon FliA,02035 Bacterial motility proteins,Protein families: signaling and cellular processes,Brite Hierarchies
chr_6817,K03733  xerC; integrase/recombinase XerC,03036 Chromosome and associated proteins,Protein families: genetic information processing,Brite Hierarchies
chr_6818,K04096  smf; DNA processing protein,99976 Replication and repair,Unclassified: genetic information processing,Not Included in Pathway or Brite
chr_6818,K04096  smf; DNA processing protein,99979 Unclassified viral proteins,Unclassified: signaling and cellular processes,Not Included in Pathway or Brite
chr_6819,K07391  comM; magnesium chelatase family protein,99975 Protein processing,Unclassified: genetic information processing,Not Included in Pathway or Brite
chr_6820,K07460  yraN; putative endonuclease,99976 Replication and repair,Unclassified: genetic information processing,Not Included in Pathway or Brite
chr_6822,K03470  rnhB; ribonuclease HII,03030 DNA replication,Replication and repair,Genetic Information Processing
chr_6822,K03470  rnhB; ribonuclease HII,03032 DNA replication proteins,Protein families: genetic information processing,Brite Hierarchies
chr_6823,K03100  lepB; signal peptidase I,03060 Protein export,"Folding, sorting and degradation",Genetic Information Processing
chr_6823,K03100  lepB; signal peptidase I,01002 Peptidases and inhibitors,Protein families: metabolism,Brite Hierarchies
chr_6824,"K02884  RP-L19, MRPL19, rplS; large subunit ribosomal protein L19",03010 Ribosome,Translation,Genetic Information Processing
chr_6824,"K02884  RP-L19, MRPL19, rplS; large subunit ribosomal protein L19",03011 Ribosome,Protein families: genetic information processing,Brite Hierarchies
chr_6825,K00554  trmD; tRNA (guanine37-N1)-methyltransferase,03016 Transfer RNA biogenesis,Protein families: genetic information processing,Brite Hierarchies
chr_6826,K02860  rimM; 16S rRNA processing protein RimM,03009 Ribosome biogenesis,Protein families: genetic information processing,Brite Hierarchies
chr_6827,K06960  K06960; uncharacterized protein,99997 Function unknown,Poorly characterized,Not Included in Pathway or Brite
chr_6828,"K02959  RP-S16, MRPS16, rpsP; small subunit ribosomal protein S16",03010 Ribosome,Translation,Genetic Information Processing
chr_6828,"K02959  RP-S16, MRPS16, rpsP; small subunit ribosomal protein S16",03011 Ribosome,Protein families: genetic information processing,Brite Hierarchies
chr_6828,"K02959  RP-S16, MRPS16, rpsP; small subunit ribosomal protein S16",03029 Mitochondrial biogenesis,Protein families: genetic information processing,Brite Hierarchies
chr_6829,K07052  K07052; uncharacterized protein,99997 Function unknown,Poorly characterized,Not Included in Pathway or Brite
chr_6832,"K03106  SRP54, ffh; signal recognition particle subunit SRP54",03060 Protein export,"Folding, sorting and degradation",Genetic Information Processing
chr_6832,"K03106  SRP54, ffh; signal recognition particle subunit SRP54",03070 Bacterial secretion system,Membrane transport,Environmental Information Processing
chr_6832,"K03106  SRP54, ffh; signal recognition particle subunit SRP54",02024 Quorum sensing,Cellular community - prokaryotes,Cellular Processes
chr_6832,"K03106  SRP54, ffh; signal recognition particle subunit SRP54",02044 Secretion system,Protein families: signaling and cellular processes,Brite Hierarchies
chr_6833,"K05592  deaD, cshA; ATP-dependent RNA helicase DeaD",03018 RNA degradation,"Folding, sorting and degradation",Genetic Information Processing
chr_6833,"K05592  deaD, cshA; ATP-dependent RNA helicase DeaD",03019 Messenger RNA biogenesis,Protein families: genetic information processing,Brite Hierarchies
chr_6833,"K05592  deaD, cshA; ATP-dependent RNA helicase DeaD",03009 Ribosome biogenesis,Protein families: genetic information processing,Brite Hierarchies
chr_6835,K04751  glnB; nitrogen regulatory protein P-II 1,02020 Two-component system,Signal transduction,Environmental Information Processing
chr_6836,"K03320  amt, AMT, MEP; ammonium transporter, Amt family",02000 Transporters,Protein families: signaling and cellular processes,Brite Hierarchies
chr_6837,"K03449  MFS.CP; MFS transporter, CP family, cyanate transporter",02000 Transporters,Protein families: signaling and cellular processes,Brite Hierarchies
chr_6839,K03110  ftsY; fused signal recognition particle receptor,03060 Protein export,"Folding, sorting and degradation",Genetic Information Processing
chr_6839,K03110  ftsY; fused signal recognition particle receptor,03070 Bacterial secretion system,Membrane transport,Environmental Information Processing
chr_6839,K03110  ftsY; fused signal recognition particle receptor,02024 Quorum sensing,Cellular community - prokaryotes,Cellular Processes
chr_6839,K03110  ftsY; fused signal recognition particle receptor,02044 Secretion system,Protein families: signaling and cellular processes,Brite Hierarchies
chr_6840,K09001  anmK; anhydro-N-acetylmuramic acid kinase,99980 Enzymes with EC numbers,Unclassified: metabolism,Not Included in Pathway or Brite
chr_6841,"K03307  TC.SSS; solute:Na+ symporter, SSS family",99977 Transport,Unclassified: signaling and cellular processes,Not Included in Pathway or Brite
chr_6844,K03529  smc; chromosome segregation protein,03036 Chromosome and associated proteins,Protein families: genetic information processing,Brite Hierarchies
chr_6845,K01512  acyP; acylphosphatase,00620 Pyruvate metabolism,Carbohydrate metabolism,Metabolism
chr_6845,K01512  acyP; acylphosphatase,00627 Aminobenzoate degradation,Xenobiotics biodegradation and metabolism,Metabolism
chr_6853,K02040  pstS; phosphate transport system substrate-binding protein,02010 ABC transporters,Membrane transport,Environmental Information Processing
chr_6853,K02040  pstS; phosphate transport system substrate-binding protein,02020 Two-component system,Signal transduction,Environmental Information Processing
chr_6853,K02040  pstS; phosphate transport system substrate-binding protein,05152 Tuberculosis,Infectious disease: bacterial,Human Diseases
chr_6853,K02040  pstS; phosphate transport system substrate-binding protein,02000 Transporters,Protein families: signaling and cellular processes,Brite Hierarchies
chr_6854,"K07667  kdpE; two-component system, OmpR family, KDP operon response regulator KdpE",02020 Two-component system,Signal transduction,Environmental Information Processing
chr_6854,"K07667  kdpE; two-component system, OmpR family, KDP operon response regulator KdpE",02024 Quorum sensing,Cellular community - prokaryotes,Cellular Processes
chr_6854,"K07667  kdpE; two-component system, OmpR family, KDP operon response regulator KdpE",02022 Two-component system,Protein families: signaling and cellular processes,Brite Hierarchies
chr_6855,"K07646  kdpD; two-component system, OmpR family, sensor histidine kinase KdpD",02020 Two-component system,Signal transduction,Environmental Information Processing
chr_6855,"K07646  kdpD; two-component system, OmpR family, sensor histidine kinase KdpD",02022 Two-component system,Protein families: signaling and cellular processes,Brite Hierarchies
chr_6855,"K07646  kdpD; two-component system, OmpR family, sensor histidine kinase KdpD",01001 Protein kinases,Protein families: metabolism,Brite Hierarchies
chr_6856,K01548  kdpC; potassium-transporting ATPase KdpC subunit,02020 Two-component system,Signal transduction,Environmental Information Processing
chr_6857,K01547  kdpB; potassium-transporting ATPase ATP-binding subunit,02020 Two-component system,Signal transduction,Environmental Information Processing
chr_6858,K01546  kdpA; potassium-transporting ATPase potassium-binding subunit,02020 Two-component system,Signal transduction,Environmental Information Processing
chr_6860,"K01953  asnB, ASNS; asparagine synthase (glutamine-hydrolysing)","00250 Alanine, aspartate and glutamate metabolism",Amino acid metabolism,Metabolism
chr_6860,"K01953  asnB, ASNS; asparagine synthase (glutamine-hydrolysing)",01002 Peptidases and inhibitors,Protein families: metabolism,Brite Hierarchies
chr_6861,"K02484  K02484; two-component system, OmpR family, sensor kinase",02022 Two-component system,Protein families: signaling and cellular processes,Brite Hierarchies
chr_6861,"K02484  K02484; two-component system, OmpR family, sensor kinase",01001 Protein kinases,Protein families: metabolism,Brite Hierarchies
chr_6862,"K02483  K02483; two-component system, OmpR family, response regulator",02022 Two-component system,Protein families: signaling and cellular processes,Brite Hierarchies
chr_6864,K23683  aglD; glycosyltransferase AglD,01003 Glycosyltransferases,Protein families: metabolism,Brite Hierarchies
chr_6865,"K10563  mutM, fpg; formamidopyrimidine-DNA glycosylase",03410 Base excision repair,Replication and repair,Genetic Information Processing
chr_6865,"K10563  mutM, fpg; formamidopyrimidine-DNA glycosylase",03400 DNA repair and recombination proteins,Protein families: genetic information processing,Brite Hierarchies
chr_6866,"K03685  rnc, DROSHA, RNT1; ribonuclease III",03008 Ribosome biogenesis in eukaryotes,Translation,Genetic Information Processing
chr_6866,"K03685  rnc, DROSHA, RNT1; ribonuclease III",05205 Proteoglycans in cancer,Cancer: overview,Human Diseases
chr_6866,"K03685  rnc, DROSHA, RNT1; ribonuclease III",03009 Ribosome biogenesis,Protein families: genetic information processing,Brite Hierarchies
chr_6866,"K03685  rnc, DROSHA, RNT1; ribonuclease III",03036 Chromosome and associated proteins,Protein families: genetic information processing,Brite Hierarchies
chr_6866,"K03685  rnc, DROSHA, RNT1; ribonuclease III",03019 Messenger RNA biogenesis,Protein families: genetic information processing,Brite Hierarchies
chr_6868,K07040  K07040; uncharacterized protein,99997 Function unknown,Poorly characterized,Not Included in Pathway or Brite
chr_6871,"K00954  E2.7.7.3A, coaD, kdtB; pantetheine-phosphate adenylyltransferase",00770 Pantothenate and CoA biosynthesis,Metabolism of cofactors and vitamins,Metabolism
chr_6872,K08316  rsmD; 16S rRNA (guanine966-N2)-methyltransferase,03009 Ribosome biogenesis,Protein families: genetic information processing,Brite Hierarchies
chr_6873,"K03657  uvrD, pcrA; DNA helicase II / ATP-dependent DNA helicase PcrA",03420 Nucleotide excision repair,Replication and repair,Genetic Information Processing
chr_6873,"K03657  uvrD, pcrA; DNA helicase II / ATP-dependent DNA helicase PcrA",03430 Mismatch repair,Replication and repair,Genetic Information Processing
chr_6873,"K03657  uvrD, pcrA; DNA helicase II / ATP-dependent DNA helicase PcrA",03400 DNA repair and recombination proteins,Protein families: genetic information processing,Brite Hierarchies
chr_6879,"K01958  PC, pyc; pyruvate carboxylase",00620 Pyruvate metabolism,Carbohydrate metabolism,Metabolism
chr_6879,"K01958  PC, pyc; pyruvate carboxylase",00020 Citrate cycle (TCA cycle),Carbohydrate metabolism,Metabolism
chr_6879,"K01958  PC, pyc; pyruvate carboxylase",00720 Carbon fixation pathways in prokaryotes,Energy metabolism,Metabolism
chr_6880,K20420  ncsB3; 2-hydroxy-5-methyl-1-naphthoate 7-hydroxylase,01059 Biosynthesis of enediyne antibiotics,Metabolism of terpenoids and polyketides,Metabolism
chr_6881,K03655  recG; ATP-dependent DNA helicase RecG,03440 Homologous recombination,Replication and repair,Genetic Information Processing
chr_6881,K03655  recG; ATP-dependent DNA helicase RecG,03400 DNA repair and recombination proteins,Protein families: genetic information processing,Brite Hierarchies
chr_6886,K07030  K07030; uncharacterized protein,99997 Function unknown,Poorly characterized,Not Included in Pathway or Brite
chr_6887,"K02902  RP-L28, MRPL28, rpmB; large subunit ribosomal protein L28",03010 Ribosome,Translation,Genetic Information Processing
chr_6887,"K02902  RP-L28, MRPL28, rpmB; large subunit ribosomal protein L28",03011 Ribosome,Protein families: genetic information processing,Brite Hierarchies
chr_6889,"K03648  UNG, UDG; uracil-DNA glycosylase",03410 Base excision repair,Replication and repair,Genetic Information Processing
chr_6889,"K03648  UNG, UDG; uracil-DNA glycosylase",05340 Primary immunodeficiency,Immune disease,Human Diseases
chr_6889,"K03648  UNG, UDG; uracil-DNA glycosylase",03400 DNA repair and recombination proteins,Protein families: genetic information processing,Brite Hierarchies
chr_6890,"K03762  proP; MFS transporter, MHS family, proline/betaine transporter",02000 Transporters,Protein families: signaling and cellular processes,Brite Hierarchies
chr_6891,K00946  thiL; thiamine-monophosphate kinase,00730 Thiamine metabolism,Metabolism of cofactors and vitamins,Metabolism
chr_6894,K01921  ddl; D-alanine-D-alanine ligase,00473 D-Alanine metabolism,Metabolism of other amino acids,Metabolism
chr_6894,K01921  ddl; D-alanine-D-alanine ligase,00550 Peptidoglycan biosynthesis,Glycan biosynthesis and metabolism,Metabolism
chr_6894,K01921  ddl; D-alanine-D-alanine ligase,01502 Vancomycin resistance,Drug resistance: antimicrobial,Human Diseases
chr_6894,K01921  ddl; D-alanine-D-alanine ligase,01011 Peptidoglycan biosynthesis and degradation proteins,Protein families: metabolism,Brite Hierarchies
chr_6896,K07005  K07005; uncharacterized protein,99997 Function unknown,Poorly characterized,Not Included in Pathway or Brite
chr_6900,K01758  CTH; cystathionine gamma-lyase,00270 Cysteine and methionine metabolism,Amino acid metabolism,Metabolism
chr_6900,K01758  CTH; cystathionine gamma-lyase,"00260 Glycine, serine and threonine metabolism",Amino acid metabolism,Metabolism
chr_6900,K01758  CTH; cystathionine gamma-lyase,00450 Selenocompound metabolism,Metabolism of other amino acids,Metabolism
chr_6900,K01758  CTH; cystathionine gamma-lyase,04147 Exosome,Protein families: signaling and cellular processes,Brite Hierarchies
chr_6901,K00057  gpsA; glycerol-3-phosphate dehydrogenase (NAD(P)+),00564 Glycerophospholipid metabolism,Lipid metabolism,Metabolism
chr_6904,K14941  cofC; 2-phospho-L-lactate guanylyltransferase,00680 Methane metabolism,Energy metabolism,Metabolism
chr_6905,K00937  ppk; polyphosphate kinase,00190 Oxidative phosphorylation,Energy metabolism,Metabolism
chr_6905,K00937  ppk; polyphosphate kinase,03018 RNA degradation,"Folding, sorting and degradation",Genetic Information Processing
chr_6905,K00937  ppk; polyphosphate kinase,03019 Messenger RNA biogenesis,Protein families: genetic information processing,Brite Hierarchies
chr_6906,K23258  mutT1; 8-oxo-dGTP phosphatase,03400 DNA repair and recombination proteins,Protein families: genetic information processing,Brite Hierarchies
chr_6907,K03530  hupB; DNA-binding protein HU-beta,03036 Chromosome and associated proteins,Protein families: genetic information processing,Brite Hierarchies
chr_6907,K03530  hupB; DNA-binding protein HU-beta,03400 DNA repair and recombination proteins,Protein families: genetic information processing,Brite Hierarchies
chr_6907,K03530  hupB; DNA-binding protein HU-beta,03032 DNA replication proteins,Protein families: genetic information processing,Brite Hierarchies
chr_6908,"K01704  leuD, IPMI-S; 3-isopropylmalate/(R)-2-methylmalate dehydratase small subunit","00290 Valine, leucine and isoleucine biosynthesis",Amino acid metabolism,Metabolism
chr_6908,"K01704  leuD, IPMI-S; 3-isopropylmalate/(R)-2-methylmalate dehydratase small subunit",00660 C5-Branched dibasic acid metabolism,Carbohydrate metabolism,Metabolism
chr_6909,"K01703  leuC, IPMI-L; 3-isopropylmalate/(R)-2-methylmalate dehydratase large subunit","00290 Valine, leucine and isoleucine biosynthesis",Amino acid metabolism,Metabolism
chr_6909,"K01703  leuC, IPMI-L; 3-isopropylmalate/(R)-2-methylmalate dehydratase large subunit",00660 C5-Branched dibasic acid metabolism,Carbohydrate metabolism,Metabolism
chr_6909,"K01703  leuC, IPMI-L; 3-isopropylmalate/(R)-2-methylmalate dehydratase large subunit",00966 Glucosinolate biosynthesis,Biosynthesis of other secondary metabolites,Metabolism
chr_6912,K01097  NANP; N-acylneuraminate-9-phosphatase,00520 Amino sugar and nucleotide sugar metabolism,Carbohydrate metabolism,Metabolism
chr_6912,K01097  NANP; N-acylneuraminate-9-phosphatase,01009 Protein phosphatases and associated proteins,Protein families: metabolism,Brite Hierarchies
chr_6913,"K01885  EARS, gltX; glutamyl-tRNA synthetase",00860 Porphyrin and chlorophyll metabolism,Metabolism of cofactors and vitamins,Metabolism
chr_6913,"K01885  EARS, gltX; glutamyl-tRNA synthetase",00970 Aminoacyl-tRNA biosynthesis,Translation,Genetic Information Processing
chr_6913,"K01885  EARS, gltX; glutamyl-tRNA synthetase",01007 Amino acid related enzymes,Protein families: metabolism,Brite Hierarchies
chr_6913,"K01885  EARS, gltX; glutamyl-tRNA synthetase",02048 Prokaryotic defense system,Protein families: signaling and cellular processes,Brite Hierarchies
chr_6913,"K01885  EARS, gltX; glutamyl-tRNA synthetase",03016 Transfer RNA biogenesis,Protein families: genetic information processing,Brite Hierarchies
chr_6916,"K01649  leuA, IMS; 2-isopropylmalate synthase",00620 Pyruvate metabolism,Carbohydrate metabolism,Metabolism
chr_6916,"K01649  leuA, IMS; 2-isopropylmalate synthase","00290 Valine, leucine and isoleucine biosynthesis",Amino acid metabolism,Metabolism
chr_6919,"K00052  leuB, IMDH; 3-isopropylmalate dehydrogenase",00660 C5-Branched dibasic acid metabolism,Carbohydrate metabolism,Metabolism
chr_6919,"K00052  leuB, IMDH; 3-isopropylmalate dehydrogenase","00290 Valine, leucine and isoleucine biosynthesis",Amino acid metabolism,Metabolism
chr_6920,"K00058  serA, PHGDH; D-3-phosphoglycerate dehydrogenase / 2-oxoglutarate reductase",00270 Cysteine and methionine metabolism,Amino acid metabolism,Metabolism
chr_6920,"K00058  serA, PHGDH; D-3-phosphoglycerate dehydrogenase / 2-oxoglutarate reductase",00680 Methane metabolism,Energy metabolism,Metabolism
chr_6920,"K00058  serA, PHGDH; D-3-phosphoglycerate dehydrogenase / 2-oxoglutarate reductase","00260 Glycine, serine and threonine metabolism",Amino acid metabolism,Metabolism
chr_6920,"K00058  serA, PHGDH; D-3-phosphoglycerate dehydrogenase / 2-oxoglutarate reductase",04147 Exosome,Protein families: signaling and cellular processes,Brite Hierarchies
chr_6922,K00053  ilvC; ketol-acid reductoisomerase,"00290 Valine, leucine and isoleucine biosynthesis",Amino acid metabolism,Metabolism
chr_6922,K00053  ilvC; ketol-acid reductoisomerase,00770 Pantothenate and CoA biosynthesis,Metabolism of cofactors and vitamins,Metabolism
chr_6923,"K01653  E2.2.1.6S, ilvH, ilvN; acetolactate synthase I/III small subunit",00650 Butanoate metabolism,Carbohydrate metabolism,Metabolism
chr_6923,"K01653  E2.2.1.6S, ilvH, ilvN; acetolactate synthase I/III small subunit",00770 Pantothenate and CoA biosynthesis,Metabolism of cofactors and vitamins,Metabolism
chr_6923,"K01653  E2.2.1.6S, ilvH, ilvN; acetolactate synthase I/III small subunit","00290 Valine, leucine and isoleucine biosynthesis",Amino acid metabolism,Metabolism
chr_6923,"K01653  E2.2.1.6S, ilvH, ilvN; acetolactate synthase I/III small subunit",00660 C5-Branched dibasic acid metabolism,Carbohydrate metabolism,Metabolism
chr_6924,"K01652  E2.2.1.6L, ilvB, ilvG, ilvI; acetolactate synthase I/II/III large subunit",00650 Butanoate metabolism,Carbohydrate metabolism,Metabolism
chr_6924,"K01652  E2.2.1.6L, ilvB, ilvG, ilvI; acetolactate synthase I/II/III large subunit",00660 C5-Branched dibasic acid metabolism,Carbohydrate metabolism,Metabolism
chr_6924,"K01652  E2.2.1.6L, ilvB, ilvG, ilvI; acetolactate synthase I/II/III large subunit",00770 Pantothenate and CoA biosynthesis,Metabolism of cofactors and vitamins,Metabolism
chr_6924,"K01652  E2.2.1.6L, ilvB, ilvG, ilvI; acetolactate synthase I/II/III large subunit","00290 Valine, leucine and isoleucine biosynthesis",Amino acid metabolism,Metabolism
chr_6926,K01687  ilvD; dihydroxy-acid dehydratase,"00290 Valine, leucine and isoleucine biosynthesis",Amino acid metabolism,Metabolism
chr_6926,K01687  ilvD; dihydroxy-acid dehydratase,00770 Pantothenate and CoA biosynthesis,Metabolism of cofactors and vitamins,Metabolism
chr_6927,K15977  K15977; putative oxidoreductase,99999 Others,Unclassified: metabolism,Not Included in Pathway or Brite
chr_6931,"K02434  gatB, PET112; aspartyl-tRNA(Asn)/glutamyl-tRNA(Gln) amidotransferase subunit B",00970 Aminoacyl-tRNA biosynthesis,Translation,Genetic Information Processing
chr_6931,"K02434  gatB, PET112; aspartyl-tRNA(Asn)/glutamyl-tRNA(Gln) amidotransferase subunit B",03029 Mitochondrial biogenesis,Protein families: genetic information processing,Brite Hierarchies
chr_6933,"K02433  gatA, QRSL1; aspartyl-tRNA(Asn)/glutamyl-tRNA(Gln) amidotransferase subunit A",00970 Aminoacyl-tRNA biosynthesis,Translation,Genetic Information Processing
chr_6933,"K02433  gatA, QRSL1; aspartyl-tRNA(Asn)/glutamyl-tRNA(Gln) amidotransferase subunit A",03029 Mitochondrial biogenesis,Protein families: genetic information processing,Brite Hierarchies
chr_6934,"K02435  gatC, GATC; aspartyl-tRNA(Asn)/glutamyl-tRNA(Gln) amidotransferase subunit C",00970 Aminoacyl-tRNA biosynthesis,Translation,Genetic Information Processing
chr_6934,"K02435  gatC, GATC; aspartyl-tRNA(Asn)/glutamyl-tRNA(Gln) amidotransferase subunit C",03029 Mitochondrial biogenesis,Protein families: genetic information processing,Brite Hierarchies
chr_6936,"K01972  E6.5.1.2, ligA, ligB; DNA ligase (NAD+)",03420 Nucleotide excision repair,Replication and repair,Genetic Information Processing
chr_6936,"K01972  E6.5.1.2, ligA, ligB; DNA ligase (NAD+)",03410 Base excision repair,Replication and repair,Genetic Information Processing
chr_6936,"K01972  E6.5.1.2, ligA, ligB; DNA ligase (NAD+)",03430 Mismatch repair,Replication and repair,Genetic Information Processing
chr_6936,"K01972  E6.5.1.2, ligA, ligB; DNA ligase (NAD+)",03030 DNA replication,Replication and repair,Genetic Information Processing
chr_6936,"K01972  E6.5.1.2, ligA, ligB; DNA ligase (NAD+)",03400 DNA repair and recombination proteins,Protein families: genetic information processing,Brite Hierarchies
chr_6936,"K01972  E6.5.1.2, ligA, ligB; DNA ligase (NAD+)",03032 DNA replication proteins,Protein families: genetic information processing,Brite Hierarchies
chr_6944,"K03577  acrR, smeT; TetR/AcrR family transcriptional regulator, acrAB operon repressor",03000 Transcription factors,Protein families: genetic information processing,Brite Hierarchies
chr_6946,"K00566  mnmA, trmU; tRNA-uridine 2-sulfurtransferase",04122 Sulfur relay system,"Folding, sorting and degradation",Genetic Information Processing
chr_6946,"K00566  mnmA, trmU; tRNA-uridine 2-sulfurtransferase",03016 Transfer RNA biogenesis,Protein families: genetic information processing,Brite Hierarchies
chr_6947,"K04487  iscS, NFS1; cysteine desulfurase",00730 Thiamine metabolism,Metabolism of cofactors and vitamins,Metabolism
chr_6947,"K04487  iscS, NFS1; cysteine desulfurase",04122 Sulfur relay system,"Folding, sorting and degradation",Genetic Information Processing
chr_6947,"K04487  iscS, NFS1; cysteine desulfurase",03016 Transfer RNA biogenesis,Protein families: genetic information processing,Brite Hierarchies
chr_6947,"K04487  iscS, NFS1; cysteine desulfurase",03029 Mitochondrial biogenesis,Protein families: genetic information processing,Brite Hierarchies
chr_6947,"K04487  iscS, NFS1; cysteine desulfurase",02048 Prokaryotic defense system,Protein families: signaling and cellular processes,Brite Hierarchies
chr_6950,K23725  iroB; enterobactin C-glucosyltransferase,99980 Enzymes with EC numbers,Unclassified: metabolism,Not Included in Pathway or Brite
chr_6951,"K03469  rnhA, RNASEH1; ribonuclease HI",03030 DNA replication,Replication and repair,Genetic Information Processing
chr_6951,"K03469  rnhA, RNASEH1; ribonuclease HI",03032 DNA replication proteins,Protein families: genetic information processing,Brite Hierarchies
chr_6952,"K03522  fixB, etfA; electron transfer flavoprotein alpha subunit",04147 Exosome,Protein families: signaling and cellular processes,Brite Hierarchies
chr_6953,"K03521  fixA, etfB; electron transfer flavoprotein beta subunit",99982 Energy metabolism,Unclassified: metabolism,Not Included in Pathway or Brite
chr_6955,K03578  hrpA; ATP-dependent helicase HrpA,99980 Enzymes with EC numbers,Unclassified: metabolism,Not Included in Pathway or Brite
chr_6957,"K01692  paaF, echA; enoyl-CoA hydratase",00360 Phenylalanine metabolism,Amino acid metabolism,Metabolism
chr_6957,"K01692  paaF, echA; enoyl-CoA hydratase",00903 Limonene and pinene degradation,Metabolism of terpenoids and polyketides,Metabolism
chr_6957,"K01692  paaF, echA; enoyl-CoA hydratase",00380 Tryptophan metabolism,Amino acid metabolism,Metabolism
chr_6957,"K01692  paaF, echA; enoyl-CoA hydratase","00280 Valine, leucine and isoleucine degradation",Amino acid metabolism,Metabolism
chr_6957,"K01692  paaF, echA; enoyl-CoA hydratase",00410 beta-Alanine metabolism,Metabolism of other amino acids,Metabolism
chr_6957,"K01692  paaF, echA; enoyl-CoA hydratase",00310 Lysine degradation,Amino acid metabolism,Metabolism
chr_6957,"K01692  paaF, echA; enoyl-CoA hydratase",00362 Benzoate degradation,Xenobiotics biodegradation and metabolism,Metabolism
chr_6957,"K01692  paaF, echA; enoyl-CoA hydratase",00281 Geraniol degradation,Metabolism of terpenoids and polyketides,Metabolism
chr_6957,"K01692  paaF, echA; enoyl-CoA hydratase",00640 Propanoate metabolism,Carbohydrate metabolism,Metabolism
chr_6957,"K01692  paaF, echA; enoyl-CoA hydratase",00650 Butanoate metabolism,Carbohydrate metabolism,Metabolism
chr_6957,"K01692  paaF, echA; enoyl-CoA hydratase",00627 Aminobenzoate degradation,Xenobiotics biodegradation and metabolism,Metabolism
chr_6957,"K01692  paaF, echA; enoyl-CoA hydratase",00071 Fatty acid degradation,Lipid metabolism,Metabolism
chr_6957,"K01692  paaF, echA; enoyl-CoA hydratase",00930 Caprolactam degradation,Xenobiotics biodegradation and metabolism,Metabolism
chr_6958,K02013  ABC.FEV.A; iron complex transport system ATP-binding protein,02000 Transporters,Protein families: signaling and cellular processes,Brite Hierarchies
chr_6967,"K00688  PYG, glgP; glycogen phosphorylase",00500 Starch and sucrose metabolism,Carbohydrate metabolism,Metabolism
chr_6967,"K00688  PYG, glgP; glycogen phosphorylase",04217 Necroptosis,Cell growth and death,Cellular Processes
chr_6967,"K00688  PYG, glgP; glycogen phosphorylase",02026 Biofilm formation - Escherichia coli,Cellular community - prokaryotes,Cellular Processes
chr_6967,"K00688  PYG, glgP; glycogen phosphorylase",04922 Glucagon signaling pathway,Endocrine system,Organismal Systems
chr_6967,"K00688  PYG, glgP; glycogen phosphorylase",04910 Insulin signaling pathway,Endocrine system,Organismal Systems
chr_6967,"K00688  PYG, glgP; glycogen phosphorylase",04931 Insulin resistance,Endocrine and metabolic disease,Human Diseases
chr_6971,K05838  ybbN; putative thioredoxin,03110 Chaperones and folding catalysts,Protein families: genetic information processing,Brite Hierarchies
chr_6978,"K16136  malI; LacI family transcriptional regulator, maltose regulon regulatory protein",03000 Transcription factors,Protein families: genetic information processing,Brite Hierarchies
chr_6979,"K01809  manA, MPI; mannose-6-phosphate isomerase",00051 Fructose and mannose metabolism,Carbohydrate metabolism,Metabolism
chr_6979,"K01809  manA, MPI; mannose-6-phosphate isomerase",00520 Amino sugar and nucleotide sugar metabolism,Carbohydrate metabolism,Metabolism
chr_6980,K10554  frcA; fructose transport system ATP-binding protein,02010 ABC transporters,Membrane transport,Environmental Information Processing
chr_6980,K10554  frcA; fructose transport system ATP-binding protein,02000 Transporters,Protein families: signaling and cellular processes,Brite Hierarchies
chr_6982,K10439  rbsB; ribose transport system substrate-binding protein,02010 ABC transporters,Membrane transport,Environmental Information Processing
chr_6982,K10439  rbsB; ribose transport system substrate-binding protein,02030 Bacterial chemotaxis,Cell motility,Cellular Processes
chr_6982,K10439  rbsB; ribose transport system substrate-binding protein,02000 Transporters,Protein families: signaling and cellular processes,Brite Hierarchies
chr_6984,K02346  dinB; DNA polymerase IV,03400 DNA repair and recombination proteins,Protein families: genetic information processing,Brite Hierarchies
chr_6986,"K00626  E2.3.1.9, atoB; acetyl-CoA C-acetyltransferase",00650 Butanoate metabolism,Carbohydrate metabolism,Metabolism
chr_6986,"K00626  E2.3.1.9, atoB; acetyl-CoA C-acetyltransferase",00630 Glyoxylate and dicarboxylate metabolism,Carbohydrate metabolism,Metabolism
chr_6986,"K00626  E2.3.1.9, atoB; acetyl-CoA C-acetyltransferase",00071 Fatty acid degradation,Lipid metabolism,Metabolism
chr_6986,"K00626  E2.3.1.9, atoB; acetyl-CoA C-acetyltransferase",00900 Terpenoid backbone biosynthesis,Metabolism of terpenoids and polyketides,Metabolism
chr_6986,"K00626  E2.3.1.9, atoB; acetyl-CoA C-acetyltransferase",00072 Synthesis and degradation of ketone bodies,Lipid metabolism,Metabolism
chr_6986,"K00626  E2.3.1.9, atoB; acetyl-CoA C-acetyltransferase",00640 Propanoate metabolism,Carbohydrate metabolism,Metabolism
chr_6986,"K00626  E2.3.1.9, atoB; acetyl-CoA C-acetyltransferase",00620 Pyruvate metabolism,Carbohydrate metabolism,Metabolism
chr_6986,"K00626  E2.3.1.9, atoB; acetyl-CoA C-acetyltransferase",00310 Lysine degradation,Amino acid metabolism,Metabolism
chr_6986,"K00626  E2.3.1.9, atoB; acetyl-CoA C-acetyltransferase",00720 Carbon fixation pathways in prokaryotes,Energy metabolism,Metabolism
chr_6986,"K00626  E2.3.1.9, atoB; acetyl-CoA C-acetyltransferase",00380 Tryptophan metabolism,Amino acid metabolism,Metabolism
chr_6986,"K00626  E2.3.1.9, atoB; acetyl-CoA C-acetyltransferase","00280 Valine, leucine and isoleucine degradation",Amino acid metabolism,Metabolism
chr_6986,"K00626  E2.3.1.9, atoB; acetyl-CoA C-acetyltransferase",00362 Benzoate degradation,Xenobiotics biodegradation and metabolism,Metabolism
chr_6986,"K00626  E2.3.1.9, atoB; acetyl-CoA C-acetyltransferase",02020 Two-component system,Signal transduction,Environmental Information Processing
chr_6986,"K00626  E2.3.1.9, atoB; acetyl-CoA C-acetyltransferase",04147 Exosome,Protein families: signaling and cellular processes,Brite Hierarchies
chr_6988,"K05606  MCEE, epi; methylmalonyl-CoA/ethylmalonyl-CoA epimerase",00630 Glyoxylate and dicarboxylate metabolism,Carbohydrate metabolism,Metabolism
chr_6988,"K05606  MCEE, epi; methylmalonyl-CoA/ethylmalonyl-CoA epimerase","00280 Valine, leucine and isoleucine degradation",Amino acid metabolism,Metabolism
chr_6988,"K05606  MCEE, epi; methylmalonyl-CoA/ethylmalonyl-CoA epimerase",00720 Carbon fixation pathways in prokaryotes,Energy metabolism,Metabolism
chr_6988,"K05606  MCEE, epi; methylmalonyl-CoA/ethylmalonyl-CoA epimerase",00640 Propanoate metabolism,Carbohydrate metabolism,Metabolism
chr_6989,K01434  E3.5.1.11; penicillin amidase,00311 Penicillin and cephalosporin biosynthesis,Biosynthesis of other secondary metabolites,Metabolism
chr_6989,K01434  E3.5.1.11; penicillin amidase,01002 Peptidases and inhibitors,Protein families: metabolism,Brite Hierarchies
chr_6996,K07018  K07018; uncharacterized protein,99997 Function unknown,Poorly characterized,Not Included in Pathway or Brite
chr_6999,K05881  dhaM; phosphoenolpyruvate---glycerone phosphotransferase subunit DhaM,00561 Glycerolipid metabolism,Lipid metabolism,Metabolism
chr_6999,K05881  dhaM; phosphoenolpyruvate---glycerone phosphotransferase subunit DhaM,02000 Transporters,Protein families: signaling and cellular processes,Brite Hierarchies
chr_7000,K05879  dhaL; phosphoenolpyruvate---glycerone phosphotransferase subunit DhaL,00561 Glycerolipid metabolism,Lipid metabolism,Metabolism
chr_7001,K05878  dhaK; phosphoenolpyruvate---glycerone phosphotransferase subunit DhaK,00561 Glycerolipid metabolism,Lipid metabolism,Metabolism
chr_7005,"K14158  SLC5A1, SGLT1; solute carrier family 5 (sodium/glucose cotransporter), member 1",04973 Carbohydrate digestion and absorption,Digestive system,Organismal Systems
chr_7005,"K14158  SLC5A1, SGLT1; solute carrier family 5 (sodium/glucose cotransporter), member 1",04978 Mineral absorption,Digestive system,Organismal Systems
chr_7005,"K14158  SLC5A1, SGLT1; solute carrier family 5 (sodium/glucose cotransporter), member 1",04976 Bile secretion,Digestive system,Organismal Systems
chr_7005,"K14158  SLC5A1, SGLT1; solute carrier family 5 (sodium/glucose cotransporter), member 1",04147 Exosome,Protein families: signaling and cellular processes,Brite Hierarchies
chr_7005,"K14158  SLC5A1, SGLT1; solute carrier family 5 (sodium/glucose cotransporter), member 1",02000 Transporters,Protein families: signaling and cellular processes,Brite Hierarchies
chr_7008,K07503  nucS; endonuclease,99980 Enzymes with EC numbers,Unclassified: metabolism,Not Included in Pathway or Brite
chr_7019,K07503  nucS; endonuclease,99980 Enzymes with EC numbers,Unclassified: metabolism,Not Included in Pathway or Brite
chr_7021,K01187  malZ; alpha-glucosidase,00052 Galactose metabolism,Carbohydrate metabolism,Metabolism
chr_7021,K01187  malZ; alpha-glucosidase,00500 Starch and sucrose metabolism,Carbohydrate metabolism,Metabolism
chr_7024,K02028  ABC.PA.A; polar amino acid transport system ATP-binding protein,02000 Transporters,Protein families: signaling and cellular processes,Brite Hierarchies
chr_7025,K02029  ABC.PA.P; polar amino acid transport system permease protein,02000 Transporters,Protein families: signaling and cellular processes,Brite Hierarchies
chr_7028,K00790  murA; UDP-N-acetylglucosamine 1-carboxyvinyltransferase,00550 Peptidoglycan biosynthesis,Glycan biosynthesis and metabolism,Metabolism
chr_7028,K00790  murA; UDP-N-acetylglucosamine 1-carboxyvinyltransferase,00520 Amino sugar and nucleotide sugar metabolism,Carbohydrate metabolism,Metabolism
chr_7028,K00790  murA; UDP-N-acetylglucosamine 1-carboxyvinyltransferase,01011 Peptidoglycan biosynthesis and degradation proteins,Protein families: metabolism,Brite Hierarchies
chr_7029,"K00798  MMAB, pduO; cob(I)alamin adenosyltransferase",00860 Porphyrin and chlorophyll metabolism,Metabolism of cofactors and vitamins,Metabolism
chr_7031,"K02114  ATPF1E, atpC; F-type H+-transporting ATPase subunit epsilon",00190 Oxidative phosphorylation,Energy metabolism,Metabolism
chr_7031,"K02114  ATPF1E, atpC; F-type H+-transporting ATPase subunit epsilon",00195 Photosynthesis,Energy metabolism,Metabolism
chr_7031,"K02114  ATPF1E, atpC; F-type H+-transporting ATPase subunit epsilon",00194 Photosynthesis proteins,Protein families: metabolism,Brite Hierarchies
chr_7032,"K02112  ATPF1B, atpD; F-type H+/Na+-transporting ATPase subunit beta",00190 Oxidative phosphorylation,Energy metabolism,Metabolism
chr_7032,"K02112  ATPF1B, atpD; F-type H+/Na+-transporting ATPase subunit beta",00195 Photosynthesis,Energy metabolism,Metabolism
chr_7032,"K02112  ATPF1B, atpD; F-type H+/Na+-transporting ATPase subunit beta",00194 Photosynthesis proteins,Protein families: metabolism,Brite Hierarchies
chr_7033,"K02115  ATPF1G, atpG; F-type H+-transporting ATPase subunit gamma",00190 Oxidative phosphorylation,Energy metabolism,Metabolism
chr_7033,"K02115  ATPF1G, atpG; F-type H+-transporting ATPase subunit gamma",00195 Photosynthesis,Energy metabolism,Metabolism
chr_7033,"K02115  ATPF1G, atpG; F-type H+-transporting ATPase subunit gamma",00194 Photosynthesis proteins,Protein families: metabolism,Brite Hierarchies
chr_7034,"K02111  ATPF1A, atpA; F-type H+/Na+-transporting ATPase subunit alpha",00195 Photosynthesis,Energy metabolism,Metabolism
chr_7034,"K02111  ATPF1A, atpA; F-type H+/Na+-transporting ATPase subunit alpha",00190 Oxidative phosphorylation,Energy metabolism,Metabolism
chr_7034,"K02111  ATPF1A, atpA; F-type H+/Na+-transporting ATPase subunit alpha",00194 Photosynthesis proteins,Protein families: metabolism,Brite Hierarchies
chr_7035,"K02113  ATPF1D, atpH; F-type H+-transporting ATPase subunit delta",00195 Photosynthesis,Energy metabolism,Metabolism
chr_7035,"K02113  ATPF1D, atpH; F-type H+-transporting ATPase subunit delta",00190 Oxidative phosphorylation,Energy metabolism,Metabolism
chr_7035,"K02113  ATPF1D, atpH; F-type H+-transporting ATPase subunit delta",00194 Photosynthesis proteins,Protein families: metabolism,Brite Hierarchies
chr_7037,"K02110  ATPF0C, atpE; F-type H+-transporting ATPase subunit c",00195 Photosynthesis,Energy metabolism,Metabolism
chr_7037,"K02110  ATPF0C, atpE; F-type H+-transporting ATPase subunit c",00190 Oxidative phosphorylation,Energy metabolism,Metabolism
chr_7037,"K02110  ATPF0C, atpE; F-type H+-transporting ATPase subunit c",00194 Photosynthesis proteins,Protein families: metabolism,Brite Hierarchies
chr_7038,"K02108  ATPF0A, atpB; F-type H+-transporting ATPase subunit a",00190 Oxidative phosphorylation,Energy metabolism,Metabolism
chr_7038,"K02108  ATPF0A, atpB; F-type H+-transporting ATPase subunit a",00195 Photosynthesis,Energy metabolism,Metabolism
chr_7038,"K02108  ATPF0A, atpB; F-type H+-transporting ATPase subunit a",03110 Chaperones and folding catalysts,Protein families: genetic information processing,Brite Hierarchies
chr_7038,"K02108  ATPF0A, atpB; F-type H+-transporting ATPase subunit a",00194 Photosynthesis proteins,Protein families: metabolism,Brite Hierarchies
chr_7040,"K02851  wecA, tagO, rfe; UDP-GlcNAc:undecaprenyl-phosphate/decaprenyl-phosphate GlcNAc-1-phosphate transferase",00572 Arabinogalactan biosynthesis - Mycobacterium,Glycan biosynthesis and metabolism,Metabolism
chr_7040,"K02851  wecA, tagO, rfe; UDP-GlcNAc:undecaprenyl-phosphate/decaprenyl-phosphate GlcNAc-1-phosphate transferase",01005 Lipopolysaccharide biosynthesis proteins,Protein families: metabolism,Brite Hierarchies
chr_7040,"K02851  wecA, tagO, rfe; UDP-GlcNAc:undecaprenyl-phosphate/decaprenyl-phosphate GlcNAc-1-phosphate transferase",01003 Glycosyltransferases,Protein families: metabolism,Brite Hierarchies
chr_7041,"K07566  tsaC, rimN, SUA5; L-threonylcarbamoyladenylate synthase",03016 Transfer RNA biogenesis,Protein families: genetic information processing,Brite Hierarchies
chr_7041,"K07566  tsaC, rimN, SUA5; L-threonylcarbamoyladenylate synthase",03009 Ribosome biogenesis,Protein families: genetic information processing,Brite Hierarchies
chr_7042,"K05714  mhpC; 2-hydroxy-6-oxonona-2,4-dienedioate hydrolase",00360 Phenylalanine metabolism,Amino acid metabolism,Metabolism
chr_7043,"K02493  hemK, prmC, HEMK; release factor glutamine methyltransferase",03012 Translation factors,Protein families: genetic information processing,Brite Hierarchies
chr_7044,"K02835  prfA, MTRF1, MRF1; peptide chain release factor 1",03012 Translation factors,Protein families: genetic information processing,Brite Hierarchies
chr_7045,"K02909  RP-L31, rpmE; large subunit ribosomal protein L31",03010 Ribosome,Translation,Genetic Information Processing
chr_7045,"K02909  RP-L31, rpmE; large subunit ribosomal protein L31",03011 Ribosome,Protein families: genetic information processing,Brite Hierarchies
chr_7047,K03628  rho; transcription termination factor Rho,03018 RNA degradation,"Folding, sorting and degradation",Genetic Information Processing
chr_7047,K03628  rho; transcription termination factor Rho,03021 Transcription machinery,Protein families: genetic information processing,Brite Hierarchies
chr_7047,K03628  rho; transcription termination factor Rho,03019 Messenger RNA biogenesis,Protein families: genetic information processing,Brite Hierarchies
chr_7048,K00872  thrB1; homoserine kinase,"00260 Glycine, serine and threonine metabolism",Amino acid metabolism,Metabolism
chr_7049,K01733  thrC; threonine synthase,00750 Vitamin B6 metabolism,Metabolism of cofactors and vitamins,Metabolism
chr_7049,K01733  thrC; threonine synthase,"00260 Glycine, serine and threonine metabolism",Amino acid metabolism,Metabolism
chr_7050,K00003  hom; homoserine dehydrogenase,"00260 Glycine, serine and threonine metabolism",Amino acid metabolism,Metabolism
chr_7050,K00003  hom; homoserine dehydrogenase,00270 Cysteine and methionine metabolism,Amino acid metabolism,Metabolism
chr_7050,K00003  hom; homoserine dehydrogenase,00300 Lysine biosynthesis,Amino acid metabolism,Metabolism
chr_7051,K01586  lysA; diaminopimelate decarboxylase,00300 Lysine biosynthesis,Amino acid metabolism,Metabolism
chr_7052,"K01887  RARS, argS; arginyl-tRNA synthetase",00970 Aminoacyl-tRNA biosynthesis,Translation,Genetic Information Processing
chr_7052,"K01887  RARS, argS; arginyl-tRNA synthetase",01007 Amino acid related enzymes,Protein families: metabolism,Brite Hierarchies
chr_7052,"K01887  RARS, argS; arginyl-tRNA synthetase",03029 Mitochondrial biogenesis,Protein families: genetic information processing,Brite Hierarchies
chr_7052,"K01887  RARS, argS; arginyl-tRNA synthetase",03016 Transfer RNA biogenesis,Protein families: genetic information processing,Brite Hierarchies
chr_7055,"K16264  czcD, zitB; cobalt-zinc-cadmium efflux system protein",02000 Transporters,Protein families: signaling and cellular processes,Brite Hierarchies
chr_7069,K06945  K06945; uncharacterized protein,99997 Function unknown,Poorly characterized,Not Included in Pathway or Brite
chr_7073,K07001  K07001; NTE family protein,99996 General function prediction only,Poorly characterized,Not Included in Pathway or Brite
chr_7074,K15034  yaeJ; ribosome-associated protein,03012 Translation factors,Protein families: genetic information processing,Brite Hierarchies
chr_7086,K01782  fadJ; 3-hydroxyacyl-CoA dehydrogenase / enoyl-CoA hydratase / 3-hydroxybutyryl-CoA epimerase,00362 Benzoate degradation,Xenobiotics biodegradation and metabolism,Metabolism
chr_7086,K01782  fadJ; 3-hydroxyacyl-CoA dehydrogenase / enoyl-CoA hydratase / 3-hydroxybutyryl-CoA epimerase,00410 beta-Alanine metabolism,Metabolism of other amino acids,Metabolism
chr_7086,K01782  fadJ; 3-hydroxyacyl-CoA dehydrogenase / enoyl-CoA hydratase / 3-hydroxybutyryl-CoA epimerase,00071 Fatty acid degradation,Lipid metabolism,Metabolism
chr_7086,K01782  fadJ; 3-hydroxyacyl-CoA dehydrogenase / enoyl-CoA hydratase / 3-hydroxybutyryl-CoA epimerase,00310 Lysine degradation,Amino acid metabolism,Metabolism
chr_7086,K01782  fadJ; 3-hydroxyacyl-CoA dehydrogenase / enoyl-CoA hydratase / 3-hydroxybutyryl-CoA epimerase,00903 Limonene and pinene degradation,Metabolism of terpenoids and polyketides,Metabolism
chr_7086,K01782  fadJ; 3-hydroxyacyl-CoA dehydrogenase / enoyl-CoA hydratase / 3-hydroxybutyryl-CoA epimerase,00380 Tryptophan metabolism,Amino acid metabolism,Metabolism
chr_7086,K01782  fadJ; 3-hydroxyacyl-CoA dehydrogenase / enoyl-CoA hydratase / 3-hydroxybutyryl-CoA epimerase,00650 Butanoate metabolism,Carbohydrate metabolism,Metabolism
chr_7086,K01782  fadJ; 3-hydroxyacyl-CoA dehydrogenase / enoyl-CoA hydratase / 3-hydroxybutyryl-CoA epimerase,00930 Caprolactam degradation,Xenobiotics biodegradation and metabolism,Metabolism
chr_7086,K01782  fadJ; 3-hydroxyacyl-CoA dehydrogenase / enoyl-CoA hydratase / 3-hydroxybutyryl-CoA epimerase,"00280 Valine, leucine and isoleucine degradation",Amino acid metabolism,Metabolism
chr_7086,K01782  fadJ; 3-hydroxyacyl-CoA dehydrogenase / enoyl-CoA hydratase / 3-hydroxybutyryl-CoA epimerase,00281 Geraniol degradation,Metabolism of terpenoids and polyketides,Metabolism
chr_7086,K01782  fadJ; 3-hydroxyacyl-CoA dehydrogenase / enoyl-CoA hydratase / 3-hydroxybutyryl-CoA epimerase,00640 Propanoate metabolism,Carbohydrate metabolism,Metabolism
chr_7087,"K00626  E2.3.1.9, atoB; acetyl-CoA C-acetyltransferase",00650 Butanoate metabolism,Carbohydrate metabolism,Metabolism
chr_7087,"K00626  E2.3.1.9, atoB; acetyl-CoA C-acetyltransferase",00630 Glyoxylate and dicarboxylate metabolism,Carbohydrate metabolism,Metabolism
chr_7087,"K00626  E2.3.1.9, atoB; acetyl-CoA C-acetyltransferase",00071 Fatty acid degradation,Lipid metabolism,Metabolism
chr_7087,"K00626  E2.3.1.9, atoB; acetyl-CoA C-acetyltransferase",00900 Terpenoid backbone biosynthesis,Metabolism of terpenoids and polyketides,Metabolism
chr_7087,"K00626  E2.3.1.9, atoB; acetyl-CoA C-acetyltransferase",00072 Synthesis and degradation of ketone bodies,Lipid metabolism,Metabolism
chr_7087,"K00626  E2.3.1.9, atoB; acetyl-CoA C-acetyltransferase",00640 Propanoate metabolism,Carbohydrate metabolism,Metabolism
chr_7087,"K00626  E2.3.1.9, atoB; acetyl-CoA C-acetyltransferase",00620 Pyruvate metabolism,Carbohydrate metabolism,Metabolism
chr_7087,"K00626  E2.3.1.9, atoB; acetyl-CoA C-acetyltransferase",00310 Lysine degradation,Amino acid metabolism,Metabolism
chr_7087,"K00626  E2.3.1.9, atoB; acetyl-CoA C-acetyltransferase",00720 Carbon fixation pathways in prokaryotes,Energy metabolism,Metabolism
chr_7087,"K00626  E2.3.1.9, atoB; acetyl-CoA C-acetyltransferase",00380 Tryptophan metabolism,Amino acid metabolism,Metabolism
chr_7087,"K00626  E2.3.1.9, atoB; acetyl-CoA C-acetyltransferase","00280 Valine, leucine and isoleucine degradation",Amino acid metabolism,Metabolism
chr_7087,"K00626  E2.3.1.9, atoB; acetyl-CoA C-acetyltransferase",00362 Benzoate degradation,Xenobiotics biodegradation and metabolism,Metabolism
chr_7087,"K00626  E2.3.1.9, atoB; acetyl-CoA C-acetyltransferase",02020 Two-component system,Signal transduction,Environmental Information Processing
chr_7087,"K00626  E2.3.1.9, atoB; acetyl-CoA C-acetyltransferase",04147 Exosome,Protein families: signaling and cellular processes,Brite Hierarchies
chr_7096,K11473  glcF; glycolate oxidase iron-sulfur subunit,00630 Glyoxylate and dicarboxylate metabolism,Carbohydrate metabolism,Metabolism
chr_7097,K11472  glcE; glycolate oxidase FAD binding subunit,00630 Glyoxylate and dicarboxylate metabolism,Carbohydrate metabolism,Metabolism
chr_7098,K00104  glcD; glycolate oxidase,00630 Glyoxylate and dicarboxylate metabolism,Carbohydrate metabolism,Metabolism
chr_7105,K00255  ACADL; long-chain-acyl-CoA dehydrogenase,00071 Fatty acid degradation,Lipid metabolism,Metabolism
chr_7105,K00255  ACADL; long-chain-acyl-CoA dehydrogenase,03320 PPAR signaling pathway,Endocrine system,Organismal Systems
chr_7106,"K01796  E5.1.99.4, AMACR, mcr; alpha-methylacyl-CoA racemase",00120 Primary bile acid biosynthesis,Lipid metabolism,Metabolism
chr_7106,"K01796  E5.1.99.4, AMACR, mcr; alpha-methylacyl-CoA racemase",04146 Peroxisome,Transport and catabolism,Cellular Processes
chr_7135,K00389  yidH; putative membrane protein,99996 General function prediction only,Poorly characterized,Not Included in Pathway or Brite
chr_7137,"K04063  osmC, ohr; lipoyl-dependent peroxidase",99975 Protein processing,Unclassified: genetic information processing,Not Included in Pathway or Brite
chr_7138,"K23775  ohrR; MarR family transcriptional regulator, organic hydroperoxide resistance regulator",03000 Transcription factors,Protein families: genetic information processing,Brite Hierarchies
chr_7139,K11646  K11646; 3-dehydroquinate synthase II,"00400 Phenylalanine, tyrosine and tryptophan biosynthesis",Amino acid metabolism,Metabolism
chr_7140,"K16306  K16306; fructose-bisphosphate aldolase / 2-amino-3,7-dideoxy-D-threo-hept-6-ulosonate synthase","00400 Phenylalanine, tyrosine and tryptophan biosynthesis",Amino acid metabolism,Metabolism
chr_7140,"K16306  K16306; fructose-bisphosphate aldolase / 2-amino-3,7-dideoxy-D-threo-hept-6-ulosonate synthase",00680 Methane metabolism,Energy metabolism,Metabolism
chr_7140,"K16306  K16306; fructose-bisphosphate aldolase / 2-amino-3,7-dideoxy-D-threo-hept-6-ulosonate synthase",00010 Glycolysis / Gluconeogenesis,Carbohydrate metabolism,Metabolism
chr_7140,"K16306  K16306; fructose-bisphosphate aldolase / 2-amino-3,7-dideoxy-D-threo-hept-6-ulosonate synthase",00030 Pentose phosphate pathway,Carbohydrate metabolism,Metabolism
chr_7140,"K16306  K16306; fructose-bisphosphate aldolase / 2-amino-3,7-dideoxy-D-threo-hept-6-ulosonate synthase",00051 Fructose and mannose metabolism,Carbohydrate metabolism,Metabolism
chr_7151,"K00059  fabG, OAR1; 3-oxoacyl-[acyl-carrier protein] reductase",00061 Fatty acid biosynthesis,Lipid metabolism,Metabolism
chr_7151,"K00059  fabG, OAR1; 3-oxoacyl-[acyl-carrier protein] reductase",00333 Prodigiosin biosynthesis,Biosynthesis of other secondary metabolites,Metabolism
chr_7151,"K00059  fabG, OAR1; 3-oxoacyl-[acyl-carrier protein] reductase",00780 Biotin metabolism,Metabolism of cofactors and vitamins,Metabolism
chr_7151,"K00059  fabG, OAR1; 3-oxoacyl-[acyl-carrier protein] reductase",01004 Lipid biosynthesis proteins,Protein families: metabolism,Brite Hierarchies
chr_7152,K11741  sugE; quaternary ammonium compound-resistance protein SugE,02000 Transporters,Protein families: signaling and cellular processes,Brite Hierarchies
chr_7156,"K01752  E4.3.1.17, sdaA, sdaB, tdcG; L-serine dehydratase",00270 Cysteine and methionine metabolism,Amino acid metabolism,Metabolism
chr_7156,"K01752  E4.3.1.17, sdaA, sdaB, tdcG; L-serine dehydratase","00260 Glycine, serine and threonine metabolism",Amino acid metabolism,Metabolism
chr_7157,"K02437  gcvH, GCSH; glycine cleavage system H protein","00260 Glycine, serine and threonine metabolism",Amino acid metabolism,Metabolism
chr_7157,"K02437  gcvH, GCSH; glycine cleavage system H protein",00630 Glyoxylate and dicarboxylate metabolism,Carbohydrate metabolism,Metabolism
chr_7159,K00259  ald; alanine dehydrogenase,"00250 Alanine, aspartate and glutamate metabolism",Amino acid metabolism,Metabolism
chr_7159,K00259  ald; alanine dehydrogenase,00430 Taurine and hypotaurine metabolism,Metabolism of other amino acids,Metabolism
chr_7161,"K20459  nukF, mcdF, sboF; lantibiotic transport system ATP-binding protein",02010 ABC transporters,Membrane transport,Environmental Information Processing
chr_7161,"K20459  nukF, mcdF, sboF; lantibiotic transport system ATP-binding protein",02000 Transporters,Protein families: signaling and cellular processes,Brite Hierarchies
chr_7163,"K18895  iroC; ATP-binding cassette, subfamily B, salmochelin/enterobactin exporter",02010 ABC transporters,Membrane transport,Environmental Information Processing
chr_7163,"K18895  iroC; ATP-binding cassette, subfamily B, salmochelin/enterobactin exporter",02000 Transporters,Protein families: signaling and cellular processes,Brite Hierarchies
chr_7164,K01616  kgd; 2-oxoglutarate decarboxylase,99980 Enzymes with EC numbers,Unclassified: metabolism,Not Included in Pathway or Brite
chr_7167,K00060  tdh; threonine 3-dehydrogenase,"00260 Glycine, serine and threonine metabolism",Amino acid metabolism,Metabolism
chr_7168,"K00639  kbl, GCAT; glycine C-acetyltransferase","00260 Glycine, serine and threonine metabolism",Amino acid metabolism,Metabolism
chr_7168,"K00639  kbl, GCAT; glycine C-acetyltransferase",01007 Amino acid related enzymes,Protein families: metabolism,Brite Hierarchies
chr_7169,"K03576  metR; LysR family transcriptional regulator, regulator for metE and metH",03000 Transcription factors,Protein families: genetic information processing,Brite Hierarchies
chr_7171,"K01468  hutI, AMDHD1; imidazolonepropionase",00340 Histidine metabolism,Amino acid metabolism,Metabolism
chr_7172,K05603  hutF; formimidoylglutamate deiminase,00340 Histidine metabolism,Amino acid metabolism,Metabolism
chr_7173,K06016  pydC; beta-ureidopropionase / N-carbamoyl-L-amino-acid hydrolase,00240 Pyrimidine metabolism,Nucleotide metabolism,Metabolism
chr_7174,"K01712  hutU, UROC1; urocanate hydratase",00340 Histidine metabolism,Amino acid metabolism,Metabolism
chr_7175,"K01745  hutH, HAL; histidine ammonia-lyase",00340 Histidine metabolism,Amino acid metabolism,Metabolism
chr_7177,K05845  opuC; osmoprotectant transport system substrate-binding protein,02010 ABC transporters,Membrane transport,Environmental Information Processing
chr_7177,K05845  opuC; osmoprotectant transport system substrate-binding protein,02000 Transporters,Protein families: signaling and cellular processes,Brite Hierarchies
chr_7178,K05846  opuBD; osmoprotectant transport system permease protein,02010 ABC transporters,Membrane transport,Environmental Information Processing
chr_7178,K05846  opuBD; osmoprotectant transport system permease protein,02000 Transporters,Protein families: signaling and cellular processes,Brite Hierarchies
chr_7179,K05846  opuBD; osmoprotectant transport system permease protein,02010 ABC transporters,Membrane transport,Environmental Information Processing
chr_7179,K05846  opuBD; osmoprotectant transport system permease protein,02000 Transporters,Protein families: signaling and cellular processes,Brite Hierarchies
chr_7180,K05847  opuA; osmoprotectant transport system ATP-binding protein,02010 ABC transporters,Membrane transport,Environmental Information Processing
chr_7180,K05847  opuA; osmoprotectant transport system ATP-binding protein,02000 Transporters,Protein families: signaling and cellular processes,Brite Hierarchies
chr_7181,K07057  bpsA; N4-bis(aminopropyl)spermidine synthase,99980 Enzymes with EC numbers,Unclassified: metabolism,Not Included in Pathway or Brite
chr_7182,K14051  gmr; c-di-GMP phosphodiesterase Gmr,02026 Biofilm formation - Escherichia coli,Cellular community - prokaryotes,Cellular Processes
chr_7182,K14051  gmr; c-di-GMP phosphodiesterase Gmr,02024 Quorum sensing,Cellular community - prokaryotes,Cellular Processes
chr_7183,"K00029  E1.1.1.40, maeB; malate dehydrogenase (oxaloacetate-decarboxylating)(NADP+)",00620 Pyruvate metabolism,Carbohydrate metabolism,Metabolism
chr_7183,"K00029  E1.1.1.40, maeB; malate dehydrogenase (oxaloacetate-decarboxylating)(NADP+)",00710 Carbon fixation in photosynthetic organisms,Energy metabolism,Metabolism
chr_7183,"K00029  E1.1.1.40, maeB; malate dehydrogenase (oxaloacetate-decarboxylating)(NADP+)",03320 PPAR signaling pathway,Endocrine system,Organismal Systems
chr_7184,"K01790  rfbC, rmlC; dTDP-4-dehydrorhamnose 3,5-epimerase",00523 Polyketide sugar unit biosynthesis,Metabolism of terpenoids and polyketides,Metabolism
chr_7184,"K01790  rfbC, rmlC; dTDP-4-dehydrorhamnose 3,5-epimerase",00521 Streptomycin biosynthesis,Biosynthesis of other secondary metabolites,Metabolism
chr_7200,"K18955  whiB1_2_3_4; WhiB family transcriptional regulator, redox-sensing transcriptional regulator",03000 Transcription factors,Protein families: genetic information processing,Brite Hierarchies
chr_7201,"K00936  pdtaS; two-component system, sensor histidine kinase PdtaS",01001 Protein kinases,Protein families: metabolism,Brite Hierarchies
chr_7201,"K00936  pdtaS; two-component system, sensor histidine kinase PdtaS",02022 Two-component system,Protein families: signaling and cellular processes,Brite Hierarchies
chr_7205,"K03088  rpoE; RNA polymerase sigma-70 factor, ECF subfamily",03021 Transcription machinery,Protein families: genetic information processing,Brite Hierarchies
chr_7206,"K03976  ybaK, ebsC; Cys-tRNA(Pro)/Cys-tRNA(Cys) deacylase",03016 Transfer RNA biogenesis,Protein families: genetic information processing,Brite Hierarchies
chr_7207,K07020  K07020; uncharacterized protein,99997 Function unknown,Poorly characterized,Not Included in Pathway or Brite
chr_7210,K00800  aroA; 3-phosphoshikimate 1-carboxyvinyltransferase,"00400 Phenylalanine, tyrosine and tryptophan biosynthesis",Amino acid metabolism,Metabolism
chr_7211,"K06949  rsgA, engC; ribosome biogenesis GTPase / thiamine phosphate phosphatase",00730 Thiamine metabolism,Metabolism of cofactors and vitamins,Metabolism
chr_7211,"K06949  rsgA, engC; ribosome biogenesis GTPase / thiamine phosphate phosphatase",03009 Ribosome biogenesis,Protein families: genetic information processing,Brite Hierarchies
chr_7215,"K00635  tgs, wax-dgat; diacylglycerol O-acyltransferase / wax synthase",00561 Glycerolipid metabolism,Lipid metabolism,Metabolism
chr_7216,"K03437  spoU; RNA methyltransferase, TrmH family",03016 Transfer RNA biogenesis,Protein families: genetic information processing,Brite Hierarchies
chr_7219,K03070  secA; preprotein translocase subunit SecA,03060 Protein export,"Folding, sorting and degradation",Genetic Information Processing
chr_7219,K03070  secA; preprotein translocase subunit SecA,03070 Bacterial secretion system,Membrane transport,Environmental Information Processing
chr_7219,K03070  secA; preprotein translocase subunit SecA,02024 Quorum sensing,Cellular community - prokaryotes,Cellular Processes
chr_7219,K03070  secA; preprotein translocase subunit SecA,02044 Secretion system,Protein families: signaling and cellular processes,Brite Hierarchies
chr_7223,"K07654  mtrB; two-component system, OmpR family, sensor histidine kinase MtrB",02020 Two-component system,Signal transduction,Environmental Information Processing
chr_7223,"K07654  mtrB; two-component system, OmpR family, sensor histidine kinase MtrB",02022 Two-component system,Protein families: signaling and cellular processes,Brite Hierarchies
chr_7223,"K07654  mtrB; two-component system, OmpR family, sensor histidine kinase MtrB",01001 Protein kinases,Protein families: metabolism,Brite Hierarchies
chr_7224,"K07670  mtrA; two-component system, OmpR family, response regulator MtrA",02020 Two-component system,Signal transduction,Environmental Information Processing
chr_7224,"K07670  mtrA; two-component system, OmpR family, response regulator MtrA",02022 Two-component system,Protein families: signaling and cellular processes,Brite Hierarchies
chr_7225,"K00943  tmk, DTYMK; dTMP kinase",00240 Pyrimidine metabolism,Nucleotide metabolism,Metabolism
chr_7229,"K03294  TC.APA; basic amino acid/polyamine antiporter, APA family",99977 Transport,Unclassified: signaling and cellular processes,Not Included in Pathway or Brite
chr_7230,"K14696  SLC30A9, ZNT9; solute carrier family 30 (zinc transporter), member 9",02000 Transporters,Protein families: signaling and cellular processes,Brite Hierarchies
chr_7231,"K01809  manA, MPI; mannose-6-phosphate isomerase",00051 Fructose and mannose metabolism,Carbohydrate metabolism,Metabolism
chr_7231,"K01809  manA, MPI; mannose-6-phosphate isomerase",00520 Amino sugar and nucleotide sugar metabolism,Carbohydrate metabolism,Metabolism
chr_7234,K01840  manB; phosphomannomutase,00051 Fructose and mannose metabolism,Carbohydrate metabolism,Metabolism
chr_7234,K01840  manB; phosphomannomutase,00520 Amino sugar and nucleotide sugar metabolism,Carbohydrate metabolism,Metabolism
chr_7240,"K18955  whiB1_2_3_4; WhiB family transcriptional regulator, redox-sensing transcriptional regulator",03000 Transcription factors,Protein families: genetic information processing,Brite Hierarchies
chr_7242,K11212  cofD; LPPG:FO 2-phospho-L-lactate transferase,00680 Methane metabolism,Energy metabolism,Metabolism
chr_7246,K00966  GMPP; mannose-1-phosphate guanylyltransferase,00520 Amino sugar and nucleotide sugar metabolism,Carbohydrate metabolism,Metabolism
chr_7246,K00966  GMPP; mannose-1-phosphate guanylyltransferase,00051 Fructose and mannose metabolism,Carbohydrate metabolism,Metabolism
chr_7248,K16870  wbbL; N-acetylglucosaminyl-diphospho-decaprenol L-rhamnosyltransferase,00572 Arabinogalactan biosynthesis - Mycobacterium,Glycan biosynthesis and metabolism,Metabolism
chr_7248,K16870  wbbL; N-acetylglucosaminyl-diphospho-decaprenol L-rhamnosyltransferase,01003 Glycosyltransferases,Protein families: metabolism,Brite Hierarchies
chr_7254,"K00067  rfbD, rmlD; dTDP-4-dehydrorhamnose reductase",00523 Polyketide sugar unit biosynthesis,Metabolism of terpenoids and polyketides,Metabolism
chr_7254,"K00067  rfbD, rmlD; dTDP-4-dehydrorhamnose reductase",00521 Streptomycin biosynthesis,Biosynthesis of other secondary metabolites,Metabolism
chr_7255,"K01710  E4.2.1.46, rfbB, rffG; dTDP-glucose 4,6-dehydratase",00523 Polyketide sugar unit biosynthesis,Metabolism of terpenoids and polyketides,Metabolism
chr_7255,"K01710  E4.2.1.46, rfbB, rffG; dTDP-glucose 4,6-dehydratase",01055 Biosynthesis of vancomycin group antibiotics,Metabolism of terpenoids and polyketides,Metabolism
chr_7255,"K01710  E4.2.1.46, rfbB, rffG; dTDP-glucose 4,6-dehydratase",00525 Acarbose and validamycin biosynthesis,Biosynthesis of other secondary metabolites,Metabolism
chr_7255,"K01710  E4.2.1.46, rfbB, rffG; dTDP-glucose 4,6-dehydratase",00521 Streptomycin biosynthesis,Biosynthesis of other secondary metabolites,Metabolism
chr_7257,K01005  tagT_U_V; polyisoprenyl-teichoic acid--peptidoglycan teichoic acid transferase,99980 Enzymes with EC numbers,Unclassified: metabolism,Not Included in Pathway or Brite
chr_7261,K01588  purE; 5-(carboxyamino)imidazole ribonucleotide mutase,00230 Purine metabolism,Nucleotide metabolism,Metabolism
chr_7262,K01589  purK; 5-(carboxyamino)imidazole ribonucleotide synthase,00230 Purine metabolism,Nucleotide metabolism,Metabolism
chr_7267,"K02483  K02483; two-component system, OmpR family, response regulator",02022 Two-component system,Protein families: signaling and cellular processes,Brite Hierarchies
chr_7268,K05602  hisN; histidinol-phosphatase,00340 Histidine metabolism,Amino acid metabolism,Metabolism
chr_7279,K08260  cbiZ; adenosylcobinamide hydrolase,00860 Porphyrin and chlorophyll metabolism,Metabolism of cofactors and vitamins,Metabolism
chr_7280,"K01640  E4.1.3.4, HMGCL, hmgL; hydroxymethylglutaryl-CoA lyase",00072 Synthesis and degradation of ketone bodies,Lipid metabolism,Metabolism
chr_7280,"K01640  E4.1.3.4, HMGCL, hmgL; hydroxymethylglutaryl-CoA lyase",00281 Geraniol degradation,Metabolism of terpenoids and polyketides,Metabolism
chr_7280,"K01640  E4.1.3.4, HMGCL, hmgL; hydroxymethylglutaryl-CoA lyase",00650 Butanoate metabolism,Carbohydrate metabolism,Metabolism
chr_7280,"K01640  E4.1.3.4, HMGCL, hmgL; hydroxymethylglutaryl-CoA lyase","00280 Valine, leucine and isoleucine degradation",Amino acid metabolism,Metabolism
chr_7280,"K01640  E4.1.3.4, HMGCL, hmgL; hydroxymethylglutaryl-CoA lyase",04146 Peroxisome,Transport and catabolism,Cellular Processes
chr_7282,"K03524  birA; BirA family transcriptional regulator, biotin operon repressor / biotin---[acetyl-CoA-carboxylase] ligase",00780 Biotin metabolism,Metabolism of cofactors and vitamins,Metabolism
chr_7282,"K03524  birA; BirA family transcriptional regulator, biotin operon repressor / biotin---[acetyl-CoA-carboxylase] ligase",03000 Transcription factors,Protein families: genetic information processing,Brite Hierarchies
chr_7287,K06287  maf; septum formation protein,99978 Cell growth,Unclassified: signaling and cellular processes,Not Included in Pathway or Brite
chr_7302,"K00111  glpA, glpD; glycerol-3-phosphate dehydrogenase",00564 Glycerophospholipid metabolism,Lipid metabolism,Metabolism
chr_7304,K02440  GLPF; glycerol uptake facilitator protein,02000 Transporters,Protein families: signaling and cellular processes,Brite Hierarchies
chr_7305,"K00864  glpK, GK; glycerol kinase",00561 Glycerolipid metabolism,Lipid metabolism,Metabolism
chr_7305,"K00864  glpK, GK; glycerol kinase",03320 PPAR signaling pathway,Endocrine system,Organismal Systems
chr_7305,"K00864  glpK, GK; glycerol kinase",04626 Plant-pathogen interaction,Environmental adaptation,Organismal Systems
chr_7305,"K00864  glpK, GK; glycerol kinase",04147 Exosome,Protein families: signaling and cellular processes,Brite Hierarchies
chr_7309,"K01476  E3.5.3.1, rocF, arg; arginase",00220 Arginine biosynthesis,Amino acid metabolism,Metabolism
chr_7309,"K01476  E3.5.3.1, rocF, arg; arginase",00330 Arginine and proline metabolism,Amino acid metabolism,Metabolism
chr_7309,"K01476  E3.5.3.1, rocF, arg; arginase",05146 Amoebiasis,Infectious disease: parasitic,Human Diseases
chr_7311,K00064  E1.1.1.122; D-threo-aldose 1-dehydrogenase,00051 Fructose and mannose metabolism,Carbohydrate metabolism,Metabolism
chr_7311,K00064  E1.1.1.122; D-threo-aldose 1-dehydrogenase,00053 Ascorbate and aldarate metabolism,Carbohydrate metabolism,Metabolism
chr_7317,K18334  fucD; L-fuconate dehydratase,00051 Fructose and mannose metabolism,Carbohydrate metabolism,Metabolism
chr_7325,K23842  lpdA; NAD(P)H dehydrogenase (quinone),99980 Enzymes with EC numbers,Unclassified: metabolism,Not Included in Pathway or Brite
chr_7330,"K22935  XK1, psk; D-ribulokinase",00040 Pentose and glucuronate interconversions,Carbohydrate metabolism,Metabolism
chr_7331,K20862  yigB; FMN hydrolase / 5-amino-6-(5-phospho-D-ribitylamino)uracil phosphatase,00740 Riboflavin metabolism,Metabolism of cofactors and vitamins,Metabolism
chr_7338,"K05571  mnhG, mrpG; multicomponent Na+:H+ antiporter subunit G",02000 Transporters,Protein families: signaling and cellular processes,Brite Hierarchies
chr_7341,"K05568  mnhD, mrpD; multicomponent Na+:H+ antiporter subunit D",02000 Transporters,Protein families: signaling and cellular processes,Brite Hierarchies
chr_7342,"K05567  mnhC, mrpC; multicomponent Na+:H+ antiporter subunit C",02000 Transporters,Protein families: signaling and cellular processes,Brite Hierarchies
chr_7343,"K05566  mnhB, mrpB; multicomponent Na+:H+ antiporter subunit B",02000 Transporters,Protein families: signaling and cellular processes,Brite Hierarchies
chr_7344,"K05565  mnhA, mrpA; multicomponent Na+:H+ antiporter subunit A",02000 Transporters,Protein families: signaling and cellular processes,Brite Hierarchies
chr_7345,K04410  PAK2; p21-activated kinase 2,04014 Ras signaling pathway,Signal transduction,Environmental Information Processing
chr_7345,K04410  PAK2; p21-activated kinase 2,04012 ErbB signaling pathway,Signal transduction,Environmental Information Processing
chr_7345,K04410  PAK2; p21-activated kinase 2,04010 MAPK signaling pathway,Signal transduction,Environmental Information Processing
chr_7345,K04410  PAK2; p21-activated kinase 2,04510 Focal adhesion,Cellular community - eukaryotes,Cellular Processes
chr_7345,K04410  PAK2; p21-activated kinase 2,04810 Regulation of actin cytoskeleton,Cell motility,Cellular Processes
chr_7345,K04410  PAK2; p21-activated kinase 2,04360 Axon guidance,Development and regeneration,Organismal Systems
chr_7345,K04410  PAK2; p21-activated kinase 2,04660 T cell receptor signaling pathway,Immune system,Organismal Systems
chr_7345,K04410  PAK2; p21-activated kinase 2,05130 Pathogenic Escherichia coli infection,Infectious disease: bacterial,Human Diseases
chr_7345,K04410  PAK2; p21-activated kinase 2,05170 Human immunodeficiency virus 1 infection,Infectious disease: viral,Human Diseases
chr_7345,K04410  PAK2; p21-activated kinase 2,05211 Renal cell carcinoma,Cancer: specific types,Human Diseases
chr_7345,K04410  PAK2; p21-activated kinase 2,01001 Protein kinases,Protein families: metabolism,Brite Hierarchies
chr_7346,"K03783  punA, PNP; purine-nucleoside phosphorylase",00760 Nicotinate and nicotinamide metabolism,Metabolism of cofactors and vitamins,Metabolism
chr_7346,"K03783  punA, PNP; purine-nucleoside phosphorylase",00240 Pyrimidine metabolism,Nucleotide metabolism,Metabolism
chr_7346,"K03783  punA, PNP; purine-nucleoside phosphorylase",00230 Purine metabolism,Nucleotide metabolism,Metabolism
chr_7347,K01840  manB; phosphomannomutase,00051 Fructose and mannose metabolism,Carbohydrate metabolism,Metabolism
chr_7347,K01840  manB; phosphomannomutase,00520 Amino sugar and nucleotide sugar metabolism,Carbohydrate metabolism,Metabolism
chr_7353,K01183  E3.2.1.14; chitinase,00520 Amino sugar and nucleotide sugar metabolism,Carbohydrate metabolism,Metabolism
chr_7354,"K00761  upp, UPRT; uracil phosphoribosyltransferase",00240 Pyrimidine metabolism,Nucleotide metabolism,Metabolism
chr_7360,K00148  fdhA; glutathione-independent formaldehyde dehydrogenase,00625 Chloroalkane and chloroalkene degradation,Xenobiotics biodegradation and metabolism,Metabolism
chr_7360,K00148  fdhA; glutathione-independent formaldehyde dehydrogenase,00680 Methane metabolism,Energy metabolism,Metabolism
chr_7377,"K01619  deoC, DERA; deoxyribose-phosphate aldolase",00030 Pentose phosphate pathway,Carbohydrate metabolism,Metabolism
chr_7378,K00128  ALDH; aldehyde dehydrogenase (NAD+),00310 Lysine degradation,Amino acid metabolism,Metabolism
chr_7378,K00128  ALDH; aldehyde dehydrogenase (NAD+),"00280 Valine, leucine and isoleucine degradation",Amino acid metabolism,Metabolism
chr_7378,K00128  ALDH; aldehyde dehydrogenase (NAD+),00410 beta-Alanine metabolism,Metabolism of other amino acids,Metabolism
chr_7378,K00128  ALDH; aldehyde dehydrogenase (NAD+),00010 Glycolysis / Gluconeogenesis,Carbohydrate metabolism,Metabolism
chr_7378,K00128  ALDH; aldehyde dehydrogenase (NAD+),00071 Fatty acid degradation,Lipid metabolism,Metabolism
chr_7378,K00128  ALDH; aldehyde dehydrogenase (NAD+),00625 Chloroalkane and chloroalkene degradation,Xenobiotics biodegradation and metabolism,Metabolism
chr_7378,K00128  ALDH; aldehyde dehydrogenase (NAD+),00340 Histidine metabolism,Amino acid metabolism,Metabolism
chr_7378,K00128  ALDH; aldehyde dehydrogenase (NAD+),00380 Tryptophan metabolism,Amino acid metabolism,Metabolism
chr_7378,K00128  ALDH; aldehyde dehydrogenase (NAD+),00903 Limonene and pinene degradation,Metabolism of terpenoids and polyketides,Metabolism
chr_7378,K00128  ALDH; aldehyde dehydrogenase (NAD+),00620 Pyruvate metabolism,Carbohydrate metabolism,Metabolism
chr_7378,K00128  ALDH; aldehyde dehydrogenase (NAD+),00981 Insect hormone biosynthesis,Metabolism of terpenoids and polyketides,Metabolism
chr_7378,K00128  ALDH; aldehyde dehydrogenase (NAD+),00561 Glycerolipid metabolism,Lipid metabolism,Metabolism
chr_7378,K00128  ALDH; aldehyde dehydrogenase (NAD+),00053 Ascorbate and aldarate metabolism,Carbohydrate metabolism,Metabolism
chr_7378,K00128  ALDH; aldehyde dehydrogenase (NAD+),00330 Arginine and proline metabolism,Amino acid metabolism,Metabolism
chr_7386,"K01488  add, ADA; adenosine deaminase",00230 Purine metabolism,Nucleotide metabolism,Metabolism
chr_7386,"K01488  add, ADA; adenosine deaminase",05340 Primary immunodeficiency,Immune disease,Human Diseases
chr_7388,"K00758  deoA, TYMP; thymidine phosphorylase",00240 Pyrimidine metabolism,Nucleotide metabolism,Metabolism
chr_7388,"K00758  deoA, TYMP; thymidine phosphorylase",00983 Drug metabolism - other enzymes,Xenobiotics biodegradation and metabolism,Metabolism
chr_7388,"K00758  deoA, TYMP; thymidine phosphorylase",05219 Bladder cancer,Cancer: specific types,Human Diseases
chr_7390,"K01489  cdd, CDA; cytidine deaminase",00240 Pyrimidine metabolism,Nucleotide metabolism,Metabolism
chr_7390,"K01489  cdd, CDA; cytidine deaminase",00983 Drug metabolism - other enzymes,Xenobiotics biodegradation and metabolism,Metabolism
chr_7391,K23536  nupC; general nucleoside transport system permease protein,02010 ABC transporters,Membrane transport,Environmental Information Processing
chr_7391,K23536  nupC; general nucleoside transport system permease protein,02000 Transporters,Protein families: signaling and cellular processes,Brite Hierarchies
chr_7392,K23535  nupB; general nucleoside transport system permease protein,02010 ABC transporters,Membrane transport,Environmental Information Processing
chr_7392,K23535  nupB; general nucleoside transport system permease protein,02000 Transporters,Protein families: signaling and cellular processes,Brite Hierarchies
chr_7393,K23537  nupA; general nucleoside transport system ATP-binding protein,02010 ABC transporters,Membrane transport,Environmental Information Processing
chr_7393,K23537  nupA; general nucleoside transport system ATP-binding protein,02000 Transporters,Protein families: signaling and cellular processes,Brite Hierarchies
chr_7394,"K07335  bmpA, bmpB, tmpC; basic membrane protein A and related proteins",02010 ABC transporters,Membrane transport,Environmental Information Processing
chr_7394,"K07335  bmpA, bmpB, tmpC; basic membrane protein A and related proteins",02000 Transporters,Protein families: signaling and cellular processes,Brite Hierarchies
chr_7395,"K00241  sdhC, frdC; succinate dehydrogenase / fumarate reductase, cytochrome b subunit",00720 Carbon fixation pathways in prokaryotes,Energy metabolism,Metabolism
chr_7395,"K00241  sdhC, frdC; succinate dehydrogenase / fumarate reductase, cytochrome b subunit",00190 Oxidative phosphorylation,Energy metabolism,Metabolism
chr_7395,"K00241  sdhC, frdC; succinate dehydrogenase / fumarate reductase, cytochrome b subunit",00020 Citrate cycle (TCA cycle),Carbohydrate metabolism,Metabolism
chr_7395,"K00241  sdhC, frdC; succinate dehydrogenase / fumarate reductase, cytochrome b subunit",00650 Butanoate metabolism,Carbohydrate metabolism,Metabolism
chr_7396,"K00242  sdhD, frdD; succinate dehydrogenase / fumarate reductase, membrane anchor subunit",00020 Citrate cycle (TCA cycle),Carbohydrate metabolism,Metabolism
chr_7396,"K00242  sdhD, frdD; succinate dehydrogenase / fumarate reductase, membrane anchor subunit",00650 Butanoate metabolism,Carbohydrate metabolism,Metabolism
chr_7396,"K00242  sdhD, frdD; succinate dehydrogenase / fumarate reductase, membrane anchor subunit",00720 Carbon fixation pathways in prokaryotes,Energy metabolism,Metabolism
chr_7396,"K00242  sdhD, frdD; succinate dehydrogenase / fumarate reductase, membrane anchor subunit",00190 Oxidative phosphorylation,Energy metabolism,Metabolism
chr_7397,"K00239  sdhA, frdA; succinate dehydrogenase / fumarate reductase, flavoprotein subunit",00190 Oxidative phosphorylation,Energy metabolism,Metabolism
chr_7397,"K00239  sdhA, frdA; succinate dehydrogenase / fumarate reductase, flavoprotein subunit",00020 Citrate cycle (TCA cycle),Carbohydrate metabolism,Metabolism
chr_7397,"K00239  sdhA, frdA; succinate dehydrogenase / fumarate reductase, flavoprotein subunit",00720 Carbon fixation pathways in prokaryotes,Energy metabolism,Metabolism
chr_7397,"K00239  sdhA, frdA; succinate dehydrogenase / fumarate reductase, flavoprotein subunit",00650 Butanoate metabolism,Carbohydrate metabolism,Metabolism
chr_7397,"K00239  sdhA, frdA; succinate dehydrogenase / fumarate reductase, flavoprotein subunit",05134 Legionellosis,Infectious disease: bacterial,Human Diseases
chr_7398,"K00240  sdhB, frdB; succinate dehydrogenase / fumarate reductase, iron-sulfur subunit",00720 Carbon fixation pathways in prokaryotes,Energy metabolism,Metabolism
chr_7398,"K00240  sdhB, frdB; succinate dehydrogenase / fumarate reductase, iron-sulfur subunit",00020 Citrate cycle (TCA cycle),Carbohydrate metabolism,Metabolism
chr_7398,"K00240  sdhB, frdB; succinate dehydrogenase / fumarate reductase, iron-sulfur subunit",00190 Oxidative phosphorylation,Energy metabolism,Metabolism
chr_7398,"K00240  sdhB, frdB; succinate dehydrogenase / fumarate reductase, iron-sulfur subunit",00650 Butanoate metabolism,Carbohydrate metabolism,Metabolism
chr_7400,"K07258  dacC, dacA, dacD; serine-type D-Ala-D-Ala carboxypeptidase (penicillin-binding protein 5/6)",00550 Peptidoglycan biosynthesis,Glycan biosynthesis and metabolism,Metabolism
chr_7400,"K07258  dacC, dacA, dacD; serine-type D-Ala-D-Ala carboxypeptidase (penicillin-binding protein 5/6)",01002 Peptidases and inhibitors,Protein families: metabolism,Brite Hierarchies
chr_7400,"K07258  dacC, dacA, dacD; serine-type D-Ala-D-Ala carboxypeptidase (penicillin-binding protein 5/6)",01011 Peptidoglycan biosynthesis and degradation proteins,Protein families: metabolism,Brite Hierarchies
chr_7402,K07058  K07058; membrane protein,99996 General function prediction only,Poorly characterized,Not Included in Pathway or Brite
chr_7403,"K01867  WARS, trpS; tryptophanyl-tRNA synthetase",00970 Aminoacyl-tRNA biosynthesis,Translation,Genetic Information Processing
chr_7403,"K01867  WARS, trpS; tryptophanyl-tRNA synthetase",01007 Amino acid related enzymes,Protein families: metabolism,Brite Hierarchies
chr_7403,"K01867  WARS, trpS; tryptophanyl-tRNA synthetase",03016 Transfer RNA biogenesis,Protein families: genetic information processing,Brite Hierarchies
chr_7405,K11779  fbiC; FO synthase,00680 Methane metabolism,Energy metabolism,Metabolism
chr_7406,K12685  ssp; subtilase-type serine protease,02044 Secretion system,Protein families: signaling and cellular processes,Brite Hierarchies
chr_7406,K12685  ssp; subtilase-type serine protease,02000 Transporters,Protein families: signaling and cellular processes,Brite Hierarchies
chr_7409,K00529  hcaD; 3-phenylpropionate/trans-cinnamate dioxygenase ferredoxin reductase component,00360 Phenylalanine metabolism,Amino acid metabolism,Metabolism
chr_7409,K00529  hcaD; 3-phenylpropionate/trans-cinnamate dioxygenase ferredoxin reductase component,00071 Fatty acid degradation,Lipid metabolism,Metabolism
chr_7414,"K01142  E3.1.11.2, xthA; exodeoxyribonuclease III",03410 Base excision repair,Replication and repair,Genetic Information Processing
chr_7414,"K01142  E3.1.11.2, xthA; exodeoxyribonuclease III",03400 DNA repair and recombination proteins,Protein families: genetic information processing,Brite Hierarchies
chr_7439,"K00031  IDH1, IDH2, icd; isocitrate dehydrogenase",00720 Carbon fixation pathways in prokaryotes,Energy metabolism,Metabolism
chr_7439,"K00031  IDH1, IDH2, icd; isocitrate dehydrogenase",00480 Glutathione metabolism,Metabolism of other amino acids,Metabolism
chr_7439,"K00031  IDH1, IDH2, icd; isocitrate dehydrogenase",00020 Citrate cycle (TCA cycle),Carbohydrate metabolism,Metabolism
chr_7439,"K00031  IDH1, IDH2, icd; isocitrate dehydrogenase",04146 Peroxisome,Transport and catabolism,Cellular Processes
chr_7445,K23167  VAT1; synaptic vesicle membrane protein VAT-1,03029 Mitochondrial biogenesis,Protein families: genetic information processing,Brite Hierarchies
chr_7457,K01491  folD; methylenetetrahydrofolate dehydrogenase (NADP+) / methenyltetrahydrofolate cyclohydrolase,00720 Carbon fixation pathways in prokaryotes,Energy metabolism,Metabolism
chr_7457,K01491  folD; methylenetetrahydrofolate dehydrogenase (NADP+) / methenyltetrahydrofolate cyclohydrolase,00670 One carbon pool by folate,Metabolism of cofactors and vitamins,Metabolism
chr_7469,K01438  argE; acetylornithine deacetylase,00220 Arginine biosynthesis,Amino acid metabolism,Metabolism
chr_7470,K14162  dnaE2; error-prone DNA polymerase,03400 DNA repair and recombination proteins,Protein families: genetic information processing,Brite Hierarchies
chr_7471,K14161  imuB; protein ImuB,03400 DNA repair and recombination proteins,Protein families: genetic information processing,Brite Hierarchies
chr_7476,K00602  purH; phosphoribosylaminoimidazolecarboxamide formyltransferase / IMP cyclohydrolase,00230 Purine metabolism,Nucleotide metabolism,Metabolism
chr_7476,K00602  purH; phosphoribosylaminoimidazolecarboxamide formyltransferase / IMP cyclohydrolase,00670 One carbon pool by folate,Metabolism of cofactors and vitamins,Metabolism
chr_7476,K00602  purH; phosphoribosylaminoimidazolecarboxamide formyltransferase / IMP cyclohydrolase,01523 Antifolate resistance,Drug resistance: antineoplastic,Human Diseases
chr_7476,K00602  purH; phosphoribosylaminoimidazolecarboxamide formyltransferase / IMP cyclohydrolase,04147 Exosome,Protein families: signaling and cellular processes,Brite Hierarchies
chr_7477,K11175  purN; phosphoribosylglycinamide formyltransferase 1,00670 One carbon pool by folate,Metabolism of cofactors and vitamins,Metabolism
chr_7477,K11175  purN; phosphoribosylglycinamide formyltransferase 1,00230 Purine metabolism,Nucleotide metabolism,Metabolism
chr_7480,K01902  sucD; succinyl-CoA synthetase alpha subunit,00720 Carbon fixation pathways in prokaryotes,Energy metabolism,Metabolism
chr_7480,K01902  sucD; succinyl-CoA synthetase alpha subunit,00660 C5-Branched dibasic acid metabolism,Carbohydrate metabolism,Metabolism
chr_7480,K01902  sucD; succinyl-CoA synthetase alpha subunit,00020 Citrate cycle (TCA cycle),Carbohydrate metabolism,Metabolism
chr_7480,K01902  sucD; succinyl-CoA synthetase alpha subunit,00640 Propanoate metabolism,Carbohydrate metabolism,Metabolism
chr_7481,K01903  sucC; succinyl-CoA synthetase beta subunit,00640 Propanoate metabolism,Carbohydrate metabolism,Metabolism
chr_7481,K01903  sucC; succinyl-CoA synthetase beta subunit,00660 C5-Branched dibasic acid metabolism,Carbohydrate metabolism,Metabolism
chr_7481,K01903  sucC; succinyl-CoA synthetase beta subunit,00720 Carbon fixation pathways in prokaryotes,Energy metabolism,Metabolism
chr_7481,K01903  sucC; succinyl-CoA synthetase beta subunit,00020 Citrate cycle (TCA cycle),Carbohydrate metabolism,Metabolism
chr_7491,"K03657  uvrD, pcrA; DNA helicase II / ATP-dependent DNA helicase PcrA",03420 Nucleotide excision repair,Replication and repair,Genetic Information Processing
chr_7491,"K03657  uvrD, pcrA; DNA helicase II / ATP-dependent DNA helicase PcrA",03430 Mismatch repair,Replication and repair,Genetic Information Processing
chr_7491,"K03657  uvrD, pcrA; DNA helicase II / ATP-dependent DNA helicase PcrA",03400 DNA repair and recombination proteins,Protein families: genetic information processing,Brite Hierarchies
chr_7493,K04093  pheA1; chorismate mutase,"00400 Phenylalanine, tyrosine and tryptophan biosynthesis",Amino acid metabolism,Metabolism
chr_7494,"K00019  E1.1.1.30, bdh; 3-hydroxybutyrate dehydrogenase",00072 Synthesis and degradation of ketone bodies,Lipid metabolism,Metabolism
chr_7494,"K00019  E1.1.1.30, bdh; 3-hydroxybutyrate dehydrogenase",00650 Butanoate metabolism,Carbohydrate metabolism,Metabolism
chr_7496,K22408  dac; diacetylchitobiose deacetylase,99980 Enzymes with EC numbers,Unclassified: metabolism,Not Included in Pathway or Brite
chr_7499,K18639  KCC4; serine/threonine-protein kinase KCC4,04111 Cell cycle - yeast,Cell growth and death,Cellular Processes
chr_7499,K18639  KCC4; serine/threonine-protein kinase KCC4,01001 Protein kinases,Protein families: metabolism,Brite Hierarchies
chr_7499,K18639  KCC4; serine/threonine-protein kinase KCC4,04812 Cytoskeleton proteins,Protein families: signaling and cellular processes,Brite Hierarchies
chr_7500,K06228  FU; fused,04341 Hedgehog signaling pathway - fly,Signal transduction,Environmental Information Processing
chr_7500,K06228  FU; fused,01001 Protein kinases,Protein families: metabolism,Brite Hierarchies
chr_7501,"K03576  metR; LysR family transcriptional regulator, regulator for metE and metH",03000 Transcription factors,Protein families: genetic information processing,Brite Hierarchies
chr_7508,K07485  K07485; transposase,99976 Replication and repair,Unclassified: genetic information processing,Not Included in Pathway or Brite
chr_7512,"K13566  NIT2, yafV; omega-amidase","00250 Alanine, aspartate and glutamate metabolism",Amino acid metabolism,Metabolism
chr_7513,"K01951  guaA, GMPS; GMP synthase (glutamine-hydrolysing)",00983 Drug metabolism - other enzymes,Xenobiotics biodegradation and metabolism,Metabolism
chr_7513,"K01951  guaA, GMPS; GMP synthase (glutamine-hydrolysing)",00230 Purine metabolism,Nucleotide metabolism,Metabolism
chr_7513,"K01951  guaA, GMPS; GMP synthase (glutamine-hydrolysing)",01002 Peptidases and inhibitors,Protein families: metabolism,Brite Hierarchies
chr_7514,"K00088  IMPDH, guaB; IMP dehydrogenase",00230 Purine metabolism,Nucleotide metabolism,Metabolism
chr_7514,"K00088  IMPDH, guaB; IMP dehydrogenase",00983 Drug metabolism - other enzymes,Xenobiotics biodegradation and metabolism,Metabolism
chr_7514,"K00088  IMPDH, guaB; IMP dehydrogenase",04147 Exosome,Protein families: signaling and cellular processes,Brite Hierarchies
chr_7515,"K00088  IMPDH, guaB; IMP dehydrogenase",00230 Purine metabolism,Nucleotide metabolism,Metabolism
chr_7515,"K00088  IMPDH, guaB; IMP dehydrogenase",00983 Drug metabolism - other enzymes,Xenobiotics biodegradation and metabolism,Metabolism
chr_7515,"K00088  IMPDH, guaB; IMP dehydrogenase",04147 Exosome,Protein families: signaling and cellular processes,Brite Hierarchies
chr_7518,"K03088  rpoE; RNA polymerase sigma-70 factor, ECF subfamily",03021 Transcription machinery,Protein families: genetic information processing,Brite Hierarchies
chr_7523,"K04077  groEL, HSPD1; chaperonin GroEL",03018 RNA degradation,"Folding, sorting and degradation",Genetic Information Processing
chr_7523,"K04077  groEL, HSPD1; chaperonin GroEL",04212 Longevity regulating pathway - worm,Aging,Organismal Systems
chr_7523,"K04077  groEL, HSPD1; chaperonin GroEL",05152 Tuberculosis,Infectious disease: bacterial,Human Diseases
chr_7523,"K04077  groEL, HSPD1; chaperonin GroEL",04940 Type I diabetes mellitus,Endocrine and metabolic disease,Human Diseases
chr_7523,"K04077  groEL, HSPD1; chaperonin GroEL",05134 Legionellosis,Infectious disease: bacterial,Human Diseases
chr_7523,"K04077  groEL, HSPD1; chaperonin GroEL",03019 Messenger RNA biogenesis,Protein families: genetic information processing,Brite Hierarchies
chr_7523,"K04077  groEL, HSPD1; chaperonin GroEL",04147 Exosome,Protein families: signaling and cellular processes,Brite Hierarchies
chr_7523,"K04077  groEL, HSPD1; chaperonin GroEL",03029 Mitochondrial biogenesis,Protein families: genetic information processing,Brite Hierarchies
chr_7523,"K04077  groEL, HSPD1; chaperonin GroEL",03110 Chaperones and folding catalysts,Protein families: genetic information processing,Brite Hierarchies
chr_7524,"K04078  groES, HSPE1; chaperonin GroES",03029 Mitochondrial biogenesis,Protein families: genetic information processing,Brite Hierarchies
chr_7524,"K04078  groES, HSPE1; chaperonin GroES",03110 Chaperones and folding catalysts,Protein families: genetic information processing,Brite Hierarchies
chr_7531,K03789  rimI; [ribosomal protein S18]-alanine N-acetyltransferase,03009 Ribosome biogenesis,Protein families: genetic information processing,Brite Hierarchies
chr_7532,K14742  tsaB; tRNA threonylcarbamoyladenosine biosynthesis protein TsaB,03016 Transfer RNA biogenesis,Protein families: genetic information processing,Brite Hierarchies
chr_7533,K01466  allB; allantoinase,00230 Purine metabolism,Nucleotide metabolism,Metabolism
chr_7534,"K00865  glxK, garK; glycerate 2-kinase",00561 Glycerolipid metabolism,Lipid metabolism,Metabolism
chr_7534,"K00865  glxK, garK; glycerate 2-kinase",00630 Glyoxylate and dicarboxylate metabolism,Carbohydrate metabolism,Metabolism
chr_7534,"K00865  glxK, garK; glycerate 2-kinase","00260 Glycine, serine and threonine metabolism",Amino acid metabolism,Metabolism
chr_7535,K01608  gcl; tartronate-semialdehyde synthase,00630 Glyoxylate and dicarboxylate metabolism,Carbohydrate metabolism,Metabolism
chr_7536,"K00042  garR, glxR; 2-hydroxy-3-oxopropionate reductase",00630 Glyoxylate and dicarboxylate metabolism,Carbohydrate metabolism,Metabolism
chr_7537,"K01816  hyi, gip; hydroxypyruvate isomerase",00630 Glyoxylate and dicarboxylate metabolism,Carbohydrate metabolism,Metabolism
chr_7541,"K07127  uraH, pucM, hiuH; 5-hydroxyisourate hydrolase",00230 Purine metabolism,Nucleotide metabolism,Metabolism
chr_7541,"K07127  uraH, pucM, hiuH; 5-hydroxyisourate hydrolase",02000 Transporters,Protein families: signaling and cellular processes,Brite Hierarchies
chr_7542,K00365  uaZ; urate oxidase,00230 Purine metabolism,Nucleotide metabolism,Metabolism
chr_7542,K00365  uaZ; urate oxidase,00232 Caffeine metabolism,Biosynthesis of other secondary metabolites,Metabolism
chr_7548,"K01638  aceB, glcB; malate synthase",00620 Pyruvate metabolism,Carbohydrate metabolism,Metabolism
chr_7548,"K01638  aceB, glcB; malate synthase",00630 Glyoxylate and dicarboxylate metabolism,Carbohydrate metabolism,Metabolism
chr_7549,"K13641  iclR; IclR family transcriptional regulator, acetate operon repressor",03000 Transcription factors,Protein families: genetic information processing,Brite Hierarchies
chr_7551,K06925  tsaE; tRNA threonylcarbamoyladenosine biosynthesis protein TsaE,03016 Transfer RNA biogenesis,Protein families: genetic information processing,Brite Hierarchies
chr_7553,K01775  alr; alanine racemase,00473 D-Alanine metabolism,Metabolism of other amino acids,Metabolism
chr_7553,K01775  alr; alanine racemase,01502 Vancomycin resistance,Drug resistance: antimicrobial,Human Diseases
chr_7553,K01775  alr; alanine racemase,01011 Peptidoglycan biosynthesis and degradation proteins,Protein families: metabolism,Brite Hierarchies
chr_7555,"K00820  glmS, GFPT; glutamine---fructose-6-phosphate transaminase (isomerizing)","00250 Alanine, aspartate and glutamate metabolism",Amino acid metabolism,Metabolism
chr_7555,"K00820  glmS, GFPT; glutamine---fructose-6-phosphate transaminase (isomerizing)",00520 Amino sugar and nucleotide sugar metabolism,Carbohydrate metabolism,Metabolism
chr_7555,"K00820  glmS, GFPT; glutamine---fructose-6-phosphate transaminase (isomerizing)",04931 Insulin resistance,Endocrine and metabolic disease,Human Diseases
chr_7555,"K00820  glmS, GFPT; glutamine---fructose-6-phosphate transaminase (isomerizing)",01002 Peptidases and inhibitors,Protein families: metabolism,Brite Hierarchies
chr_7565,K03431  glmM; phosphoglucosamine mutase,00520 Amino sugar and nucleotide sugar metabolism,Carbohydrate metabolism,Metabolism
chr_7566,"K02996  RP-S9, MRPS9, rpsI; small subunit ribosomal protein S9",03010 Ribosome,Translation,Genetic Information Processing
chr_7566,"K02996  RP-S9, MRPS9, rpsI; small subunit ribosomal protein S9",03011 Ribosome,Protein families: genetic information processing,Brite Hierarchies
chr_7567,"K02871  RP-L13, MRPL13, rplM; large subunit ribosomal protein L13",03010 Ribosome,Translation,Genetic Information Processing
chr_7567,"K02871  RP-L13, MRPL13, rplM; large subunit ribosomal protein L13",03011 Ribosome,Protein families: genetic information processing,Brite Hierarchies
chr_7575,K14743  mycP; membrane-anchored mycosin MYCP,03110 Chaperones and folding catalysts,Protein families: genetic information processing,Brite Hierarchies
chr_7575,K14743  mycP; membrane-anchored mycosin MYCP,01002 Peptidases and inhibitors,Protein families: metabolism,Brite Hierarchies
chr_7581,"K06173  truA, PUS1; tRNA pseudouridine38-40 synthase",03016 Transfer RNA biogenesis,Protein families: genetic information processing,Brite Hierarchies
chr_7582,"K02879  RP-L17, MRPL17, rplQ; large subunit ribosomal protein L17",03010 Ribosome,Translation,Genetic Information Processing
chr_7582,"K02879  RP-L17, MRPL17, rplQ; large subunit ribosomal protein L17",03011 Ribosome,Protein families: genetic information processing,Brite Hierarchies
chr_7583,K03040  rpoA; DNA-directed RNA polymerase subunit alpha,03020 RNA polymerase,Transcription,Genetic Information Processing
chr_7583,K03040  rpoA; DNA-directed RNA polymerase subunit alpha,03021 Transcription machinery,Protein families: genetic information processing,Brite Hierarchies
chr_7583,K03040  rpoA; DNA-directed RNA polymerase subunit alpha,03400 DNA repair and recombination proteins,Protein families: genetic information processing,Brite Hierarchies
chr_7584,"K02986  RP-S4, rpsD; small subunit ribosomal protein S4",03010 Ribosome,Translation,Genetic Information Processing
chr_7584,"K02986  RP-S4, rpsD; small subunit ribosomal protein S4",03011 Ribosome,Protein families: genetic information processing,Brite Hierarchies
chr_7585,"K02948  RP-S11, MRPS11, rpsK; small subunit ribosomal protein S11",03010 Ribosome,Translation,Genetic Information Processing
chr_7585,"K02948  RP-S11, MRPS11, rpsK; small subunit ribosomal protein S11",03011 Ribosome,Protein families: genetic information processing,Brite Hierarchies
chr_7586,"K02952  RP-S13, rpsM; small subunit ribosomal protein S13",03010 Ribosome,Translation,Genetic Information Processing
chr_7586,"K02952  RP-S13, rpsM; small subunit ribosomal protein S13",03011 Ribosome,Protein families: genetic information processing,Brite Hierarchies
chr_7587,"K02919  RP-L36, MRPL36, rpmJ; large subunit ribosomal protein L36",03010 Ribosome,Translation,Genetic Information Processing
chr_7587,"K02919  RP-L36, MRPL36, rpmJ; large subunit ribosomal protein L36",03011 Ribosome,Protein families: genetic information processing,Brite Hierarchies
chr_7588,K02518  infA; translation initiation factor IF-1,03012 Translation factors,Protein families: genetic information processing,Brite Hierarchies
chr_7590,K00570  pmtA; phosphatidylethanolamine/phosphatidyl-N-methylethanolamine N-methyltransferase,00564 Glycerophospholipid metabolism,Lipid metabolism,Metabolism
chr_7591,K01265  map; methionyl aminopeptidase,01002 Peptidases and inhibitors,Protein families: metabolism,Brite Hierarchies
chr_7592,"K00939  adk, AK; adenylate kinase",00230 Purine metabolism,Nucleotide metabolism,Metabolism
chr_7592,"K00939  adk, AK; adenylate kinase",00730 Thiamine metabolism,Metabolism of cofactors and vitamins,Metabolism
chr_7592,"K00939  adk, AK; adenylate kinase",04147 Exosome,Protein families: signaling and cellular processes,Brite Hierarchies
chr_7593,K03076  secY; preprotein translocase subunit SecY,03060 Protein export,"Folding, sorting and degradation",Genetic Information Processing
chr_7593,K03076  secY; preprotein translocase subunit SecY,03070 Bacterial secretion system,Membrane transport,Environmental Information Processing
chr_7593,K03076  secY; preprotein translocase subunit SecY,02024 Quorum sensing,Cellular community - prokaryotes,Cellular Processes
chr_7593,K03076  secY; preprotein translocase subunit SecY,02044 Secretion system,Protein families: signaling and cellular processes,Brite Hierarchies
chr_7594,"K02876  RP-L15, MRPL15, rplO; large subunit ribosomal protein L15",03010 Ribosome,Translation,Genetic Information Processing
chr_7594,"K02876  RP-L15, MRPL15, rplO; large subunit ribosomal protein L15",03011 Ribosome,Protein families: genetic information processing,Brite Hierarchies
chr_7595,"K02907  RP-L30, MRPL30, rpmD; large subunit ribosomal protein L30",03010 Ribosome,Translation,Genetic Information Processing
chr_7595,"K02907  RP-L30, MRPL30, rpmD; large subunit ribosomal protein L30",03011 Ribosome,Protein families: genetic information processing,Brite Hierarchies
chr_7596,"K02988  RP-S5, MRPS5, rpsE; small subunit ribosomal protein S5",03010 Ribosome,Translation,Genetic Information Processing
chr_7596,"K02988  RP-S5, MRPS5, rpsE; small subunit ribosomal protein S5",03011 Ribosome,Protein families: genetic information processing,Brite Hierarchies
chr_7597,"K02881  RP-L18, MRPL18, rplR; large subunit ribosomal protein L18",03010 Ribosome,Translation,Genetic Information Processing
chr_7597,"K02881  RP-L18, MRPL18, rplR; large subunit ribosomal protein L18",03011 Ribosome,Protein families: genetic information processing,Brite Hierarchies
chr_7598,"K02933  RP-L6, MRPL6, rplF; large subunit ribosomal protein L6",03010 Ribosome,Translation,Genetic Information Processing
chr_7598,"K02933  RP-L6, MRPL6, rplF; large subunit ribosomal protein L6",03011 Ribosome,Protein families: genetic information processing,Brite Hierarchies
chr_7599,"K02994  RP-S8, rpsH; small subunit ribosomal protein S8",03010 Ribosome,Translation,Genetic Information Processing
chr_7599,"K02994  RP-S8, rpsH; small subunit ribosomal protein S8",03011 Ribosome,Protein families: genetic information processing,Brite Hierarchies
chr_7600,"K02954  RP-S14, MRPS14, rpsN; small subunit ribosomal protein S14",03010 Ribosome,Translation,Genetic Information Processing
chr_7600,"K02954  RP-S14, MRPS14, rpsN; small subunit ribosomal protein S14",03011 Ribosome,Protein families: genetic information processing,Brite Hierarchies
chr_7601,"K02931  RP-L5, MRPL5, rplE; large subunit ribosomal protein L5",03010 Ribosome,Translation,Genetic Information Processing
chr_7601,"K02931  RP-L5, MRPL5, rplE; large subunit ribosomal protein L5",03011 Ribosome,Protein families: genetic information processing,Brite Hierarchies
chr_7602,"K02895  RP-L24, MRPL24, rplX; large subunit ribosomal protein L24",03010 Ribosome,Translation,Genetic Information Processing
chr_7602,"K02895  RP-L24, MRPL24, rplX; large subunit ribosomal protein L24",03011 Ribosome,Protein families: genetic information processing,Brite Hierarchies
chr_7603,"K02874  RP-L14, MRPL14, rplN; large subunit ribosomal protein L14",03010 Ribosome,Translation,Genetic Information Processing
chr_7603,"K02874  RP-L14, MRPL14, rplN; large subunit ribosomal protein L14",03011 Ribosome,Protein families: genetic information processing,Brite Hierarchies
chr_7604,"K02961  RP-S17, MRPS17, rpsQ; small subunit ribosomal protein S17",03010 Ribosome,Translation,Genetic Information Processing
chr_7604,"K02961  RP-S17, MRPS17, rpsQ; small subunit ribosomal protein S17",03011 Ribosome,Protein families: genetic information processing,Brite Hierarchies
chr_7605,"K02904  RP-L29, rpmC; large subunit ribosomal protein L29",03010 Ribosome,Translation,Genetic Information Processing
chr_7605,"K02904  RP-L29, rpmC; large subunit ribosomal protein L29",03011 Ribosome,Protein families: genetic information processing,Brite Hierarchies
chr_7606,"K02878  RP-L16, MRPL16, rplP; large subunit ribosomal protein L16",03010 Ribosome,Translation,Genetic Information Processing
chr_7606,"K02878  RP-L16, MRPL16, rplP; large subunit ribosomal protein L16",03011 Ribosome,Protein families: genetic information processing,Brite Hierarchies
chr_7607,"K02982  RP-S3, rpsC; small subunit ribosomal protein S3",03010 Ribosome,Translation,Genetic Information Processing
chr_7607,"K02982  RP-S3, rpsC; small subunit ribosomal protein S3",03011 Ribosome,Protein families: genetic information processing,Brite Hierarchies
chr_7608,"K02890  RP-L22, MRPL22, rplV; large subunit ribosomal protein L22",03010 Ribosome,Translation,Genetic Information Processing
chr_7608,"K02890  RP-L22, MRPL22, rplV; large subunit ribosomal protein L22",03011 Ribosome,Protein families: genetic information processing,Brite Hierarchies
chr_7609,"K02965  RP-S19, rpsS; small subunit ribosomal protein S19",03010 Ribosome,Translation,Genetic Information Processing
chr_7609,"K02965  RP-S19, rpsS; small subunit ribosomal protein S19",03011 Ribosome,Protein families: genetic information processing,Brite Hierarchies
chr_7610,"K02886  RP-L2, MRPL2, rplB; large subunit ribosomal protein L2",03010 Ribosome,Translation,Genetic Information Processing
chr_7610,"K02886  RP-L2, MRPL2, rplB; large subunit ribosomal protein L2",03011 Ribosome,Protein families: genetic information processing,Brite Hierarchies
chr_7611,"K02892  RP-L23, MRPL23, rplW; large subunit ribosomal protein L23",03010 Ribosome,Translation,Genetic Information Processing
chr_7611,"K02892  RP-L23, MRPL23, rplW; large subunit ribosomal protein L23",03011 Ribosome,Protein families: genetic information processing,Brite Hierarchies
chr_7612,"K02926  RP-L4, MRPL4, rplD; large subunit ribosomal protein L4",03010 Ribosome,Translation,Genetic Information Processing
chr_7612,"K02926  RP-L4, MRPL4, rplD; large subunit ribosomal protein L4",03011 Ribosome,Protein families: genetic information processing,Brite Hierarchies
chr_7613,"K02906  RP-L3, MRPL3, rplC; large subunit ribosomal protein L3",03010 Ribosome,Translation,Genetic Information Processing
chr_7613,"K02906  RP-L3, MRPL3, rplC; large subunit ribosomal protein L3",03011 Ribosome,Protein families: genetic information processing,Brite Hierarchies
chr_7614,"K02946  RP-S10, MRPS10, rpsJ; small subunit ribosomal protein S10",03010 Ribosome,Translation,Genetic Information Processing
chr_7614,"K02946  RP-S10, MRPS10, rpsJ; small subunit ribosomal protein S10",03011 Ribosome,Protein families: genetic information processing,Brite Hierarchies
chr_7615,"K02358  tuf, TUFM; elongation factor Tu",03029 Mitochondrial biogenesis,Protein families: genetic information processing,Brite Hierarchies
chr_7615,"K02358  tuf, TUFM; elongation factor Tu",04147 Exosome,Protein families: signaling and cellular processes,Brite Hierarchies
chr_7615,"K02358  tuf, TUFM; elongation factor Tu",03012 Translation factors,Protein families: genetic information processing,Brite Hierarchies
chr_7616,"K02355  fusA, GFM, EFG; elongation factor G",03012 Translation factors,Protein families: genetic information processing,Brite Hierarchies
chr_7616,"K02355  fusA, GFM, EFG; elongation factor G",03029 Mitochondrial biogenesis,Protein families: genetic information processing,Brite Hierarchies
chr_7617,"K02992  RP-S7, MRPS7, rpsG; small subunit ribosomal protein S7",03010 Ribosome,Translation,Genetic Information Processing
chr_7617,"K02992  RP-S7, MRPS7, rpsG; small subunit ribosomal protein S7",03011 Ribosome,Protein families: genetic information processing,Brite Hierarchies
chr_7618,"K02950  RP-S12, MRPS12, rpsL; small subunit ribosomal protein S12",03010 Ribosome,Translation,Genetic Information Processing
chr_7618,"K02950  RP-S12, MRPS12, rpsL; small subunit ribosomal protein S12",03011 Ribosome,Protein families: genetic information processing,Brite Hierarchies
chr_7626,K00375  K00375; GntR family transcriptional regulator / MocR family aminotransferase,03000 Transcription factors,Protein families: genetic information processing,Brite Hierarchies
chr_7635,K03046  rpoC; DNA-directed RNA polymerase subunit beta',03020 RNA polymerase,Transcription,Genetic Information Processing
chr_7635,K03046  rpoC; DNA-directed RNA polymerase subunit beta',03021 Transcription machinery,Protein families: genetic information processing,Brite Hierarchies
chr_7635,K03046  rpoC; DNA-directed RNA polymerase subunit beta',03400 DNA repair and recombination proteins,Protein families: genetic information processing,Brite Hierarchies
chr_7636,K03043  rpoB; DNA-directed RNA polymerase subunit beta,03020 RNA polymerase,Transcription,Genetic Information Processing
chr_7636,K03043  rpoB; DNA-directed RNA polymerase subunit beta,03400 DNA repair and recombination proteins,Protein families: genetic information processing,Brite Hierarchies
chr_7636,K03043  rpoB; DNA-directed RNA polymerase subunit beta,03021 Transcription machinery,Protein families: genetic information processing,Brite Hierarchies
chr_7641,"K02067  mlaD, linM; phospholipid/cholesterol/gamma-HCH transport system substrate-binding protein",02010 ABC transporters,Membrane transport,Environmental Information Processing
chr_7641,"K02067  mlaD, linM; phospholipid/cholesterol/gamma-HCH transport system substrate-binding protein",02000 Transporters,Protein families: signaling and cellular processes,Brite Hierarchies
chr_7642,"K02067  mlaD, linM; phospholipid/cholesterol/gamma-HCH transport system substrate-binding protein",02010 ABC transporters,Membrane transport,Environmental Information Processing
chr_7642,"K02067  mlaD, linM; phospholipid/cholesterol/gamma-HCH transport system substrate-binding protein",02000 Transporters,Protein families: signaling and cellular processes,Brite Hierarchies
chr_7643,"K02067  mlaD, linM; phospholipid/cholesterol/gamma-HCH transport system substrate-binding protein",02010 ABC transporters,Membrane transport,Environmental Information Processing
chr_7643,"K02067  mlaD, linM; phospholipid/cholesterol/gamma-HCH transport system substrate-binding protein",02000 Transporters,Protein families: signaling and cellular processes,Brite Hierarchies
chr_7644,"K02067  mlaD, linM; phospholipid/cholesterol/gamma-HCH transport system substrate-binding protein",02010 ABC transporters,Membrane transport,Environmental Information Processing
chr_7644,"K02067  mlaD, linM; phospholipid/cholesterol/gamma-HCH transport system substrate-binding protein",02000 Transporters,Protein families: signaling and cellular processes,Brite Hierarchies
chr_7645,"K02067  mlaD, linM; phospholipid/cholesterol/gamma-HCH transport system substrate-binding protein",02010 ABC transporters,Membrane transport,Environmental Information Processing
chr_7645,"K02067  mlaD, linM; phospholipid/cholesterol/gamma-HCH transport system substrate-binding protein",02000 Transporters,Protein families: signaling and cellular processes,Brite Hierarchies
chr_7646,"K02067  mlaD, linM; phospholipid/cholesterol/gamma-HCH transport system substrate-binding protein",02010 ABC transporters,Membrane transport,Environmental Information Processing
chr_7646,"K02067  mlaD, linM; phospholipid/cholesterol/gamma-HCH transport system substrate-binding protein",02000 Transporters,Protein families: signaling and cellular processes,Brite Hierarchies
chr_7647,"K02066  mlaE, linK; phospholipid/cholesterol/gamma-HCH transport system permease protein",02010 ABC transporters,Membrane transport,Environmental Information Processing
chr_7647,"K02066  mlaE, linK; phospholipid/cholesterol/gamma-HCH transport system permease protein",02000 Transporters,Protein families: signaling and cellular processes,Brite Hierarchies
chr_7648,"K02066  mlaE, linK; phospholipid/cholesterol/gamma-HCH transport system permease protein",02010 ABC transporters,Membrane transport,Environmental Information Processing
chr_7648,"K02066  mlaE, linK; phospholipid/cholesterol/gamma-HCH transport system permease protein",02000 Transporters,Protein families: signaling and cellular processes,Brite Hierarchies
chr_7649,"K02065  mlaF, linL, mkl; phospholipid/cholesterol/gamma-HCH transport system ATP-binding protein",02010 ABC transporters,Membrane transport,Environmental Information Processing
chr_7649,"K02065  mlaF, linL, mkl; phospholipid/cholesterol/gamma-HCH transport system ATP-binding protein",02000 Transporters,Protein families: signaling and cellular processes,Brite Hierarchies
chr_7650,"K02935  RP-L7, MRPL12, rplL; large subunit ribosomal protein L7/L12",03010 Ribosome,Translation,Genetic Information Processing
chr_7650,"K02935  RP-L7, MRPL12, rplL; large subunit ribosomal protein L7/L12",03011 Ribosome,Protein families: genetic information processing,Brite Hierarchies
chr_7651,"K02864  RP-L10, MRPL10, rplJ; large subunit ribosomal protein L10",03010 Ribosome,Translation,Genetic Information Processing
chr_7651,"K02864  RP-L10, MRPL10, rplJ; large subunit ribosomal protein L10",03011 Ribosome,Protein families: genetic information processing,Brite Hierarchies
chr_7653,"K02863  RP-L1, MRPL1, rplA; large subunit ribosomal protein L1",03010 Ribosome,Translation,Genetic Information Processing
chr_7653,"K02863  RP-L1, MRPL1, rplA; large subunit ribosomal protein L1",03011 Ribosome,Protein families: genetic information processing,Brite Hierarchies
chr_7654,"K02867  RP-L11, MRPL11, rplK; large subunit ribosomal protein L11",03010 Ribosome,Translation,Genetic Information Processing
chr_7654,"K02867  RP-L11, MRPL11, rplK; large subunit ribosomal protein L11",03011 Ribosome,Protein families: genetic information processing,Brite Hierarchies
chr_7655,K02601  nusG; transcription termination/antitermination protein NusG,03009 Ribosome biogenesis,Protein families: genetic information processing,Brite Hierarchies
chr_7655,K02601  nusG; transcription termination/antitermination protein NusG,03021 Transcription machinery,Protein families: genetic information processing,Brite Hierarchies
chr_7656,K03073  secE; preprotein translocase subunit SecE,03060 Protein export,"Folding, sorting and degradation",Genetic Information Processing
chr_7656,K03073  secE; preprotein translocase subunit SecE,03070 Bacterial secretion system,Membrane transport,Environmental Information Processing
chr_7656,K03073  secE; preprotein translocase subunit SecE,02024 Quorum sensing,Cellular community - prokaryotes,Cellular Processes
chr_7656,K03073  secE; preprotein translocase subunit SecE,02044 Secretion system,Protein families: signaling and cellular processes,Brite Hierarchies
chr_7657,K00812  aspB; aspartate aminotransferase,00270 Cysteine and methionine metabolism,Amino acid metabolism,Metabolism
chr_7657,K00812  aspB; aspartate aminotransferase,00350 Tyrosine metabolism,Amino acid metabolism,Metabolism
chr_7657,K00812  aspB; aspartate aminotransferase,"00960 Tropane, piperidine and pyridine alkaloid biosynthesis",Biosynthesis of other secondary metabolites,Metabolism
chr_7657,K00812  aspB; aspartate aminotransferase,"00400 Phenylalanine, tyrosine and tryptophan biosynthesis",Amino acid metabolism,Metabolism
chr_7657,K00812  aspB; aspartate aminotransferase,"00250 Alanine, aspartate and glutamate metabolism",Amino acid metabolism,Metabolism
chr_7657,K00812  aspB; aspartate aminotransferase,00330 Arginine and proline metabolism,Amino acid metabolism,Metabolism
chr_7657,K00812  aspB; aspartate aminotransferase,00950 Isoquinoline alkaloid biosynthesis,Biosynthesis of other secondary metabolites,Metabolism
chr_7657,K00812  aspB; aspartate aminotransferase,00401 Novobiocin biosynthesis,Biosynthesis of other secondary metabolites,Metabolism
chr_7657,K00812  aspB; aspartate aminotransferase,00220 Arginine biosynthesis,Amino acid metabolism,Metabolism
chr_7657,K00812  aspB; aspartate aminotransferase,00360 Phenylalanine metabolism,Amino acid metabolism,Metabolism
chr_7657,K00812  aspB; aspartate aminotransferase,01007 Amino acid related enzymes,Protein families: metabolism,Brite Hierarchies
chr_7660,"K02913  RP-L33, MRPL33, rpmG; large subunit ribosomal protein L33",03010 Ribosome,Translation,Genetic Information Processing
chr_7660,"K02913  RP-L33, MRPL33, rpmG; large subunit ribosomal protein L33",03011 Ribosome,Protein families: genetic information processing,Brite Hierarchies
chr_7666,K09767  yajQ; cyclic-di-GMP-binding protein,99995 Signaling proteins,Unclassified: signaling and cellular processes,Not Included in Pathway or Brite
chr_7667,"K00973  E2.7.7.24, rfbA, rffH; glucose-1-phosphate thymidylyltransferase",00525 Acarbose and validamycin biosynthesis,Biosynthesis of other secondary metabolites,Metabolism
chr_7667,"K00973  E2.7.7.24, rfbA, rffH; glucose-1-phosphate thymidylyltransferase",00523 Polyketide sugar unit biosynthesis,Metabolism of terpenoids and polyketides,Metabolism
chr_7667,"K00973  E2.7.7.24, rfbA, rffH; glucose-1-phosphate thymidylyltransferase",00521 Streptomycin biosynthesis,Biosynthesis of other secondary metabolites,Metabolism
chr_7668,K03799  htpX; heat shock protein HtpX,01002 Peptidases and inhibitors,Protein families: metabolism,Brite Hierarchies
chr_7673,K00343  nuoN; NADH-quinone oxidoreductase subunit N,00190 Oxidative phosphorylation,Energy metabolism,Metabolism
chr_7674,K00342  nuoM; NADH-quinone oxidoreductase subunit M,00190 Oxidative phosphorylation,Energy metabolism,Metabolism
chr_7675,K00341  nuoL; NADH-quinone oxidoreductase subunit L,00190 Oxidative phosphorylation,Energy metabolism,Metabolism
chr_7676,K00340  nuoK; NADH-quinone oxidoreductase subunit K,00190 Oxidative phosphorylation,Energy metabolism,Metabolism
chr_7677,K00339  nuoJ; NADH-quinone oxidoreductase subunit J,00190 Oxidative phosphorylation,Energy metabolism,Metabolism
chr_7678,K00338  nuoI; NADH-quinone oxidoreductase subunit I,00190 Oxidative phosphorylation,Energy metabolism,Metabolism
chr_7679,K00337  nuoH; NADH-quinone oxidoreductase subunit H,00190 Oxidative phosphorylation,Energy metabolism,Metabolism
chr_7680,K00336  nuoG; NADH-quinone oxidoreductase subunit G,00190 Oxidative phosphorylation,Energy metabolism,Metabolism
chr_7681,K00335  nuoF; NADH-quinone oxidoreductase subunit F,00190 Oxidative phosphorylation,Energy metabolism,Metabolism
chr_7682,K00334  nuoE; NADH-quinone oxidoreductase subunit E,00190 Oxidative phosphorylation,Energy metabolism,Metabolism
chr_7683,K00333  nuoD; NADH-quinone oxidoreductase subunit D,00190 Oxidative phosphorylation,Energy metabolism,Metabolism
chr_7684,K00332  nuoC; NADH-quinone oxidoreductase subunit C,00190 Oxidative phosphorylation,Energy metabolism,Metabolism
chr_7685,K00331  nuoB; NADH-quinone oxidoreductase subunit B,00190 Oxidative phosphorylation,Energy metabolism,Metabolism
chr_7686,K00330  nuoA; NADH-quinone oxidoreductase subunit A,00190 Oxidative phosphorylation,Energy metabolism,Metabolism
chr_7687,K21401  menJ; menaquinone-9 beta-reductase,99980 Enzymes with EC numbers,Unclassified: metabolism,Not Included in Pathway or Brite
chr_7690,"K17737  dhcR; LysR family transcriptional regulator, carnitine catabolism transcriptional activator",03000 Transcription factors,Protein families: genetic information processing,Brite Hierarchies
chr_7692,"K03183  ubiE; demethylmenaquinone methyltransferase / 2-methoxy-6-polyprenyl-1,4-benzoquinol methylase",00130 Ubiquinone and other terpenoid-quinone biosynthesis,Metabolism of cofactors and vitamins,Metabolism
chr_7694,"K12583  mgtA; phosphatidylinositol alpha 1,6-mannosyltransferase",01003 Glycosyltransferases,Protein families: metabolism,Brite Hierarchies
chr_7698,K01851  pchA; salicylate biosynthesis isochorismate synthase,00130 Ubiquinone and other terpenoid-quinone biosynthesis,Metabolism of cofactors and vitamins,Metabolism
chr_7698,K01851  pchA; salicylate biosynthesis isochorismate synthase,01053 Biosynthesis of siderophore group nonribosomal peptides,Metabolism of terpenoids and polyketides,Metabolism
chr_7700,K02551  menD; 2-succinyl-5-enolpyruvyl-6-hydroxy-3-cyclohexene-1-carboxylate synthase,00130 Ubiquinone and other terpenoid-quinone biosynthesis,Metabolism of cofactors and vitamins,Metabolism
chr_7701,K01661  menB; naphthoate synthase,00130 Ubiquinone and other terpenoid-quinone biosynthesis,Metabolism of cofactors and vitamins,Metabolism
chr_7702,K01911  menE; O-succinylbenzoic acid---CoA ligase,00130 Ubiquinone and other terpenoid-quinone biosynthesis,Metabolism of cofactors and vitamins,Metabolism
chr_7703,"K02548  menA; 1,4-dihydroxy-2-naphthoate polyprenyltransferase",00130 Ubiquinone and other terpenoid-quinone biosynthesis,Metabolism of cofactors and vitamins,Metabolism
chr_7703,"K02548  menA; 1,4-dihydroxy-2-naphthoate polyprenyltransferase",01006 Prenyltransferases,Protein families: metabolism,Brite Hierarchies
chr_7705,K01738  cysK; cysteine synthase,00270 Cysteine and methionine metabolism,Amino acid metabolism,Metabolism
chr_7705,K01738  cysK; cysteine synthase,00920 Sulfur metabolism,Energy metabolism,Metabolism
chr_7711,"K07399  resB, ccs1; cytochrome c biogenesis protein",99975 Protein processing,Unclassified: genetic information processing,Not Included in Pathway or Brite
chr_7712,K06196  ccdA; cytochrome c-type biogenesis protein,02000 Transporters,Protein families: signaling and cellular processes,Brite Hierarchies
chr_7715,"K01845  hemL; glutamate-1-semialdehyde 2,1-aminomutase",00860 Porphyrin and chlorophyll metabolism,Metabolism of cofactors and vitamins,Metabolism
chr_7715,"K01845  hemL; glutamate-1-semialdehyde 2,1-aminomutase",01007 Amino acid related enzymes,Protein families: metabolism,Brite Hierarchies
chr_7723,"K01698  hemB, ALAD; porphobilinogen synthase",00860 Porphyrin and chlorophyll metabolism,Metabolism of cofactors and vitamins,Metabolism
chr_7723,"K01698  hemB, ALAD; porphobilinogen synthase",04147 Exosome,Protein families: signaling and cellular processes,Brite Hierarchies
chr_7730,K13542  cobA-hemD; uroporphyrinogen III methyltransferase / synthase,00860 Porphyrin and chlorophyll metabolism,Metabolism of cofactors and vitamins,Metabolism
chr_7731,"K01749  hemC, HMBS; hydroxymethylbilane synthase",00860 Porphyrin and chlorophyll metabolism,Metabolism of cofactors and vitamins,Metabolism
chr_7732,K02492  hemA; glutamyl-tRNA reductase,00860 Porphyrin and chlorophyll metabolism,Metabolism of cofactors and vitamins,Metabolism
chr_7733,K01926  rex; redox-sensing transcriptional repressor,03000 Transcription factors,Protein families: genetic information processing,Brite Hierarchies
chr_7735,"K03088  rpoE; RNA polymerase sigma-70 factor, ECF subfamily",03021 Transcription machinery,Protein families: genetic information processing,Brite Hierarchies
chr_7737,K04750  phnB; PhnB protein,99996 General function prediction only,Poorly characterized,Not Included in Pathway or Brite
chr_7739,K03696  clpC; ATP-dependent Clp protease ATP-binding subunit ClpC,03110 Chaperones and folding catalysts,Protein families: genetic information processing,Brite Hierarchies
chr_7741,"K01784  galE, GALE; UDP-glucose 4-epimerase",00052 Galactose metabolism,Carbohydrate metabolism,Metabolism
chr_7741,"K01784  galE, GALE; UDP-glucose 4-epimerase",00520 Amino sugar and nucleotide sugar metabolism,Carbohydrate metabolism,Metabolism
chr_7744,K00286  proC; pyrroline-5-carboxylate reductase,00330 Arginine and proline metabolism,Amino acid metabolism,Metabolism
chr_7750,"K01524  ppx-gppA; exopolyphosphatase / guanosine-5'-triphosphate,3'-diphosphate pyrophosphatase",00230 Purine metabolism,Nucleotide metabolism,Metabolism
chr_7751,"K07776  regX3; two-component system, OmpR family, response regulator RegX3",02020 Two-component system,Signal transduction,Environmental Information Processing
chr_7751,"K07776  regX3; two-component system, OmpR family, response regulator RegX3",02022 Two-component system,Protein families: signaling and cellular processes,Brite Hierarchies
chr_7752,"K07768  senX3; two-component system, OmpR family, sensor histidine kinase SenX3",02020 Two-component system,Signal transduction,Environmental Information Processing
chr_7752,"K07768  senX3; two-component system, OmpR family, sensor histidine kinase SenX3",01001 Protein kinases,Protein families: metabolism,Brite Hierarchies
chr_7752,"K07768  senX3; two-component system, OmpR family, sensor histidine kinase SenX3",02022 Two-component system,Protein families: signaling and cellular processes,Brite Hierarchies
chr_7753,"K01834  PGAM, gpmA; 2,3-bisphosphoglycerate-dependent phosphoglycerate mutase","00260 Glycine, serine and threonine metabolism",Amino acid metabolism,Metabolism
chr_7753,"K01834  PGAM, gpmA; 2,3-bisphosphoglycerate-dependent phosphoglycerate mutase",00010 Glycolysis / Gluconeogenesis,Carbohydrate metabolism,Metabolism
chr_7753,"K01834  PGAM, gpmA; 2,3-bisphosphoglycerate-dependent phosphoglycerate mutase",00680 Methane metabolism,Energy metabolism,Metabolism
chr_7753,"K01834  PGAM, gpmA; 2,3-bisphosphoglycerate-dependent phosphoglycerate mutase",04922 Glucagon signaling pathway,Endocrine system,Organismal Systems
chr_7753,"K01834  PGAM, gpmA; 2,3-bisphosphoglycerate-dependent phosphoglycerate mutase",05230 Central carbon metabolism in cancer,Cancer: overview,Human Diseases
chr_7753,"K01834  PGAM, gpmA; 2,3-bisphosphoglycerate-dependent phosphoglycerate mutase",04147 Exosome,Protein families: signaling and cellular processes,Brite Hierarchies
chr_7753,"K01834  PGAM, gpmA; 2,3-bisphosphoglycerate-dependent phosphoglycerate mutase",04131 Membrane trafficking,Protein families: genetic information processing,Brite Hierarchies
chr_7754,"K04063  osmC, ohr; lipoyl-dependent peroxidase",99975 Protein processing,Unclassified: genetic information processing,Not Included in Pathway or Brite
chr_7758,K15521  mshA; D-inositol-3-phosphate glycosyltransferase,99980 Enzymes with EC numbers,Unclassified: metabolism,Not Included in Pathway or Brite
chr_7765,K00075  murB; UDP-N-acetylmuramate dehydrogenase,00520 Amino sugar and nucleotide sugar metabolism,Carbohydrate metabolism,Metabolism
chr_7765,K00075  murB; UDP-N-acetylmuramate dehydrogenase,00550 Peptidoglycan biosynthesis,Glycan biosynthesis and metabolism,Metabolism
chr_7765,K00075  murB; UDP-N-acetylmuramate dehydrogenase,01011 Peptidoglycan biosynthesis and degradation proteins,Protein families: metabolism,Brite Hierarchies
chr_7769,K01433  purU; formyltetrahydrofolate deformylase,00670 One carbon pool by folate,Metabolism of cofactors and vitamins,Metabolism
chr_7769,K01433  purU; formyltetrahydrofolate deformylase,00630 Glyoxylate and dicarboxylate metabolism,Carbohydrate metabolism,Metabolism
chr_7780,K14267  dapC; N-succinyldiaminopimelate aminotransferase,00300 Lysine biosynthesis,Amino acid metabolism,Metabolism
chr_7780,K14267  dapC; N-succinyldiaminopimelate aminotransferase,01007 Amino acid related enzymes,Protein families: metabolism,Brite Hierarchies
chr_7787,K07149  K07149; uncharacterized protein,99997 Function unknown,Poorly characterized,Not Included in Pathway or Brite
chr_7790,K07816  E2.7.6.5X; putative GTP pyrophosphokinase,00230 Purine metabolism,Nucleotide metabolism,Metabolism
chr_7799,K11410  acdH; short/branched chain acyl-CoA dehydrogenase,"00280 Valine, leucine and isoleucine degradation",Amino acid metabolism,Metabolism
chr_7800,K01968  E6.4.1.4A; 3-methylcrotonyl-CoA carboxylase alpha subunit,"00280 Valine, leucine and isoleucine degradation",Amino acid metabolism,Metabolism
chr_7801,K01969  E6.4.1.4B; 3-methylcrotonyl-CoA carboxylase beta subunit,"00280 Valine, leucine and isoleucine degradation",Amino acid metabolism,Metabolism
chr_7803,"K02274  coxA, ctaD; cytochrome c oxidase subunit I",00190 Oxidative phosphorylation,Energy metabolism,Metabolism
chr_7806,"K02479  K02479; two-component system, NarL family, response regulator",02022 Two-component system,Protein families: signaling and cellular processes,Brite Hierarchies
chr_7808,K07485  K07485; transposase,99976 Replication and repair,Unclassified: genetic information processing,Not Included in Pathway or Brite
chr_7809,"K03296  TC.HAE1; hydrophobic/amphiphilic exporter-1 (mainly G- bacteria), HAE1 family",99977 Transport,Unclassified: signaling and cellular processes,Not Included in Pathway or Brite
chr_7810,"K08159  sotB; MFS transporter, DHA1 family, L-arabinose/isopropyl-beta-D-thiogalactopyranoside export protein",02000 Transporters,Protein families: signaling and cellular processes,Brite Hierarchies
chr_7811,"K06221  dkgA; 2,5-diketo-D-gluconate reductase A",99980 Enzymes with EC numbers,Unclassified: metabolism,Not Included in Pathway or Brite
chr_7817,K07148  K07148; uncharacterized protein,99997 Function unknown,Poorly characterized,Not Included in Pathway or Brite
chr_7819,K04093  pheA1; chorismate mutase,"00400 Phenylalanine, tyrosine and tryptophan biosynthesis",Amino acid metabolism,Metabolism
chr_7820,K07485  K07485; transposase,99976 Replication and repair,Unclassified: genetic information processing,Not Included in Pathway or Brite
chr_7838,"K03892  arsR; ArsR family transcriptional regulator, arsenate/arsenite/antimonite-responsive transcriptional repressor",03000 Transcription factors,Protein families: genetic information processing,Brite Hierarchies
chr_7839,"K03325  ACR3, arsB; arsenite transporter",02000 Transporters,Protein families: signaling and cellular processes,Brite Hierarchies
chr_7840,"K03741  arsC2, arsC; arsenate reductase (thioredoxin)",99980 Enzymes with EC numbers,Unclassified: metabolism,Not Included in Pathway or Brite
chr_7873,"K08167  smvA, qacA, lfrA; MFS transporter, DHA2 family, multidrug resistance protein",01504 Antimicrobial resistance genes,Protein families: signaling and cellular processes,Brite Hierarchies
chr_7873,"K08167  smvA, qacA, lfrA; MFS transporter, DHA2 family, multidrug resistance protein",02000 Transporters,Protein families: signaling and cellular processes,Brite Hierarchies
chr_7878,K01990  ABC-2.A; ABC-2 type transport system ATP-binding protein,02000 Transporters,Protein families: signaling and cellular processes,Brite Hierarchies
chr_7879,K07979  ytrA; GntR family transcriptional regulator,03000 Transcription factors,Protein families: genetic information processing,Brite Hierarchies
chr_7881,K01990  ABC-2.A; ABC-2 type transport system ATP-binding protein,02000 Transporters,Protein families: signaling and cellular processes,Brite Hierarchies
chr_7884,"K18135  nalD; TetR/AcrR family transcriptional regulator, repressor of the mexAB-oprM multidrug resistance operon",01501 beta-Lactam resistance,Drug resistance: antimicrobial,Human Diseases
chr_7884,"K18135  nalD; TetR/AcrR family transcriptional regulator, repressor of the mexAB-oprM multidrug resistance operon",03000 Transcription factors,Protein families: genetic information processing,Brite Hierarchies
chr_7889,"K02488  pleD; two-component system, cell cycle response regulator",02020 Two-component system,Signal transduction,Environmental Information Processing
chr_7889,"K02488  pleD; two-component system, cell cycle response regulator",04112 Cell cycle - Caulobacter,Cell growth and death,Cellular Processes
chr_7889,"K02488  pleD; two-component system, cell cycle response regulator",02022 Two-component system,Protein families: signaling and cellular processes,Brite Hierarchies
chr_7891,K02039  phoU; phosphate transport system protein,99994 Others,Unclassified: signaling and cellular processes,Not Included in Pathway or Brite
chr_7893,K02036  pstB; phosphate transport system ATP-binding protein,02010 ABC transporters,Membrane transport,Environmental Information Processing
chr_7893,K02036  pstB; phosphate transport system ATP-binding protein,02000 Transporters,Protein families: signaling and cellular processes,Brite Hierarchies
chr_7894,K02038  pstA; phosphate transport system permease protein,02010 ABC transporters,Membrane transport,Environmental Information Processing
chr_7894,K02038  pstA; phosphate transport system permease protein,02000 Transporters,Protein families: signaling and cellular processes,Brite Hierarchies
chr_7895,K02037  pstC; phosphate transport system permease protein,02010 ABC transporters,Membrane transport,Environmental Information Processing
chr_7895,K02037  pstC; phosphate transport system permease protein,02000 Transporters,Protein families: signaling and cellular processes,Brite Hierarchies
chr_7896,K02040  pstS; phosphate transport system substrate-binding protein,02010 ABC transporters,Membrane transport,Environmental Information Processing
chr_7896,K02040  pstS; phosphate transport system substrate-binding protein,02020 Two-component system,Signal transduction,Environmental Information Processing
chr_7896,K02040  pstS; phosphate transport system substrate-binding protein,05152 Tuberculosis,Infectious disease: bacterial,Human Diseases
chr_7896,K02040  pstS; phosphate transport system substrate-binding protein,02000 Transporters,Protein families: signaling and cellular processes,Brite Hierarchies
chr_7898,K15520  mshD; mycothiol synthase,99980 Enzymes with EC numbers,Unclassified: metabolism,Not Included in Pathway or Brite
chr_7899,"K03294  TC.APA; basic amino acid/polyamine antiporter, APA family",99977 Transport,Unclassified: signaling and cellular processes,Not Included in Pathway or Brite
chr_7906,"K01011  TST, MPST, sseA; thiosulfate/3-mercaptopyruvate sulfurtransferase",00270 Cysteine and methionine metabolism,Amino acid metabolism,Metabolism
chr_7906,"K01011  TST, MPST, sseA; thiosulfate/3-mercaptopyruvate sulfurtransferase",00920 Sulfur metabolism,Energy metabolism,Metabolism
chr_7906,"K01011  TST, MPST, sseA; thiosulfate/3-mercaptopyruvate sulfurtransferase",04122 Sulfur relay system,"Folding, sorting and degradation",Genetic Information Processing
chr_7912,K02619  pabC; 4-amino-4-deoxychorismate lyase,00790 Folate biosynthesis,Metabolism of cofactors and vitamins,Metabolism
chr_7913,"K03711  fur, zur, furB; Fur family transcriptional regulator, ferric uptake regulator",03000 Transcription factors,Protein families: genetic information processing,Brite Hierarchies
chr_7914,K06980  ygfZ; tRNA-modifying protein YgfZ,03016 Transfer RNA biogenesis,Protein families: genetic information processing,Brite Hierarchies
chr_7918,K01933  purM; phosphoribosylformylglycinamidine cyclo-ligase,00230 Purine metabolism,Nucleotide metabolism,Metabolism
chr_7919,"K00764  purF, PPAT; amidophosphoribosyltransferase","00250 Alanine, aspartate and glutamate metabolism",Amino acid metabolism,Metabolism
chr_7919,"K00764  purF, PPAT; amidophosphoribosyltransferase",00230 Purine metabolism,Nucleotide metabolism,Metabolism
chr_7919,"K00764  purF, PPAT; amidophosphoribosyltransferase",01002 Peptidases and inhibitors,Protein families: metabolism,Brite Hierarchies
chr_7923,K08299  caiD; crotonobetainyl-CoA hydratase,99980 Enzymes with EC numbers,Unclassified: metabolism,Not Included in Pathway or Brite
chr_7925,"K10854  acxB; acetone carboxylase, alpha subunit",99980 Enzymes with EC numbers,Unclassified: metabolism,Not Included in Pathway or Brite
chr_7926,"K10855  acxA; acetone carboxylase, beta subunit",99980 Enzymes with EC numbers,Unclassified: metabolism,Not Included in Pathway or Brite
chr_7928,K00054  mvaA; hydroxymethylglutaryl-CoA reductase,00900 Terpenoid backbone biosynthesis,Metabolism of terpenoids and polyketides,Metabolism
chr_7929,"K01640  E4.1.3.4, HMGCL, hmgL; hydroxymethylglutaryl-CoA lyase",00072 Synthesis and degradation of ketone bodies,Lipid metabolism,Metabolism
chr_7929,"K01640  E4.1.3.4, HMGCL, hmgL; hydroxymethylglutaryl-CoA lyase",00281 Geraniol degradation,Metabolism of terpenoids and polyketides,Metabolism
chr_7929,"K01640  E4.1.3.4, HMGCL, hmgL; hydroxymethylglutaryl-CoA lyase",00650 Butanoate metabolism,Carbohydrate metabolism,Metabolism
chr_7929,"K01640  E4.1.3.4, HMGCL, hmgL; hydroxymethylglutaryl-CoA lyase","00280 Valine, leucine and isoleucine degradation",Amino acid metabolism,Metabolism
chr_7929,"K01640  E4.1.3.4, HMGCL, hmgL; hydroxymethylglutaryl-CoA lyase",04146 Peroxisome,Transport and catabolism,Cellular Processes
chr_7932,K01336  E3.4.21.48; cerevisin,04138 Autophagy - yeast,Transport and catabolism,Cellular Processes
chr_7932,K01336  E3.4.21.48; cerevisin,03110 Chaperones and folding catalysts,Protein families: genetic information processing,Brite Hierarchies
chr_7932,K01336  E3.4.21.48; cerevisin,01002 Peptidases and inhibitors,Protein families: metabolism,Brite Hierarchies
chr_7941,K23269  purL; phosphoribosylformylglycinamidine synthase subunit PurL,00230 Purine metabolism,Nucleotide metabolism,Metabolism
chr_7942,K23265  purQ; phosphoribosylformylglycinamidine synthase subunit PurQ / glutaminase,00471 D-Glutamine and D-glutamate metabolism,Metabolism of other amino acids,Metabolism
chr_7942,K23265  purQ; phosphoribosylformylglycinamidine synthase subunit PurQ / glutaminase,00220 Arginine biosynthesis,Amino acid metabolism,Metabolism
chr_7942,K23265  purQ; phosphoribosylformylglycinamidine synthase subunit PurQ / glutaminase,00230 Purine metabolism,Nucleotide metabolism,Metabolism
chr_7942,K23265  purQ; phosphoribosylformylglycinamidine synthase subunit PurQ / glutaminase,"00250 Alanine, aspartate and glutamate metabolism",Amino acid metabolism,Metabolism
chr_7943,K23264  purS; phosphoribosylformylglycinamidine synthase subunit PurS,00230 Purine metabolism,Nucleotide metabolism,Metabolism
chr_7948,K06986  K06986; uncharacterized protein,99997 Function unknown,Poorly characterized,Not Included in Pathway or Brite
chr_7949,K01923  purC; phosphoribosylaminoimidazole-succinocarboxamide synthase,00230 Purine metabolism,Nucleotide metabolism,Metabolism
chr_7951,"K01756  purB, ADSL; adenylosuccinate lyase","00250 Alanine, aspartate and glutamate metabolism",Amino acid metabolism,Metabolism
chr_7951,"K01756  purB, ADSL; adenylosuccinate lyase",00230 Purine metabolism,Nucleotide metabolism,Metabolism
chr_7952,K01733  thrC; threonine synthase,00750 Vitamin B6 metabolism,Metabolism of cofactors and vitamins,Metabolism
chr_7952,K01733  thrC; threonine synthase,"00260 Glycine, serine and threonine metabolism",Amino acid metabolism,Metabolism
chr_7957,K11741  sugE; quaternary ammonium compound-resistance protein SugE,02000 Transporters,Protein families: signaling and cellular processes,Brite Hierarchies
chr_7961,K01620  ltaE; threonine aldolase,"00260 Glycine, serine and threonine metabolism",Amino acid metabolism,Metabolism
chr_7968,K01945  purD; phosphoribosylamine---glycine ligase,00230 Purine metabolism,Nucleotide metabolism,Metabolism
chr_7970,"K01126  E3.1.4.46, glpQ, ugpQ; glycerophosphoryl diester phosphodiesterase",00564 Glycerophospholipid metabolism,Lipid metabolism,Metabolism
chr_7972,"K01939  purA, ADSS; adenylosuccinate synthase","00250 Alanine, aspartate and glutamate metabolism",Amino acid metabolism,Metabolism
chr_7972,"K01939  purA, ADSS; adenylosuccinate synthase",00230 Purine metabolism,Nucleotide metabolism,Metabolism
chr_7978,"K01624  FBA, fbaA; fructose-bisphosphate aldolase, class II",00680 Methane metabolism,Energy metabolism,Metabolism
chr_7978,"K01624  FBA, fbaA; fructose-bisphosphate aldolase, class II",00010 Glycolysis / Gluconeogenesis,Carbohydrate metabolism,Metabolism
chr_7978,"K01624  FBA, fbaA; fructose-bisphosphate aldolase, class II",00030 Pentose phosphate pathway,Carbohydrate metabolism,Metabolism
chr_7978,"K01624  FBA, fbaA; fructose-bisphosphate aldolase, class II",00710 Carbon fixation in photosynthetic organisms,Energy metabolism,Metabolism
chr_7978,"K01624  FBA, fbaA; fructose-bisphosphate aldolase, class II",00051 Fructose and mannose metabolism,Carbohydrate metabolism,Metabolism
chr_7982,"K01443  nagA, AMDHD2; N-acetylglucosamine-6-phosphate deacetylase",00520 Amino sugar and nucleotide sugar metabolism,Carbohydrate metabolism,Metabolism
chr_7984,K03975  dedA; membrane-associated protein,99996 General function prediction only,Poorly characterized,Not Included in Pathway or Brite
chr_7987,K00762  pyrE; orotate phosphoribosyltransferase,00240 Pyrimidine metabolism,Nucleotide metabolism,Metabolism
chr_7988,K07124  K07124; uncharacterized protein,99997 Function unknown,Poorly characterized,Not Included in Pathway or Brite
chr_7992,K03695  clpB; ATP-dependent Clp protease ATP-binding subunit ClpB,04213 Longevity regulating pathway - multiple species,Aging,Organismal Systems
chr_7992,K03695  clpB; ATP-dependent Clp protease ATP-binding subunit ClpB,03110 Chaperones and folding catalysts,Protein families: genetic information processing,Brite Hierarchies
chr_8003,"K13640  hspR; MerR family transcriptional regulator, heat shock protein HspR",03000 Transcription factors,Protein families: genetic information processing,Brite Hierarchies
chr_8004,K03686  dnaJ; molecular chaperone DnaJ,03029 Mitochondrial biogenesis,Protein families: genetic information processing,Brite Hierarchies
chr_8004,K03686  dnaJ; molecular chaperone DnaJ,03110 Chaperones and folding catalysts,Protein families: genetic information processing,Brite Hierarchies
chr_8005,K03687  GRPE; molecular chaperone GrpE,03110 Chaperones and folding catalysts,Protein families: genetic information processing,Brite Hierarchies
chr_8005,K03687  GRPE; molecular chaperone GrpE,03029 Mitochondrial biogenesis,Protein families: genetic information processing,Brite Hierarchies
chr_8006,"K04043  dnaK, HSPA9; molecular chaperone DnaK",03018 RNA degradation,"Folding, sorting and degradation",Genetic Information Processing
chr_8006,"K04043  dnaK, HSPA9; molecular chaperone DnaK",04212 Longevity regulating pathway - worm,Aging,Organismal Systems
chr_8006,"K04043  dnaK, HSPA9; molecular chaperone DnaK",05152 Tuberculosis,Infectious disease: bacterial,Human Diseases
chr_8006,"K04043  dnaK, HSPA9; molecular chaperone DnaK",04147 Exosome,Protein families: signaling and cellular processes,Brite Hierarchies
chr_8006,"K04043  dnaK, HSPA9; molecular chaperone DnaK",03110 Chaperones and folding catalysts,Protein families: genetic information processing,Brite Hierarchies
chr_8006,"K04043  dnaK, HSPA9; molecular chaperone DnaK",03029 Mitochondrial biogenesis,Protein families: genetic information processing,Brite Hierarchies
chr_8006,"K04043  dnaK, HSPA9; molecular chaperone DnaK",03019 Messenger RNA biogenesis,Protein families: genetic information processing,Brite Hierarchies
chr_8008,"K23518  MACROD, ymdB; O-acetyl-ADP-ribose deacetylase",99980 Enzymes with EC numbers,Unclassified: metabolism,Not Included in Pathway or Brite
chr_8010,"K03297  emrE, qac, mmr, smr; small multidrug resistance pump",02000 Transporters,Protein families: signaling and cellular processes,Brite Hierarchies
chr_8020,K01494  dcd; dCTP deaminase,00240 Pyrimidine metabolism,Nucleotide metabolism,Metabolism
chr_8027,"K03574  mutT, NUDT15, MTH2; 8-oxo-dGTP diphosphatase",03400 DNA repair and recombination proteins,Protein families: genetic information processing,Brite Hierarchies
chr_8043,K01560  E3.8.1.2; 2-haloacid dehalogenase,00361 Chlorocyclohexane and chlorobenzene degradation,Xenobiotics biodegradation and metabolism,Metabolism
chr_8043,K01560  E3.8.1.2; 2-haloacid dehalogenase,00625 Chloroalkane and chloroalkene degradation,Xenobiotics biodegradation and metabolism,Metabolism
chr_8046,K02549  menC; O-succinylbenzoate synthase,00130 Ubiquinone and other terpenoid-quinone biosynthesis,Metabolism of cofactors and vitamins,Metabolism
chr_8049,K02314  dnaB; replicative DNA helicase,03030 DNA replication,Replication and repair,Genetic Information Processing
chr_8049,K02314  dnaB; replicative DNA helicase,04112 Cell cycle - Caulobacter,Cell growth and death,Cellular Processes
chr_8049,K02314  dnaB; replicative DNA helicase,03032 DNA replication proteins,Protein families: genetic information processing,Brite Hierarchies
chr_8050,"K02939  RP-L9, MRPL9, rplI; large subunit ribosomal protein L9",03010 Ribosome,Translation,Genetic Information Processing
chr_8050,"K02939  RP-L9, MRPL9, rplI; large subunit ribosomal protein L9",03011 Ribosome,Protein families: genetic information processing,Brite Hierarchies
chr_8051,"K02963  RP-S18, MRPS18, rpsR; small subunit ribosomal protein S18",03010 Ribosome,Translation,Genetic Information Processing
chr_8051,"K02963  RP-S18, MRPS18, rpsR; small subunit ribosomal protein S18",03011 Ribosome,Protein families: genetic information processing,Brite Hierarchies
chr_8052,K03111  ssb; single-strand DNA-binding protein,03430 Mismatch repair,Replication and repair,Genetic Information Processing
chr_8052,K03111  ssb; single-strand DNA-binding protein,03030 DNA replication,Replication and repair,Genetic Information Processing
chr_8052,K03111  ssb; single-strand DNA-binding protein,03440 Homologous recombination,Replication and repair,Genetic Information Processing
chr_8052,K03111  ssb; single-strand DNA-binding protein,03029 Mitochondrial biogenesis,Protein families: genetic information processing,Brite Hierarchies
chr_8052,K03111  ssb; single-strand DNA-binding protein,03400 DNA repair and recombination proteins,Protein families: genetic information processing,Brite Hierarchies
chr_8052,K03111  ssb; single-strand DNA-binding protein,03032 DNA replication proteins,Protein families: genetic information processing,Brite Hierarchies
chr_8053,"K02990  RP-S6, MRPS6, rpsF; small subunit ribosomal protein S6",03010 Ribosome,Translation,Genetic Information Processing
chr_8053,"K02990  RP-S6, MRPS6, rpsF; small subunit ribosomal protein S6",03029 Mitochondrial biogenesis,Protein families: genetic information processing,Brite Hierarchies
chr_8053,"K02990  RP-S6, MRPS6, rpsF; small subunit ribosomal protein S6",03011 Ribosome,Protein families: genetic information processing,Brite Hierarchies
chr_8055,K01151  nfo; deoxyribonuclease IV,03410 Base excision repair,Replication and repair,Genetic Information Processing
chr_8055,K01151  nfo; deoxyribonuclease IV,03400 DNA repair and recombination proteins,Protein families: genetic information processing,Brite Hierarchies
chr_8058,K01240  URH1; uridine nucleosidase,00760 Nicotinate and nicotinamide metabolism,Metabolism of cofactors and vitamins,Metabolism
chr_8058,K01240  URH1; uridine nucleosidase,00240 Pyrimidine metabolism,Nucleotide metabolism,Metabolism
chr_8059,"K21743  mta; MerR family transcriptional regulator, multidrug-efflux activator",03000 Transcription factors,Protein families: genetic information processing,Brite Hierarchies
chr_8061,K09137  K09137; uncharacterized protein,99997 Function unknown,Poorly characterized,Not Included in Pathway or Brite
chr_8062,"K06199  crcB, FEX; fluoride exporter",02000 Transporters,Protein families: signaling and cellular processes,Brite Hierarchies
chr_8070,"K08221  yitG, ymfD, yfmO; MFS transporter, ACDE family, multidrug resistance protein",02000 Transporters,Protein families: signaling and cellular processes,Brite Hierarchies
chr_8075,"K00561  ermC, ermA; 23S rRNA (adenine-N6)-dimethyltransferase",03009 Ribosome biogenesis,Protein families: genetic information processing,Brite Hierarchies
chr_8075,"K00561  ermC, ermA; 23S rRNA (adenine-N6)-dimethyltransferase",01504 Antimicrobial resistance genes,Protein families: signaling and cellular processes,Brite Hierarchies
chr_8078,K07093  K07093; uncharacterized protein,99997 Function unknown,Poorly characterized,Not Included in Pathway or Brite
chr_8079,"K02511  hpaX; MFS transporter, ACS family, 4-hydroxyphenylacetate permease",02000 Transporters,Protein families: signaling and cellular processes,Brite Hierarchies
chr_8080,K16216  yueD; benzil reductase ((S)-benzoin forming),99980 Enzymes with EC numbers,Unclassified: metabolism,Not Included in Pathway or Brite
chr_8081,K12960  mtaD; 5-methylthioadenosine/S-adenosylhomocysteine deaminase,00270 Cysteine and methionine metabolism,Amino acid metabolism,Metabolism
chr_8083,"K07689  uvrY, gacA, varA; two-component system, NarL family, invasion response regulator UvrY",02020 Two-component system,Signal transduction,Environmental Information Processing
chr_8083,"K07689  uvrY, gacA, varA; two-component system, NarL family, invasion response regulator UvrY",05111 Biofilm formation - Vibrio cholerae,Cellular community - prokaryotes,Cellular Processes
chr_8083,"K07689  uvrY, gacA, varA; two-component system, NarL family, invasion response regulator UvrY",02025 Biofilm formation - Pseudomonas aeruginosa,Cellular community - prokaryotes,Cellular Processes
chr_8083,"K07689  uvrY, gacA, varA; two-component system, NarL family, invasion response regulator UvrY",02026 Biofilm formation - Escherichia coli,Cellular community - prokaryotes,Cellular Processes
chr_8083,"K07689  uvrY, gacA, varA; two-component system, NarL family, invasion response regulator UvrY",02022 Two-component system,Protein families: signaling and cellular processes,Brite Hierarchies
chr_8085,K02003  ABC.CD.A; putative ABC transport system ATP-binding protein,02000 Transporters,Protein families: signaling and cellular processes,Brite Hierarchies
chr_8090,"K03439  trmB, METTL1, TRM8; tRNA (guanine-N7-)-methyltransferase",03016 Transfer RNA biogenesis,Protein families: genetic information processing,Brite Hierarchies
chr_8095,K01990  ABC-2.A; ABC-2 type transport system ATP-binding protein,02000 Transporters,Protein families: signaling and cellular processes,Brite Hierarchies
chr_8097,"K02479  K02479; two-component system, NarL family, response regulator",02022 Two-component system,Protein families: signaling and cellular processes,Brite Hierarchies
chr_8117,"K01596  E4.1.1.32, pckA, PCK; phosphoenolpyruvate carboxykinase (GTP)",00010 Glycolysis / Gluconeogenesis,Carbohydrate metabolism,Metabolism
chr_8117,"K01596  E4.1.1.32, pckA, PCK; phosphoenolpyruvate carboxykinase (GTP)",00020 Citrate cycle (TCA cycle),Carbohydrate metabolism,Metabolism
chr_8117,"K01596  E4.1.1.32, pckA, PCK; phosphoenolpyruvate carboxykinase (GTP)",00620 Pyruvate metabolism,Carbohydrate metabolism,Metabolism
chr_8117,"K01596  E4.1.1.32, pckA, PCK; phosphoenolpyruvate carboxykinase (GTP)",04152 AMPK signaling pathway,Signal transduction,Environmental Information Processing
chr_8117,"K01596  E4.1.1.32, pckA, PCK; phosphoenolpyruvate carboxykinase (GTP)",04068 FoxO signaling pathway,Signal transduction,Environmental Information Processing
chr_8117,"K01596  E4.1.1.32, pckA, PCK; phosphoenolpyruvate carboxykinase (GTP)",04151 PI3K-Akt signaling pathway,Signal transduction,Environmental Information Processing
chr_8117,"K01596  E4.1.1.32, pckA, PCK; phosphoenolpyruvate carboxykinase (GTP)",03320 PPAR signaling pathway,Endocrine system,Organismal Systems
chr_8117,"K01596  E4.1.1.32, pckA, PCK; phosphoenolpyruvate carboxykinase (GTP)",04910 Insulin signaling pathway,Endocrine system,Organismal Systems
chr_8117,"K01596  E4.1.1.32, pckA, PCK; phosphoenolpyruvate carboxykinase (GTP)",04922 Glucagon signaling pathway,Endocrine system,Organismal Systems
chr_8117,"K01596  E4.1.1.32, pckA, PCK; phosphoenolpyruvate carboxykinase (GTP)",04920 Adipocytokine signaling pathway,Endocrine system,Organismal Systems
chr_8117,"K01596  E4.1.1.32, pckA, PCK; phosphoenolpyruvate carboxykinase (GTP)",04964 Proximal tubule bicarbonate reclamation,Excretory system,Organismal Systems
chr_8117,"K01596  E4.1.1.32, pckA, PCK; phosphoenolpyruvate carboxykinase (GTP)",04931 Insulin resistance,Endocrine and metabolic disease,Human Diseases
chr_8121,K02025  ABC.MS.P; multiple sugar transport system permease protein,02000 Transporters,Protein families: signaling and cellular processes,Brite Hierarchies
chr_8134,K10038  glnQ; glutamine transport system ATP-binding protein,02010 ABC transporters,Membrane transport,Environmental Information Processing
chr_8134,K10038  glnQ; glutamine transport system ATP-binding protein,02000 Transporters,Protein families: signaling and cellular processes,Brite Hierarchies
chr_8135,K17077  artQ; arginine/lysine/histidine transport system permease protein,02010 ABC transporters,Membrane transport,Environmental Information Processing
chr_8135,K17077  artQ; arginine/lysine/histidine transport system permease protein,02000 Transporters,Protein families: signaling and cellular processes,Brite Hierarchies
chr_8136,K02030  ABC.PA.S; polar amino acid transport system substrate-binding protein,02000 Transporters,Protein families: signaling and cellular processes,Brite Hierarchies
chr_8144,"K00626  E2.3.1.9, atoB; acetyl-CoA C-acetyltransferase",00650 Butanoate metabolism,Carbohydrate metabolism,Metabolism
chr_8144,"K00626  E2.3.1.9, atoB; acetyl-CoA C-acetyltransferase",00630 Glyoxylate and dicarboxylate metabolism,Carbohydrate metabolism,Metabolism
chr_8144,"K00626  E2.3.1.9, atoB; acetyl-CoA C-acetyltransferase",00071 Fatty acid degradation,Lipid metabolism,Metabolism
chr_8144,"K00626  E2.3.1.9, atoB; acetyl-CoA C-acetyltransferase",00900 Terpenoid backbone biosynthesis,Metabolism of terpenoids and polyketides,Metabolism
chr_8144,"K00626  E2.3.1.9, atoB; acetyl-CoA C-acetyltransferase",00072 Synthesis and degradation of ketone bodies,Lipid metabolism,Metabolism
chr_8144,"K00626  E2.3.1.9, atoB; acetyl-CoA C-acetyltransferase",00640 Propanoate metabolism,Carbohydrate metabolism,Metabolism
chr_8144,"K00626  E2.3.1.9, atoB; acetyl-CoA C-acetyltransferase",00620 Pyruvate metabolism,Carbohydrate metabolism,Metabolism
chr_8144,"K00626  E2.3.1.9, atoB; acetyl-CoA C-acetyltransferase",00310 Lysine degradation,Amino acid metabolism,Metabolism
chr_8144,"K00626  E2.3.1.9, atoB; acetyl-CoA C-acetyltransferase",00720 Carbon fixation pathways in prokaryotes,Energy metabolism,Metabolism
chr_8144,"K00626  E2.3.1.9, atoB; acetyl-CoA C-acetyltransferase",00380 Tryptophan metabolism,Amino acid metabolism,Metabolism
chr_8144,"K00626  E2.3.1.9, atoB; acetyl-CoA C-acetyltransferase","00280 Valine, leucine and isoleucine degradation",Amino acid metabolism,Metabolism
chr_8144,"K00626  E2.3.1.9, atoB; acetyl-CoA C-acetyltransferase",00362 Benzoate degradation,Xenobiotics biodegradation and metabolism,Metabolism
chr_8144,"K00626  E2.3.1.9, atoB; acetyl-CoA C-acetyltransferase",02020 Two-component system,Signal transduction,Environmental Information Processing
chr_8144,"K00626  E2.3.1.9, atoB; acetyl-CoA C-acetyltransferase",04147 Exosome,Protein families: signaling and cellular processes,Brite Hierarchies
chr_8145,"K00059  fabG, OAR1; 3-oxoacyl-[acyl-carrier protein] reductase",00061 Fatty acid biosynthesis,Lipid metabolism,Metabolism
chr_8145,"K00059  fabG, OAR1; 3-oxoacyl-[acyl-carrier protein] reductase",00333 Prodigiosin biosynthesis,Biosynthesis of other secondary metabolites,Metabolism
chr_8145,"K00059  fabG, OAR1; 3-oxoacyl-[acyl-carrier protein] reductase",00780 Biotin metabolism,Metabolism of cofactors and vitamins,Metabolism
chr_8145,"K00059  fabG, OAR1; 3-oxoacyl-[acyl-carrier protein] reductase",01004 Lipid biosynthesis proteins,Protein families: metabolism,Brite Hierarchies
chr_8157,"K00627  DLAT, aceF, pdhC; pyruvate dehydrogenase E2 component (dihydrolipoamide acetyltransferase)",00020 Citrate cycle (TCA cycle),Carbohydrate metabolism,Metabolism
chr_8157,"K00627  DLAT, aceF, pdhC; pyruvate dehydrogenase E2 component (dihydrolipoamide acetyltransferase)",00620 Pyruvate metabolism,Carbohydrate metabolism,Metabolism
chr_8157,"K00627  DLAT, aceF, pdhC; pyruvate dehydrogenase E2 component (dihydrolipoamide acetyltransferase)",00010 Glycolysis / Gluconeogenesis,Carbohydrate metabolism,Metabolism
chr_8158,"K00167  BCKDHB, bkdA2; 2-oxoisovalerate dehydrogenase E1 component beta subunit",00640 Propanoate metabolism,Carbohydrate metabolism,Metabolism
chr_8158,"K00167  BCKDHB, bkdA2; 2-oxoisovalerate dehydrogenase E1 component beta subunit","00280 Valine, leucine and isoleucine degradation",Amino acid metabolism,Metabolism
chr_8159,"K00166  BCKDHA, bkdA1; 2-oxoisovalerate dehydrogenase E1 component alpha subunit","00280 Valine, leucine and isoleucine degradation",Amino acid metabolism,Metabolism
chr_8159,"K00166  BCKDHA, bkdA1; 2-oxoisovalerate dehydrogenase E1 component alpha subunit",00640 Propanoate metabolism,Carbohydrate metabolism,Metabolism
chr_8174,"K01858  INO1, ISYNA1; myo-inositol-1-phosphate synthase",00562 Inositol phosphate metabolism,Carbohydrate metabolism,Metabolism
chr_8174,"K01858  INO1, ISYNA1; myo-inositol-1-phosphate synthase",00521 Streptomycin biosynthesis,Biosynthesis of other secondary metabolites,Metabolism
chr_8179,K20469  K20469; putative heme transporter,02000 Transporters,Protein families: signaling and cellular processes,Brite Hierarchies
chr_8180,K18968  adrA; diguanylate cyclase,02026 Biofilm formation - Escherichia coli,Cellular community - prokaryotes,Cellular Processes
chr_8180,K18968  adrA; diguanylate cyclase,02000 Transporters,Protein families: signaling and cellular processes,Brite Hierarchies
chr_8188,"K08483  PTS-EI.PTSI, ptsI; phosphotransferase system, enzyme I, PtsI",02060 Phosphotransferase system (PTS),Membrane transport,Environmental Information Processing
chr_8188,"K08483  PTS-EI.PTSI, ptsI; phosphotransferase system, enzyme I, PtsI",02000 Transporters,Protein families: signaling and cellular processes,Brite Hierarchies
chr_8198,"K00232  E1.3.3.6, ACOX1, ACOX3; acyl-CoA oxidase",00410 beta-Alanine metabolism,Metabolism of other amino acids,Metabolism
chr_8198,"K00232  E1.3.3.6, ACOX1, ACOX3; acyl-CoA oxidase",00640 Propanoate metabolism,Carbohydrate metabolism,Metabolism
chr_8198,"K00232  E1.3.3.6, ACOX1, ACOX3; acyl-CoA oxidase",00071 Fatty acid degradation,Lipid metabolism,Metabolism
chr_8198,"K00232  E1.3.3.6, ACOX1, ACOX3; acyl-CoA oxidase",00592 alpha-Linolenic acid metabolism,Lipid metabolism,Metabolism
chr_8198,"K00232  E1.3.3.6, ACOX1, ACOX3; acyl-CoA oxidase",01040 Biosynthesis of unsaturated fatty acids,Lipid metabolism,Metabolism
chr_8198,"K00232  E1.3.3.6, ACOX1, ACOX3; acyl-CoA oxidase",04024 cAMP signaling pathway,Signal transduction,Environmental Information Processing
chr_8198,"K00232  E1.3.3.6, ACOX1, ACOX3; acyl-CoA oxidase",04146 Peroxisome,Transport and catabolism,Cellular Processes
chr_8198,"K00232  E1.3.3.6, ACOX1, ACOX3; acyl-CoA oxidase",03320 PPAR signaling pathway,Endocrine system,Organismal Systems
chr_8200,"K01869  LARS, leuS; leucyl-tRNA synthetase",00970 Aminoacyl-tRNA biosynthesis,Translation,Genetic Information Processing
chr_8200,"K01869  LARS, leuS; leucyl-tRNA synthetase",03016 Transfer RNA biogenesis,Protein families: genetic information processing,Brite Hierarchies
chr_8200,"K01869  LARS, leuS; leucyl-tRNA synthetase",01007 Amino acid related enzymes,Protein families: metabolism,Brite Hierarchies
chr_8200,"K01869  LARS, leuS; leucyl-tRNA synthetase",03029 Mitochondrial biogenesis,Protein families: genetic information processing,Brite Hierarchies
chr_8202,K03427  hsdM; type I restriction enzyme M protein,02048 Prokaryotic defense system,Protein families: signaling and cellular processes,Brite Hierarchies
chr_8205,K03284  corA; magnesium transporter,02000 Transporters,Protein families: signaling and cellular processes,Brite Hierarchies
chr_8206,K07735  algH; putative transcriptional regulator,03000 Transcription factors,Protein families: genetic information processing,Brite Hierarchies
chr_8207,K00970  pcnB; poly(A) polymerase,03018 RNA degradation,"Folding, sorting and degradation",Genetic Information Processing
chr_8207,K00970  pcnB; poly(A) polymerase,03019 Messenger RNA biogenesis,Protein families: genetic information processing,Brite Hierarchies
chr_8210,"K03980  murJ, mviN; putative peptidoglycan lipid II flippase",02000 Transporters,Protein families: signaling and cellular processes,Brite Hierarchies
chr_8210,"K03980  murJ, mviN; putative peptidoglycan lipid II flippase",01011 Peptidoglycan biosynthesis and degradation proteins,Protein families: metabolism,Brite Hierarchies
chr_8212,"K03088  rpoE; RNA polymerase sigma-70 factor, ECF subfamily",03021 Transcription machinery,Protein families: genetic information processing,Brite Hierarchies
chr_8214,"K00384  trxB, TRR; thioredoxin reductase (NADPH)",00450 Selenocompound metabolism,Metabolism of other amino acids,Metabolism
chr_8215,K03671  trxA; thioredoxin 1,04621 NOD-like receptor signaling pathway,Immune system,Organismal Systems
chr_8215,K03671  trxA; thioredoxin 1,05418 Fluid shear stress and atherosclerosis,Cardiovascular disease,Human Diseases
chr_8215,K03671  trxA; thioredoxin 1,03110 Chaperones and folding catalysts,Protein families: genetic information processing,Brite Hierarchies
chr_8216,K01448  amiABC; N-acetylmuramoyl-L-alanine amidase,01503 Cationic antimicrobial peptide (CAMP) resistance,Drug resistance: antimicrobial,Human Diseases
chr_8216,K01448  amiABC; N-acetylmuramoyl-L-alanine amidase,01011 Peptidoglycan biosynthesis and degradation proteins,Protein families: metabolism,Brite Hierarchies
chr_8216,K01448  amiABC; N-acetylmuramoyl-L-alanine amidase,03036 Chromosome and associated proteins,Protein families: genetic information processing,Brite Hierarchies
chr_8218,K05825  LYSN; 2-aminoadipate transaminase,00300 Lysine biosynthesis,Amino acid metabolism,Metabolism
chr_8219,K01921  ddl; D-alanine-D-alanine ligase,00473 D-Alanine metabolism,Metabolism of other amino acids,Metabolism
chr_8219,K01921  ddl; D-alanine-D-alanine ligase,00550 Peptidoglycan biosynthesis,Glycan biosynthesis and metabolism,Metabolism
chr_8219,K01921  ddl; D-alanine-D-alanine ligase,01502 Vancomycin resistance,Drug resistance: antimicrobial,Human Diseases
chr_8219,K01921  ddl; D-alanine-D-alanine ligase,01011 Peptidoglycan biosynthesis and degradation proteins,Protein families: metabolism,Brite Hierarchies
chr_8220,"K03497  parB, spo0J; ParB family transcriptional regulator, chromosome partitioning protein",04812 Cytoskeleton proteins,Protein families: signaling and cellular processes,Brite Hierarchies
chr_8220,"K03497  parB, spo0J; ParB family transcriptional regulator, chromosome partitioning protein",03036 Chromosome and associated proteins,Protein families: genetic information processing,Brite Hierarchies
chr_8220,"K03497  parB, spo0J; ParB family transcriptional regulator, chromosome partitioning protein",03000 Transcription factors,Protein families: genetic information processing,Brite Hierarchies
chr_8221,"K03496  parA, soj; chromosome partitioning protein",03036 Chromosome and associated proteins,Protein families: genetic information processing,Brite Hierarchies
chr_8221,"K03496  parA, soj; chromosome partitioning protein",04812 Cytoskeleton proteins,Protein families: signaling and cellular processes,Brite Hierarchies
chr_8222,"K03501  gidB, rsmG; 16S rRNA (guanine527-N7)-methyltransferase",03009 Ribosome biogenesis,Protein families: genetic information processing,Brite Hierarchies
chr_8222,"K03501  gidB, rsmG; 16S rRNA (guanine527-N7)-methyltransferase",03036 Chromosome and associated proteins,Protein families: genetic information processing,Brite Hierarchies
chr_8223,K06346  jag; spoIIIJ-associated protein,99978 Cell growth,Unclassified: signaling and cellular processes,Not Included in Pathway or Brite
chr_8224,"K03217  yidC, spoIIIJ, OXA1, ccfA; YidC/Oxa1 family membrane protein insertase",03060 Protein export,"Folding, sorting and degradation",Genetic Information Processing
chr_8224,"K03217  yidC, spoIIIJ, OXA1, ccfA; YidC/Oxa1 family membrane protein insertase",03070 Bacterial secretion system,Membrane transport,Environmental Information Processing
chr_8224,"K03217  yidC, spoIIIJ, OXA1, ccfA; YidC/Oxa1 family membrane protein insertase",02024 Quorum sensing,Cellular community - prokaryotes,Cellular Processes
chr_8224,"K03217  yidC, spoIIIJ, OXA1, ccfA; YidC/Oxa1 family membrane protein insertase",03029 Mitochondrial biogenesis,Protein families: genetic information processing,Brite Hierarchies
chr_8224,"K03217  yidC, spoIIIJ, OXA1, ccfA; YidC/Oxa1 family membrane protein insertase",02044 Secretion system,Protein families: signaling and cellular processes,Brite Hierarchies
chr_8225,K08998  K08998; uncharacterized protein,99997 Function unknown,Poorly characterized,Not Included in Pathway or Brite
