Metabolite ID,Name,Formula/Composition,Compartment,PubChem ID,Canonical SMILES
C00345,6-Phospho-D-gluconate,C6H13O10P,Cytosol,3638,CN1CCC2=CC3=C(C=C2C1O)OCO3
C00006,NADP+,C21H29N7O17P3,Cytosol,3308,CCC1=C2C(=CC=C1)C3=C(N2)C(OCC3)(CC)CC(=O)O
C00199,D-Ribulose 5-phosphate,C5H11O8P,Cytosol,3499,CN(C)CCCN1C=C(C2=C1C=CC(=C2)OC)C3=C(C(=O)NC3=O)C4=CNC5=CC=CC=C54
C00011,CO2,CO2,Cytosol,3313,CC1C(CCC(N1C)(C)C)OC(=O)C(C2=CC=CC=C2)O
C00005,NADPH,C21H30N7O17P3,Cytosol,3307,CCC1=CC2=C(S1)N3C(=NN=C3CN=C2C4=CC=CC=C4Cl)C
C00080,H+,H,Cytosol,3380,CN1C(=O)CN=C(C2=C1C=CC(=C2)[N+](=O)[O-])C3=CC=CC=C3F
C00003,NAD+,C21H28N7O14P2,Cytosol,3305,CC(O)(P(=O)(O)O)P(=O)(O)O
C00004,NADH,C21H29N7O14P2,Cytosol,3306,CCNCC(C1=CC(=CC=C1)O)O
C00251,Chorismate,C10H10O6,Cytosol,3550,CC1CC(C(OC1C2CCC(O2)C3CC(C(O3)C4(CC(C5(O4)C(C(CC(O5)CC6C(C(C(C(O6)(C(C)C(=O)[O-])O)C)OC)C)OC)C)C)C)OC7CCC(C(O7)C)OC)(C)O)C.[Na+]
C00014,Ammonia,NH3,Cytosol,3316,CCCCCCOC1=CC=CC=C1C(=O)N
C00108,Anthranilate,C7H7NO2,Cytosol,3408,CC12CCC(=O)C(=C1CCC3C2CCC4(C3CCC4=O)C)O
C00022,Pyruvate,C3H4O3,Cytosol,3324,CC(=O)OCC(CCN1C=NC2=CN=C(N=C21)N)COC(=O)C
C00001,H2O,H2O,Cytosol,3303,CCOC1=C2C3=C(CC4C5C3(CCN4C)C(O2)C(C=C5)O)C=C1
C00064,L-Glutamine,C5H10N2O3,Cytosol,3364,CC1=C(C(=NO1)C2=C(C=CC=C2Cl)F)C(=O)NC3C4N(C3=O)C(C(S4)(C)C)C(=O)O
C00025,L-Glutamate,C5H9NO4,Cytosol,3327,
C05898,"Undecaprenyl-diphospho-N-acetylmuramoyl-(N-acetylglucosamine)-L-alanyl-D-glutamyl-meso-2,6-diaminopimeloyl-D-alanyl-D-alanine",C95H156N8O28P2,Cytosol,8186,CCCCCCCCCCC=O
C11827,[GlcNAc-(1->4)-Mur2Ac(oyl-L-Ala-g-D-Glu-A2pm-D-Ala-D-Ala)]n-diphosphoundecaprenol,C95H156N8O28P2(C40H64N8O21)n-1,Cytosol,13991,C1=CC(=C(C=C1Cl)N=NC2=C(C3=C(C=C(C=C3C=C2S(=O)(=O)[O-])S(=O)(=O)[O-])O)O)O.[Na+].[Na+]
C04574,"di-trans,poly-cis-Undecaprenyl diphosphate",C55H92O7P2,Cytosol,7175,CCCOC(=O)C1=CC=C(C=C1)O
G10555,Glycan,(GlcNAc)1 (MurNAc)1 (D-Ala-D-Ala-A2pm-gamma-D-Glu-Ala)1 (PP-Und)1,Cytosol,,
G10557,Glycan,(GlcNAc)1 (MurNAc)1 (*)1 (D-Ala-D-Ala-A2pm-gamma-D-Glu-Ala)1 (PP-Und)1,Cytosol,,
C00029,UDP-glucose,C15H24N2O17P2,Cytosol,3331,C1=CC=C(C=C1)C(COC(=O)N)COC(=O)N
C00167,UDP-glucuronate,C15H22N2O18P2,Cytosol,3467,CC(C1CCC(C(O1)OC2C(CC(C(C2O)OC3C(C(C(CO3)(C)O)NC)O)N)N)N)NC
C00051,Glutathione,C10H17N3O6S,Cytosol,3353,CC1CC(C2C(CC(C(O2)(C(=O)C(=O)N3CCCCC3C(=O)OC(C(C(CC(=O)C(C=C(C1)C)CCOC(=O)NCC4=CC=CC=C4)O)C)C(=CC5CCC(C(C5)OC)O)C)O)C)OC)OC
C01419,Cys-Gly,C5H10N2O3S,Cytosol,4606,CC1OC(CS1)C[N+](C)(C)C
C00151,L-Amino acid,C2H4NO2R,Cytosol,3451,CC(=CCCC1(C=CC2=C(C3=C(C(=C2O1)CC=C(C)C)OC45C6CC(C=C4C3=O)C(=O)C5(OC6(C)C)CC=C(C)C(=O)O)O)C)C
C03740,(5-L-Glutamyl)-L-amino acid,C7H11N2O5R,Cytosol,6503,C(C(CO)(CO)N)O
C03193,(5-L-Glutamyl)-peptide,C7H11N2O5R(C2H2NOR)n,Cytosol,6070,CC1CC(C(NC1)C(C)C2=C(C3=C(C=C2)C4CC=C5CC(CCC5(C4C3)C)O)C)O
C00245,Taurine,C2H7NO3S,Cytosol,3544,C1=CC2=C(C=CN=C2)C(=C1)S(=O)(=O)NCCN
C00012,Peptide,C2H4NO2R(C2H2NOR)n,Cytosol,3314,COC1=C(C=CC(=C1)CC=C)O
C05844,5-L-Glutamyl-taurine,C7H14N2O6S,Cytosol,8137,CCCCCCC#CC(=O)OC
C02166,Leukotriene C4,C30H47N3O9S,Cytosol,5241,CN(C)C=NC1=C(C=C(C(=C1I)CCC(=O)O)I)I
C00045,Amino acid,C2H4NO2R,Cytosol,3347,CC(C)C(C1=CC=C(C=C1)Cl)C(=O)OC(C#N)C2=CC(=CC=C2)OC3=CC=CC=C3
C05951,Leukotriene D4,C25H40N2O6S,Cytosol,8235,CC1=C2CCOC2=NC1=CC3=C(C(=C(N3)CC4=C(C(=C(N4)C=C5C(=C(C(=O)N5)C)C=C)C)CCC(=O)O)CCC(=O)O)C
C03363,5-L-Glutamyl amino acid,C7H11N2O5R,Cytosol,6200,C1=CC(=CC=C1C=O)C2=CC=C(C=C2)C=O
C02320,R-S-Glutathione,C10H16N3O6SR,Cytosol,5373,CC1(C(N2C(S1)C(C2=O)NC(=O)C(C3=CC=CC=C3)N)C(=O)OC4C5=CC=CC=C5C(=O)O4)C
C05729,R-S-Cysteinylglycine,C5H9N2O3SR,Cytosol,8031,CC(C)(CCC(C)(C)O)O
C02512,3-Cyano-L-alanine,C4H6N2O2,Cytosol,5522,CCCCNC1=C2C=NN(C2=NC(=C1C(=O)OCC)C)CC
C05711,gamma-Glutamyl-beta-cyanoalanine,C9H13N3O5,Cytosol,8018,COCCN
C05670,3-Aminopropiononitrile,C3H6N2,Cytosol,7978,C1=CN=C(N=C1)N
C06114,gamma-Glutamyl-beta-aminopropiononitrile,C8H13N3O3,Cytosol,8376,CC1=C(C=C(C=C1[N+](=O)[O-])[N+](=O)[O-])[N+](=O)[O-]
C05689,Se-Methyl-L-selenocysteine,C4H9NO2Se,Cytosol,7996,CC(C)OCCO
C05695,gamma-Glutamyl-Se-methylselenocysteine,C9H16N2O5Se,Cytosol,8002,CCCCBr
C00670,sn-Glycero-3-phosphocholine,C8H21NO6P,Cytosol,3939,[Li+].[OH-]
C00114,Choline,C5H14NO,Cytosol,3414,C(=O)([O-])P(=O)([O-])[O-]
C00093,sn-Glycerol 3-phosphate,C3H9O6P,Cytosol,3393,CCN(CC)CCN1C(=O)CN=C(C2=C1C=CC(=C2)Cl)C3=CC=CC=C3F
C01233,sn-Glycero-3-phosphoethanolamine,C5H14NO6P,Cytosol,4454,C1C(C(C(C(C1N)OC2C(C(C(C(O2)CN)O)O)N)OC3C(C(C(O3)CO)OC4C(C(C(C(O4)CN)O)O)N)O)O)N
C00189,Ethanolamine,C2H7NO,Cytosol,3489,CC(C)(C)C1=NN=C(S1)NS(=O)(=O)C2=CC=CC=C2
C00007,Oxygen,O2,Cytosol,3309,CCN1C(C2=CC=CC=C2C1=O)NC3=CC=C(C=C3)OCCN4CCCCC4
C14818,Fe2+,Fe,Cytosol,17395816,CC1=CC(=NO1)NC(=O)C(C)OC2=CC=C(C=C2)I
C14819,Fe3+,Fe,Cytosol,17395817,CC1=CC2=C(C=C1C)OC=C2CC(=O)NC3=CC=NN3CC4=CC=CC=C4
C00062,L-Arginine,C6H14N4O2,Cytosol,3362,CCC(=O)C1=C(C=C(C=C1O)O)O
C00327,L-Citrulline,C6H13N3O3,Cytosol,3621,C[N+]1=CC=CC=C1C(=O)O
C00390,Ubiquinol,C14H20O4(C5H8)n,Cytosol,3680,CC1CC2C3CCC4=CC(=O)C=CC4(C3(C(CC2(C1(C(=O)COC(=O)C)O)C)O)F)C
C00399,Ubiquinone,C14H18O4(C5H8)n,Cytosol,3689,CC(C(C1=CC=C(C=C1)O)O)N2CCC(CC2)CC3=CC=CC=C3
C00826,L-Arogenate,C10H13NO5,Cytosol,4084,CC1(C(N2C(S1)C(C2=O)NC(=O)C(C3=CC=CC=C3)N=C)C(=O)O)C
C00079,L-Phenylalanine,C9H11NO2,Cytosol,3379,CC1(OC2CC3C4CC(C5=CC(=O)C=CC5(C4C(CC3(C2(O1)C(=O)CO)C)O)C)F)C
C00254,Prephenate,C10H10O6,Cytosol,3553,CC1(OC2CC3C4CCC5=CC(=O)CCC5(C4(C(CC3(C2(O1)C(=O)CCl)C)O)F)C)C
C00166,Phenylpyruvate,C9H8O3,Cytosol,3466,C1=CC(=CC=C1C2=COC3=CC(=O)C=C(C3=C2O)O)O
C00052,UDP-alpha-D-galactose,C15H24N2O17P2,Cytosol,3354,CC1=C(OC2=C(C1=O)C=CC=C2C(=O)OCCN3CCCCC3)C4=CC=CC=C4
C03733,UDP-alpha-D-galactofuranose,C15H24N2O17P2,Cytosol,6496,C=CS(=O)(=O)C=C
C00935,UDP-L-arabinose,C14H22N2O16P2,Cytosol,4187,CC1CC2=C(C(=CC(=C2C(N1)C)O)O)C3=CC(=C(C4=C3C=C(C=C4OC)C)O)C5=C(C6=C(C=C(C=C6OC)C)C(=C5)C7=C8CC(N(C(C8=C(C=C7O)O)C)C)C)O
C18094,UDP-L-arabinofuranose,C14H22N2O16P2,Cytosol,96024311,CCOC(=O)CCC1C2=C(CCN1)C=C(C(=C2)C)C
G13125,Glycan,(UDP-Galf)1,Cytosol,,
G13121,Glycan,(Galf)2 (GlcNAc)1 (LRha)1 (PP-C50)1,Cytosol,,
G10619,Glycan,(UDP)1,Cytosol,,
G13122,Glycan,(Galf)3 (GlcNAc)1 (LRha)1 (PP-C50)1,Cytosol,,
C04895,"7,8-Dihydroneopterin 3'-triphosphate",C9H16N5O13P3,Cytosol,7446,C1=CC(=O)C(=N)C=C1N(O)O
C04874,"7,8-Dihydroneopterin",C9H13N5O4,Cytosol,7426,CC1=CC(=CC(=C1)[N+](=O)[O-])C
C00009,Orthophosphate,H3PO4,Cytosol,3311,CCSC(=NC1=CC=C(C=C1)C(F)(F)F)N
G13119,Glycan,(GlcNAc)1 (LRha)1 (PP-C50)1,Cytosol,,
G13120,Glycan,(Galf)1 (GlcNAc)1 (LRha)1 (PP-C50)1,Cytosol,,
C00026,2-Oxoglutarate,C5H6O5,Cytosol,3328,CC(=CCCC(=CCCC(=CCSCC(=O)O)C)C)C
C00082,L-Tyrosine,C9H11NO3,Cytosol,3382,CC(=O)OCC(=O)C12C(CC3C1(CC(C4(C3CC(C5=CC(=O)C=CC54C)F)F)O)C)OC(O2)(C)C
C01179,3-(4-Hydroxyphenyl)pyruvate,C9H8O4,Cytosol,4406,C1CCN(CC1)C(=O)C(CC2=CC=C(C=C2)C(=N)N)NC(=O)CNS(=O)(=O)C3=CC4=CC=CC=C4C=C3
C01100,L-Histidinol phosphate,C6H12N3O4P,Cytosol,4334,CC(C)C(C(=O)NC(C)C(=O)NC(CC(=O)O)C=O)NC(=O)C(CC1=CC=C(C=C1)O)N(C)C(=O)C
C01267,3-(Imidazol-4-yl)-2-oxopropyl phosphate,C6H9N2O5P,Cytosol,4486,CN1C(=CC(=O)N(C1=O)C)NCCN(CCCC2=CC=C(C=C2)[N+](=O)[O-])CCO
C04431,cis-4-Carboxymethylenebut-2-en-4-olide,C6H4O4,Cytosol,7062,
C02222,2-Maleylacetate,C6H6O5,Cytosol,5287,CC(=CC=CC(=C1C(=O)CC2C1(CCC3C2(CCC(=O)C3(C)C)C)C)C)C=CC=C(C)C(=O)O
C07090,Protoanemonin,C5H4O2,Cytosol,9301,CN1CCC=C(C1)C(=O)OC.Br
C07091,cis-Acetylacrylate,C5H6O3,Cytosol,9302,CN1C(=O)CCC(=N1)C(=O)N
C04706,"cis-2-Chloro-4-carboxymethylenebut-2-en-1,4-olide",C6H3ClO4,Cytosol,7279,C(C(CBr)Br)Br
C06329,2-Chloromaleylacetate,C6H5ClO5,Cytosol,8565,CC(=O)NC1C(CC(OC1C(C(CO)O)O)(C(=O)O)O)O
C12834,"2,5-Dichloro-carboxymethylenebut-2-en-4-olide",C6H2Cl2O4,Cytosol,583223,CC12CCCC1C3CCC4CCC5(CC4(C3C(=O)C2)C)SCCS5
C12835,"2,5-Dichloro-4-oxohex-2-enedioate",C6H4Cl2O5,Cytosol,583224,[C-]#[O+].[C-]#[O+].C(=C(C(F)(F)F)O)C(=O)C(F)(F)F.[Rh]
C12838,trans-4-Carboxymethylenebut-2-en-4-olide,C6H4O4,Cytosol,583227,CC12CC=C(C1(CC=C2S(=O)(=O)C3=CC=CC=C3)C)S(=O)(=O)C4=CC=CC=C4
C16477,5-Fluoromuconolactone,C6H5FO4,Cytosol,47205773,CCCCN(CC(=O)N)C(=O)CSCC1=CSC(=N1)C
C16487,Hydrofluoric acid,HF,Cytosol,47205783,CCCC(=O)NCC(=O)NCCC1=CC=CC=C1OC
C16476,4-Fluoromuconolactone,C6H5FO4,Cytosol,47205772,CCCCN(CC(=O)N)C(=O)C1=CC=C(S1)CC
C18242,"2,3,5-Trichlorodienelactone",C6HCl3O4,Cytosol,103061424,CN(CC1COCCC1O)C2=CC(=CC=C2)F
C18243,"2,3,5-Trichloromaleylacetate",C6H3Cl3O5,Cytosol,103061425,C1=CC=C2C(=C1)C=NN2CC3=CN=C(C=N3)NN
C18309,3-Chloro-2-methyldienelactone,C7H5ClO4,Cytosol,103061491,CN(CC1COCCC1O)CC(COC)O
C18310,3-Chloro-2-methylmaleylacetate,C7H7ClO5,Cytosol,103061492,CCN1C=CC(=O)N(C1=O)CC2=CN=C(C=N2)NN
C18304,2-Chloro-5-methyl-cis-dienelactone,C7H5ClO4,Cytosol,103061486,C1=C(N=CC(=N1)NN)CN2C=C(C(=O)NC2=O)[N+](=O)[O-]
C18305,2-Chloro-5-methylmaleylacetate,C7H7ClO5,Cytosol,103061487,CN1C=C(C(=O)N(C1=O)CC2=CN=C(C=N2)NN)[N+](=O)[O-]
C00002,ATP,C10H16N5O13P3,Cytosol,3304,CC(=O)OC1CCC2C3CCC4(C(C3CCC2=C1)CCC4(C#C)OC(=O)C)C
C00164,Acetoacetate,C4H6O3,Cytosol,3464,C(CSC(CC(=O)O)C(=O)O)N=C(N)N
C00010,CoA,C21H36N7O16P3S,Cytosol,3312,CCOC(=O)C=C(C)C=CC=C(C)C=CC1=C(C(=C(C=C1C)OC)C)C
C00020,AMP,C10H14N5O7P,Cytosol,3322,CCCCCCCC=CCC#CC#CC(C=C)O
C00013,Diphosphate,H4P2O7,Cytosol,3315,CC1=C(C=CC(=C1)C2=CC(=C(C=C2)N=NC3=C(C4=C(C=C3)C(=CC(=C4N)S(=O)(=O)O)S(=O)(=O)O)O)C)N=NC5=C(C6=C(C=C5)C(=CC(=C6N)S(=O)(=O)O)S(=O)(=O)O)O
C00332,Acetoacetyl-CoA,C25H40N7O18P3S,Cytosol,3626,C(CCN=C(N)N)CC(C(=O)O)N
C02504,alpha-Isopropylmalate,C7H12O5,Cytosol,5516,CN(C)CCOC1=CC=C(C=C1)C(=C(CCCl)C2=CC=CC=C2)C3=CC=CC=C3
C00024,Acetyl-CoA,C23H38N7O17P3S,Cytosol,3326,CC(C)C1=C(N(N(C1=O)C2=CC=CC=C2)C)CN(C)C(C)CC3=CC=CC=C3
C00141,3-Methyl-2-oxobutanoic acid,C5H8O3,Cytosol,3441,
C00049,L-Aspartate,C4H7NO4,Cytosol,3351,C1CN(CCN1CC2=CC3=C(C=C2)OCO3)C(=O)COC4=CC=C(C=C4)Cl
C00008,ADP,C10H15N5O10P2,Cytosol,3310,CC1OCC2C(O1)C(C(C(O2)OC3C4COC(=O)C4C(C5=CC6=C(C=C35)OCO6)C7=CC(=C(C(=C7)OC)O)OC)O)O
C03082,4-Phospho-L-aspartate,C4H8NO7P,Cytosol,5980,CN1CCC23C4C1CC5=C2C(=C(C=C5)O)OC3C(C=C4)O
C00441,L-Aspartate 4-semialdehyde,C4H7NO3,Cytosol,3730,CC(=O)N(CC(CO)O)C1=C(C(=C(C(=C1I)C(=O)NCC(CO)O)I)C(=O)NCC(CO)O)I
C00243,Lactose,C12H22O11,Cytosol,3542,CC1CNCCN1S(=O)(=O)C2=CC=CC3=C2C=CN=C3
C00267,alpha-D-Glucose,C6H12O6,Cytosol,3565,CC1=NCCC2=C1NC3=C2C=CC(=C3)O
C00124,D-Galactose,C6H12O6,Cytosol,3424,CC1=C(NC(=C1C(=O)C2=CC=CC=C2CC3=CC=CC=C3)C)C
C01290,Lactosylceramide,C31H56NO13R,Cytosol,4509,C1C(=O)NC(=O)N1N=CC2=CC=C(O2)[N+](=O)[O-]
C01190,Glucosylceramide,C25H46NO8R,Cytosol,4416,COC1=CC2=C(C=C1)C(=C(CC2)C3=CC=CC=C3)C4=CC=C(C=C4)OCCN5CCCC5
C04911,D-Galactosyl-N-acetyl-D-galactosaminyl-(N-acetylneuraminyl)-D-galactosyl-D-glucosylceramide,C56H96N3O31R,Cytosol,7461,CC1=CCC(=CC1)C(C)C
C04884,N-Acetyl-D-galactosaminyl-(N-acetylneuraminyl)-D-galactosyl-D-glucosylceramide,C50H86N3O26R,Cytosol,7436,CNCC(=O)C1=CC(=C(C=C1)O)O
C06136,GA1,C45H79N2O23R,Cytosol,8393,CC1=NN(C(=C1)OC(=O)N(C)C)C(C)C
C06135,GA2,C39H69N2O18R,Cytosol,8392,C1=CC(=O)C(=CC1=N)N(O)O
G00124,Glycan,(Gal)2 (GalNAc)1 (Glc)1 (Cer)1,Cytosol,,
G00123,Glycan,(Gal)1 (GalNAc)1 (Glc)1 (Cer)1,Cytosol,,
G00110,Glycan,(Gal)2 (GalNAc)1 (Glc)1 (Neu5Ac)1 (Cer)1,Cytosol,,
G00109,Glycan,(Gal)1 (GalNAc)1 (Glc)1 (Neu5Ac)1 (Cer)1,Cytosol,,
G01977,Glycan,(Gal)2 (GlcNAc)2 (S)2,Cytosol,,
G13073,Glycan,(Gal)1 (GlcNAc)2 (S)2,Cytosol,,
C00033,Acetate,C2H4O2,Cytosol,3335,C1=CC=C(C=C1)C2=CC=C(C=C2)C(=O)CCC(=O)O
C05993,Acetyl adenylate,C12H16N5O8P,Cytosol,8267,CC1(C2CCC1(C(C2)OC(=O)CSC#N)C)C
C00163,Propanoate,C3H6O2,Cytosol,3463,CC1=CC(=C(C=C1)C)OCCCC(C)(C)C(=O)O
C00100,Propanoyl-CoA,C24H40N7O17P3S,Cytosol,3400,
C05983,Propionyladenylate,C13H18N5O8P,Cytosol,8261,
C00256,(R)-Lactate,C3H6O3,Cytosol,3555,CSCCC1C(=O)N2CCCC2C(=O)NC(C3=NC(=CS3)C(=O)NC(C(=O)N4CCCC4C(=O)N5CCCC5C(=O)N1)CCS(=O)C)CC6=CC=CC=C6
C00357,N-Acetyl-D-glucosamine 6-phosphate,C8H16NO9P,Cytosol,3650,C1(C(NC(=O)NC1=O)O)F
C16698,N-Acetylmuramic acid 6-phosphate,C11H20NO11P,Cytosol,51091020,CC1=NC(=NN1)SCC2=NN=NN2C3=CC=C(C=C3)OC(F)F
C01674,Chitobiose,C16H28N2O11,Cytosol,4818,CC1=NC=C(C(=C1O)C=NNC(=O)C2=CC=NC=C2)CO
C00140,N-Acetyl-D-glucosamine,C8H15NO6,Cytosol,3440,C1=COC(=C1)CNC2=CC(=C(C=C2C(=O)O)S(=O)(=O)N)Cl
G00711,Glycan,(GlcA)1 (GlcNAc)2,Cytosol,,
G10008,Glycan,(GlcA)1 (GlcNAc)1,Cytosol,,
C00130,IMP,C10H13N4O8P,Cytosol,3430,CC(=CCC1C(O1)(C)C2C(C(CCC23CO3)OC(=O)C=CC=CC=CC=CC(=O)O)OC)C
C00262,Hypoxanthine,C5H4N4O,Cytosol,3560,CC(=O)OCC(=O)C1(CCC2C1(CC(C3(C2CC(C4=CC(=O)C(=CC43C)Br)F)F)O)C)OC(=O)C
C00119,5-Phospho-alpha-D-ribose 1-diphosphate,C5H13O14P3,Cytosol,3419,CCC(=O)OC(C(C)C)OP(=O)(CCCCC1=CC=CC=C1)CC(=O)N2CC(CC2C(=O)[O-])C3CCCCC3
C00144,GMP,C10H14N5O8P,Cytosol,3444,C1C(COC1(CN2C=NC=N2)C3=C(C=C(C=C3)Cl)Cl)Br
C00242,Guanine,C5H5N5O,Cytosol,3541,C1=CC2=C(C=CN=C2)C(=C1)S(=O)(=O)NCCNCC=CC3=CC=C(C=C3)Br
C00655,Xanthosine 5'-phosphate,C10H13N4O9P,Cytosol,3925,CC[N+](CC)(CC)CC(=O)NC1=C(C=CC=C1C)C
C00385,Xanthine,C5H4N4O2,Cytosol,3675,C1=CC=C(C=C1)CCNN
C02380,6-Mercaptopurine,C5H4N4S,Cytosol,5422,CN1CCC2=CC(=C3C=C2C1CC4=CC=C(C=C4)OC5=C(C=CC(=C5)CC6C7=C(O3)C(=C(C=C7CCN6C)OC)OC)OC)OC
C04646,6-Thioinosine-5'-monophosphate,C10H13N4O7PS,Cytosol,7235,CC(=C(C)N=O)NO
C16614,6-Methylmercaptopurine,C6H6N4S,Cytosol,51090940,C1CN(CC1CNC(=O)CC2=CNC3=CC=CC=C32)CC(F)(F)F
C16615,6-Methylthiopurine 5'-monophosphate ribonucleotide,C11H15N4O7PS,Cytosol,51090941,C1CN(CC1CNC(=O)C23CC4CC(C2)CC(C4)C3)CC(F)(F)F
C07648,Thioguanine,C5H5N5S,Cytosol,9850,C(CN=C=O)CF
C16619,6-Thioguanosine monophosphate,C10H14N5O7PS,Cytosol,51090945,CC1=CC2=C(C=C1)C=C(N2)C(=O)N3CCC(CC3)N4CCCCC4
C00044,GTP,C10H16N5O14P3,Cytosol,3346,CC1=C(C=CC(=C1)OP(=S)(OC)OC)SC
C00058,Formate,CH2O2,Cytosol,3358,COC1=CC2=C(C=C1)NC3=C2C4=C(C=C3)C=C[N+](=C4)CC[NH2+]CCCCCC[NH2+]CC[N+]5=CC6=C(C=CC7=C6C8=C(N7)C=CC(=C8)OC)C=C5
C05922,Formamidopyrimidine nucleoside triphosphate,C10H18N5O15P3,Cytosol,8210,CCCCOCCOCCOCCCC
C06148,"2,5-Diamino-6-(5'-triphosphoryl-3',4'-trihydroxy-2'-oxopentyl)-amino-4-oxopyrimidine",C9H18N5O14P3,Cytosol,8404,C1CCC2=CC=CC=C2C1
C05923,"2,5-Diaminopyrimidine nucleoside triphosphate",C9H18N5O14P3,Cytosol,8211,CCCCCCCCCCCCCCN(C)C
C01300,"6-(Hydroxymethyl)-7,8-dihydropterin",C7H9N5O2,Cytosol,4518,C(CN(CCN)N(N=O)[O-])[NH3+]
C00568,4-Aminobenzoate,C7H7NO2,Cytosol,3847,C=C(CCCC(C(=O)O)N)C(=O)O
C00921,Dihydropteroate,C14H14N6O3,Cytosol,4175,CCC(C)C(=O)OC1CC(C=C2C1C(C(C=C2)C)CCC3CCCC(=O)O3)C
C04807,"6-Hydroxymethyl-7,8-dihydropterin diphosphate",C7H11N5O8P2,Cytosol,7369,C1=CC=C(C=C1)S(=O)(=O)Cl
C00266,Glycolaldehyde,C2H4O2,Cytosol,3564,CC1=NCCC2=C1NC3=C2C=CC(=C3)OC
C21065,"7,8-Dihydroxanthopterin",C6H7N5O2,Cytosol,295369327,
C21008,"7,8-Dihydromonapterin",C9H13N5O4,Cytosol,254741466,
C00522,(R)-Pantoate,C6H12O4,Cytosol,3805,CCC(=O)OC1C=CC=CCC(OC(=O)CC(C(C(C(CC1C)CC=O)OC2C(C(C(C(O2)C)OC3CC(C(C(O3)C)OC(=O)CC(C)C)(C)O)N(C)C)O)OC)OC(=O)C)C
C00099,beta-Alanine,C3H7NO2,Cytosol,3399,CCC(=O)OC1(C(CC2C1(CC(C3(C2CC(C4=CC(=O)C=CC43C)F)F)O)C)C)C(=O)SCF
C00864,Pantothenate,C9H17NO5,Cytosol,4121,CN1C(NC2=CC(=C(C=C2S1(=O)=O)S(=O)(=O)N)Cl)CCl
C00831,Pantetheine,C11H22N2O4S,Cytosol,4089,CCCCCCC(=O)OC1CCC2C1(CCC3C2CCC4C3(C(=CC(=O)C4)C)C)C
C01134,Pantetheine 4'-phosphate,C11H23N2O7PS,Cytosol,4365,CSCCC(C(=O)NC(CC1=CC=CC=C1)C(=O)O)NC=O
C03492,D-4'-Phosphopantothenate,C9H18NO8P,Cytosol,6304,
C04079,N-((R)-Pantothenoyl)-L-cysteine,C12H22N2O6S,Cytosol,6773,CC1=CC2=C(C=C1)C(=O)C3=CC=CC=C3C2=O
C04352,(R)-4'-Phosphopantothenoyl-L-cysteine,C12H23N2O9PS,Cytosol,7001,C1=CC=C2C(=C1)C=CC=C2Br
C11434,2-C-Methyl-D-erythritol 4-phosphate,C5H13O7P,Cytosol,13606,[C-]#[N+]C1=CC=CC=C1
C00063,CTP,C9H16N3O14P3,Cytosol,3363,C1C(C(OC1N2C=C(C(=O)NC2=O)F)CO)O
C11435,4-(Cytidine 5'-diphospho)-2-C-methyl-D-erythritol,C14H25N3O14P2,Cytosol,13607,COC1CCCCC1
C11436,2-Phospho-4-(cytidine 5'-diphospho)-2-C-methyl-D-erythritol,C14H26N3O17P3,Cytosol,13608,
C11453,"2-C-Methyl-D-erythritol 2,4-cyclodiphosphate",C5H12O9P2,Cytosol,13625,C1=CC=C2C(=C1)NC(=O)S2
C00055,CMP,C9H14N3O8P,Cytosol,3357,
C03283,"L-2,4-Diaminobutanoate",C4H10N2O2,Cytosol,6142,
C00461,Chitin,(C8H13NO5)n,Cytosol,3745,CC(C)OC1=CC2=C(C=C1)C(=O)C=C(O2)C3=CC=CC=C3
C00668,alpha-D-Glucose 6-phosphate,C6H13O9P,Cytosol,3937,C1CC(N(C1)C(=O)C(CCCCN)NC(CCC2=CC=CC=C2)C(=O)O)C(=O)O
C00015,UDP,C9H14N2O12P2,Cytosol,3317,CCCCC=CC=CCC(=O)OC12CC(C3(C(C1C2(C)C)C=C(CC4(C3C=C(C4=O)C)O)CO)O)C
C00689,"alpha,alpha'-Trehalose 6-phosphate",C12H23O14P,Cytosol,3958,C1=CC=C(C(=C1)C2=NC(C(=O)NC3=C2C=C(C=C3)Cl)O)Cl
C00498,ADP-glucose,C16H25N5O15P2,Cytosol,3781,CC(CN1C2=CC=CC=C2SC3=C1N=CC=C3)N(C)C
C00092,D-Glucose 6-phosphate,C6H13O9P,Cytosol,3392,CC1(OC2CC3C4CC(C5=CC(=O)CCC5(C4C(CC3(C2(O1)C(=O)CO)C)O)C)F)C
C01083,"alpha,alpha-Trehalose",C12H22O11,Cytosol,4320,CC1CCC(C1NC(=O)C(CC2=CC=CC=C2)CC(CN3CCN(CC3C(=O)NC(C)(C)C)C(=O)C4=CN=C(C(=N4)Cl)N5CCN(CC5)C)O)O
C01137,S-Adenosylmethioninamine,C14H23N6O3S,Cytosol,4368,CC1=C(C(=CC=C1)C(=O)NO)N(CC2=CN=CC=C2)S(=O)(=O)C3=CC=C(C=C3)OC
C00134,Putrescine,C4H12N2,Cytosol,3434,C1COCCN1CC2CN(C(=O)O2)N=CC3=CC=C(O3)[N+](=O)[O-]
C00170,5'-Methylthioadenosine,C11H15N5O3S,Cytosol,3470,CC1=CCCC(=CCC(CC1)C(=C)C)C
C00315,Spermidine,C7H19N3,Cytosol,3609,C1=CC(=C(C=C1C(CNCCCCCCNCC(C2=CC(=C(C=C2)O)O)O)O)O)O
C01672,Cadaverine,C5H14N2,Cytosol,4816,CC(=C)C1C2C3C4(C(C1C(=O)O2)(CC5C4(O5)C(=O)O3)O)C
C16565,Aminopropylcadaverine,C8H21N3,Cytosol,51090894,CC(C)N(C)CCCNC(=O)C1=C(N(N=C1)C(C)(C)C)C(F)(F)F
C20258,"(2S,4S)-4-Hydroxy-2,3,4,5-tetrahydrodipicolinate",C7H9NO5,Cytosol,163311998,COC1CCC(CC1NC2=NC=CN=C2C#N)C(=O)N3CCC4=CC=CC=C4C3
C00085,D-Fructose 6-phosphate,C6H13O9P,Cytosol,3385,C1=C(C(=O)NC(=O)N1)F
C00352,D-Glucosamine 6-phosphate,C6H14NO8P,Cytosol,3645,CC12CCC(=O)C=C1CCC3C2C(CC4(C3CCC4(C(=O)COP(=O)(O)O)O)C)O
C04752,4-Amino-5-hydroxymethyl-2-methylpyrimidine diphosphate,C6H11N3O7P2,Cytosol,7322,C1=CC(=C(C=C1S(=O)(=O)O)C(=O)O)O
C04327,4-Methyl-5-(2-phosphooxyethyl)thiazole,C6H10NO4PS,Cytosol,6980,C1=CC(=C(C=C1Cl)[N+](=O)[O-])O
C01081,Thiamin monophosphate,C12H18N4O4PS,Cytosol,4319,CC(C)(C)NC(=O)C1CN(CCN1CC(CC(CC2=CC=CC=C2)C(=O)NC3C(CC4=CC=CC=C34)O)O)CC5=CC6=C(C=C5)OCO6
C20247,2-(2-Carboxy-4-methylthiazol-5-yl)ethyl phosphate,C7H10NO6PS,Cytosol,163311990,CC1=CN2C(=C(C=N2)C(=O)N3CCCC34CCCN(C4=O)CC5=CC=CC=N5)C=C1
C00037,Glycine,C2H5NO2,Cytosol,3339,CC(C)OC(=O)C(C)(C)OC1=CC=C(C=C1)C(=O)C2=CC=C(C=C2)Cl
C15809,Iminoglycine,C2H3NO2,Cytosol,47205134,CC(C)COCC(CNC(=O)NC1=CC=CC=C1)O
C00027,Hydrogen peroxide,H2O2,Cytosol,3329,CC(C1C2N(C1=O)C(=C(S2)C3CCCO3)C(=O)O)O
C11437,1-Deoxy-D-xylulose 5-phosphate,C5H11O7P,Cytosol,13609,C1CCCC=CCC1
C15814,Thiocarboxy-[sulfur-carrier protein],C4H7N2O2SR,Cytosol,47205139,C1=CC=C(C(=C1)CNC(=O)NCC2=CC=NN2)F
C20246,"2-[(2R,5Z)-2-Carboxy-4-methylthiazol-5(2H)-ylidene]ethyl phosphate",C7H10NO6PS,Cytosol,163311989,C1CCN(CCCNC(=O)CC(NC1)C2=CC=CC=C2)C(=O)CN3CCN(CC3)C4=NC=CC=N4
C15810,Sulfur-carrier protein,C4H7N2O3R,Cytosol,47205135,CC1=CC(=CC=C1)NC(=O)NCC(COCC(C)C)O
C01279,4-Amino-5-hydroxymethyl-2-methylpyrimidine,C6H9N3O,Cytosol,4498,C1CC(CNC1)C(=O)O
C04556,4-Amino-2-methyl-5-(phosphooxymethyl)pyrimidine,C6H10N3O4P,Cytosol,7161,CCCCOC(=O)COC1=CC(=C(C=C1Cl)Cl)Cl
C03373,Aminoimidazole ribotide,C8H14N3O7P,Cytosol,6208,COC1=CC=C(O1)C=O
C00019,S-Adenosyl-L-methionine,C15H22N6O5S,Cytosol,3321,CCCCCCCC=CC(C#CC#CC(C=C)O)O
C05198,5'-Deoxyadenosine,C10H13N5O3,Cytosol,7603,CCNC1=CC=CC(=C1)C
C00073,L-Methionine,C5H11NO2S,Cytosol,3373,CCOC(=O)C1=C2CN(C(=O)C3=C(N2C=N1)C=CC(=C3)F)C
C00237,CO,CO,Cytosol,3536,C1=CC=NC(=C1)NS(=O)(=O)C2=CC=C(C=C2)N=CC3=C(NC4=C3C5=C(C=C4)N=CS5)O
C00269,CDP-diacylglycerol,C14H19N3O15P2R2,Cytosol,3567,CC(C)(CCC(CC(=O)OC)(C(=O)OC1C2C3=CC4=C(C=C3CCN5C2(CCC5)C=C1OC)OCO4)O)O
C00065,L-Serine,C3H7NO3,Cytosol,3365,C1=CC(=C(C=C1F)F)C(CN2C=NC=N2)(CN3C=NC=N3)O
C02737,Phosphatidylserine,C8H12NO10PR2,Cytosol,5698,C1=[N+](C2=C(N1)C(=O)NC(=O)N2)C3C(C(C(O3)COP(=O)(O)O)O)O
C00350,Phosphatidylethanolamine,C7H12NO8PR2,Cytosol,3643,CC12CCC(=O)C=C1CCC3C2C(CC4(C3CCC4(C(=O)COC(=O)CCC(=O)O)O)C)O
C19848,Adenylated molybdopterin,C20H26N10O12P2S2,Cytosol,135626315,CN(CC1CC1)C(=O)CCCOC2=CC=CC3=C2N=C4NC(=O)C(N4C3)CO
C06232,Molybdate,H2MoO4,Cytosol,8475,C1=CC(=C(C=C1C(F)(F)F)N)Cl
C18237,Molybdoenzyme molybdenum cofactor,C10H12MoN5O8PS2,Cytosol,103061419,CC1=CC(=C(C=C1)N(C)CC2COCCC2O)C
C02730,2-Succinylbenzoate,C11H10O5,Cytosol,5692,CC1C(C(CC(O1)OC2CC(CC3=C2C(=C4C(=C3O)C(=O)C5=C(C4=O)C(=CC=C5)OC)O)(C(=O)C)O)O)[NH2+]CC6=CC=C(C=C6)C[NH2+]C7C(OC(CC7O)OC8CC(CC9=C8C(=C1C(=C9O)C(=O)C2=C(C1=O)C(=CC=C2)OC)O)(C(=O)C)O)C
C05817,"(1R,6R)-6-Hydroxy-2-succinylcyclohexa-2,4-diene-1-carboxylate",C11H12O6,Cytosol,8112,C(CNCCO)N
C02137,alpha-Oxo-benzeneacetic acid,C8H6O3,Cytosol,5216,CCNC1=NC(=NC(=N1)Cl)NCC
C00261,Benzaldehyde,C7H6O,Cytosol,3559,C1CN(CCC1(C2=CC=C(C=C2)Cl)O)CCCC(=O)C3=CC=C(C=C3)F
C03590,4-Hydroxyphenylglyoxylate,C8H6O4,Cytosol,6381,C[N+](C)(C)C.[I-]
C00633,4-Hydroxybenzaldehyde,C7H6O2,Cytosol,3906,CCCCCCCCC(C=CC=CC=CC(CCCC(=O)O)O)O
C00149,(S)-Malate,C4H6O5,Cytosol,3449,CN1CCC23C=CC(CC2OC4=C(C=CC(=C34)C1)OC)O
C21310,"(8S)-3',8-Cyclo-7,8-dihydroguanosine 5'-triphosphate",C10H16N5O14P3,Cytosol,319075052,
C18239,Precursor Z,C10H14N5O8P,Cytosol,103061421,CCN1CCC(CC1)N(C)CC2COCCC2O
C00030,Reduced acceptor,,Cytosol,3332,C1=CC=C(C=C1)C2=CC=C(C=C2)CC(=O)O
C00028,Acceptor,,Cytosol,3330,C1=CC(=CC=C1NN=C(C#N)C#N)OC(F)(F)F
C00206,dADP,C10H15N5O9P2,Cytosol,3506,CC(=CC(=O)CC(C=O)C1C(CC2(C1(C(CC3C2=CCC4C3(CCC(C4(C)C(=O)OC5C(C(C(C(O5)CO)O)O)O)OC(=O)C)C)O)C)CO)O)C
C00343,Thioredoxin disulfide,C10H12N4O4S2R4,Cytosol,3636,CCCC[N+]1(C2CC(CC1C3C2O3)OC(=O)C(CO)C4=CC=CC=C4)C
C00342,Thioredoxin,C10H14N4O4S2R4,Cytosol,3635,CCN(CC)CCCNC1=C2C(=C(C=C1)CO)SC3=CC=CC=C3C2=O
C01346,dUDP,C9H14N2O11P2,Cytosol,4551,C1C2=NOC(=O)N2C3=C(O1)C=CC(=C3)Br
C00361,dGDP,C10H15N5O10P2,Cytosol,3652,CCN(CCCC(C)NC1=C2C=CC(=CC2=NC=C1)Cl)CCO
C00035,GDP,C10H15N5O11P2,Cytosol,3337,CCNC(C)CC1=CC(=CC=C1)C(F)(F)F
C00705,dCDP,C9H15N3O10P2,Cytosol,3972,CC(C)N1C=C2CC3C(CC(CN3C)C(=O)OC(C)C(C)O)C4=C2C1=CC=C4
C00112,CDP,C9H15N3O11P2,Cytosol,3412,CC(=O)NC(CCCN(C=O)O)C(=O)NC(CO)C(=O)N(CCCC1C(=O)NC(C(=O)N1)CCCN(C=O)O)O
C00988,2-Phosphoglycolate,C2H5O6P,Cytosol,4234,C[N+]1=CC=C(C=C1)C2=C3C=CC(=C(C4=CC=C(N4)C(=C5C=CC(=N5)C(=C6C=CC2=N6)C7=CC=[N+](C=C7)C)C8=CC=[N+](C=C8)C)C9=CC=[N+](C=C9)C)N3
C00160,Glycolate,C2H4O3,Cytosol,3460,CC1CC(C(C(C=C(C(C(C=CC=C(C(=O)NC2=CC(=O)C(=C(C1)C2=O)OC)C)OC)OC(=O)N)C)C)O)OC
C01005,O-Phospho-L-serine,C3H8NO6P,Cytosol,4251,C1=CC(=C(C=C1O)O)C2=C(C(=C3C(=CC(=O)C=C3O2)O)O)O
C03232,3-Phosphonooxypyruvate,C3H5O7P,Cytosol,6103,C1=CC2=C(C=C1Cl)N=C(O2)N
C06055,O-Phospho-4-hydroxy-L-threonine,C4H10NO7P,Cytosol,8325,C1=CC=C(C=C1)C(=O)NC2=CC=CC3=C2C(=O)C4=C(C3=O)C(=CC=C4)Cl
C06054,2-Oxo-3-hydroxy-4-phosphobutanoate,C4H7O8P,Cytosol,8324,C1=CC=C2C(=C1)C(=O)C3=C(C2=O)C(=CC=C3)NC4=CC=CC5=C4C(=O)C6=C(C5=O)C(=CC=C6)NC7=CC=CC8=C7C(=O)C9=CC=CC=C9C8=O
C00158,Citrate,C6H8O7,Cytosol,3458,CC(=O)OC1CC2C(C(=O)C=CC2(C3C1(C45C(O4)C(=O)OC(C5(CC3)C)C6=COC=C6)C)C)(C)C
C00036,Oxaloacetate,C4H4O5,Cytosol,3338,CCCCC(C1=CC=CC=C1)O
C00086,Urea,CH4N2O,Cytosol,3386,CNCCC(C1=CC=CC=C1)OC2=CC=C(C=C2)C(F)(F)F
C00288,HCO3-,HCO3,Cytosol,3583,CC(C)C(C=C(C)C(=O)O)N(C)C(=O)C(C(C)(C)C)NC(=O)C(C(C)(C)C1=CN(C2=CC=CC=C21)C)NC
C00647,Pyridoxamine phosphate,C8H13N2O5P,Cytosol,3919,CC(=O)C(=C(NC1=CC(=CC=C1)F)O)C#N
C00018,Pyridoxal phosphate,C8H10NO6P,Cytosol,3320,CC12CC(=O)NC13CC4C(C(C(=N4)CC5=C(C6=C(N5)C(=C7C(C(C(=CC(C2CCC(=O)O)N3)N7)CC(=O)O)CCC(=O)O)C(=O)CC6)CC(=O)O)(C)CC(=O)N)CCC(=O)O
C00627,Pyridoxine phosphate,C8H12NO6P,Cytosol,3900,CC1=C(OC(=O)O1)COC(=O)C2C(SC3N2C(=O)C3NC(=O)C(C4=CC=CC=C4)N)(C)C
C00534,Pyridoxamine,C8H12N2O2,Cytosol,3816,CC(=C)C1CNC(C1CC(=O)O)C(=O)O
C00250,Pyridoxal,C8H9NO3,Cytosol,3549,CCOC(=O)C1=C(OC2=C(C1C(C#N)C(=O)OCC)C=C(C=C2)Br)N
C00314,Pyridoxine,C8H11NO3,Cytosol,3608,CC1(C(=O)NC(=O)N(C1=O)C)C2=CCCCC2
C00221,beta-D-Glucose,C6H12O6,Cytosol,3521,C(CSSCCN=C(N)N)N=C(N)N
C00984,alpha-D-Galactose,C6H12O6,Cytosol,4231,C1=CC(=CC=C1C2=C3C=CC(=C(C4=NC(=C(C5=CC=C([N-]5)C(=C6C=CC2=N6)C7=CC=C(C=C7)C(=O)O)C8=CC=C(C=C8)C(=O)O)C=C4)C9=CC=C(C=C9)C(=O)O)[N-]3)C(=O)O.[Mn+3]
C00095,D-Fructose,C6H12O6,Cytosol,3395,CC(C1=CC(=C(C=C1)C2=CC=CC=C2)F)C(=O)OC(C)OC(=O)C
C05345,beta-D-Fructose 6-phosphate,C6H13O9P,Cytosol,7723,C1=CC(=CC=C1CCl)Cl
C02336,beta-D-Fructose,C6H12O6,Cytosol,5386,C1CC(OC1)N2C=C(C(=O)NC2=O)F
C00016,FAD,C27H33N9O15P2,Cytosol,3318,CCCCCC=CCC=CCC=CCC=CCCC(C)C(=O)NCCF
C00111,Glycerone phosphate,C3H7O6P,Cytosol,3411,C1=NC(=O)C2=NNC(=C2N1)C3C(C(C(O3)CO)O)O
C01352,FADH2,C27H35N9O15P2,Cytosol,4556,CC(=CCC1=C(C2=CC=CC=C2NC1=O)OCC=C(C)C)C
C03372,Acylglycerone phosphate,C4H6O7PR,Cytosol,6207,C(COCCOCCN(CC(=O)O)CC(=O)O)N(CC(=O)O)CC(=O)O
C00339,Long-chain alcohol,CH3OR,Cytosol,3632,CCC1=CC2CC(C1)C3=C(C4=C(C=C(C=C4)Cl)N=C3C2)N
C03715,O-Alkylglycerone phosphate,C3H6O6PR,Cytosol,6481,CC(C)C(CC(C)N(C)C)(C#N)C1=CC=CC=C1
C03129,Long-chain acid anion,C3H4O2R(C2H4)n,Cytosol,6021,C1=NC(=O)C2=C(N1)N(C=N2)C3C(C(C(O3)CO)O)O
C01885,1-Acylglycerol,C4H7O4R,Cytosol,4998,CC1C=C(C(=O)C2(C1CC3C4(C2C(=O)C(=C(C4CC(=O)O3)C)OC)C)C)OC
C00116,Glycerol,C3H8O3,Cytosol,3416,CCC(=C(CC)C1=CC=C(C=C1)OP(=O)(O)O)C2=CC=C(C=C2)OP(=O)(O)O
C00162,Fatty acid,CHO2R,Cytosol,3462,CCCCC(C)(C)C(C=CC1C(CC(=O)C1CCCCC=CC(=O)OC)O)O
C00641,"1,2-Diacyl-sn-glycerol",C5H6O5R2,Cytosol,3914,CC(C)(C)NCC(COC1=CC=CC2=C1CCCC2=O)O
C06364,"1,2-Diacyl-3-alpha-D-glucosyl-sn-glycerol",C11H16O10R2,Cytosol,8600,CCCC(=O)OC1=C(C(=O)OC1=O)OC(=O)CCC
G10608,Glycan,(UDP-Glc)1,Cytosol,,
G13187,Glycan,(DAG)1 (Glc)1,Cytosol,,
C16519,2-Succinyl-5-enolpyruvyl-6-hydroxy-3-cyclohexene-1-carboxylate,C14H16O9,Cytosol,51090848,CCOC1CCN(CC1)C(=O)C2=CC3=C(N2)C(=CC=C3)[N+](=O)[O-]
C20386,Biotin sulfoxide,C10H16N2O4S,Cytosol,163312124,CC1=CC(=NC(=C1C#N)C)N2CC3CC4COCC4C3C2
C00120,Biotin,C10H16N2O3S,Cytosol,3420,CCC(=O)OC(C(C)C)OP(=O)(CCCCC1=CC=CC=C1)CC(=O)N2CC(CC2C(=O)O)C3CCCCC3
C01847,Reduced FMN,C17H23N4O9P,Cytosol,4964,C1=CC(=CC=C1C(=O)CBr)O
C03114,Dimethylbenzimidazole,C9H10N2,Cytosol,6009,CC1=C(C(=O)N(N1C)C2=CC=CC=C2)N(C)C
C00279,D-Erythrose 4-phosphate,C4H9O7P,Cytosol,3574,CCCCCCCCCCCCCCCC(=O)OC1CC(=C(C(C1)(C)C)C=CC(=CC=CC(=CC=CC=C(C)C=CC=C(C)C=CC2C(=CC(CC2(C)C)OC(=O)CCCCCCCCCCCCCCC)C)C)C)C
C00446,alpha-D-Galactose 1-phosphate,C6H13O9P,Cytosol,3734,CC(C(=O)NC1=C(C(=C(C(=C1I)C(=O)NC(CO)CO)I)C(=O)NC(CO)CO)I)O
C00103,D-Glucose 1-phosphate,C6H13O9P,Cytosol,3403,CC(C)N1C2=CC=CC=C2C(=C1C=CC(CC(CC(=O)O)O)O)C3=CC=C(C=C3)F
C03479,Folinic acid,C20H23N7O7,Cytosol,6294,C1=CC(=CC=C1C(C2=CC=C(C=C2)Cl)C(Cl)Cl)Cl
C00445,"5,10-Methenyltetrahydrofolate",C20H22N7O6,Cytosol,3733,CC(CCC(=O)O)CC(C)CC(C)C(=O)C=C(C(C)CC(C)CC=CC(C)C(C(C)C(CC1CCC(O1)(C)C2CCC(O2)(C)C(C)O)O)O)O
C00075,UTP,C9H15N2O15P3,Cytosol,3375,CC1CC2C3CC(C4=CC(=O)C=CC4(C3(C(CC2(C1(C(=O)CO)O)C)O)F)C)F
C03862,Dolichyl phosphate D-mannose,C26H47O9P(C5H8)n,Cytosol,6598,CN(C)C(=O)Cl
C02189,[Protein]-L-serine,C4H6N2O3R2,Cytosol,5260,CCCCCCCCCCCCCCCCCC(=O)NC(COP(=O)([O-])OCC[N+](C)(C)C)C(C=CCCCCCCCCCCCCC)O
C00110,Dolichyl phosphate,C20H37O4P(C5H8)n,Cytosol,3410,CC(CC1=CC=C(C=C1)OC)NCC(C2=CC(=C(C=C2)O)NC=O)O
C02863,3-O-(alpha-D-Mannosyl)-L-serinyl-[protein],C10H16N2O8R2,Cytosol,5800,C1=CC=C(C(=C1)N)O.Cl
G10617,Glycan,(Man)1 (P-Dol)1,Cytosol,,
G10622,Glycan,(P-Dol)1,Cytosol,,
G13027,Glycan,(Man)1 (Ser/Thr)1,Cytosol,,
C19803,[Protein]-L-threonine,C5H8N2O3R2,Cytosol,135626270,CCCCCCN(C(C)O)C(=O)CCCOC1=C(C=CC2=C1CN3C(=C)C(=O)NC3=N2)F
C20722,3-O-(alpha-D-Mannosyl)-L-threonyl-[protein],C11H18N2O8R2,Cytosol,254741191,
C11355,4-Amino-4-deoxychorismate,C10H11NO5,Cytosol,13530,C(C(=O)C(Cl)Cl)Cl
C01647,tRNA(Met),,Cytosol,4796,C1=NC(=C2C(=N1)N(C=N2)C3C(C(C(O3)COP(=O)(O)OP(=O)(C(F)(F)P(=O)(O)O)O)O)O)N
C02430,L-Methionyl-tRNA,C20H30N6O11PSR(C5H8O6PR)n,Cytosol,5457,CN(C)CCN(CC1=CC=C(C=C1)OC)C2=NC=CC=N2
C05335,L-Selenomethionine,C5H11NO2Se,Cytosol,7713,C1=CC=C(C=C1)OCCOC2=CC=CC=C2
C05336,Selenomethionyl-tRNA(Met),C20H30N6O11PSeR(C5H8O6PR)n,Cytosol,7714,CCCCCCCC1CCC(=O)O1
C01013,3-Hydroxypropanoate,C3H6O3,Cytosol,4258,CC1=C(N2C(C(C2=O)(NC(=O)C(C3=CC=C(C=C3)O)C(=O)O)OC)OC1)C(=O)O
C00222,3-Oxopropanoate,C3H4O3,Cytosol,3522,C1=NC2=C(N1C3C(C(C(O3)CO)OP(=O)(O)O)O)NC(=NC2=O)N
C00117,D-Ribose 5-phosphate,C5H11O8P,Cytosol,3417,CC1C(O1)P(=O)(O)O
C04501,N-Acetyl-alpha-D-glucosamine 1-phosphate,C8H16NO9P,Cytosol,7115,C1=CC=C(C=C1)C2=CC=C(C=C2)C3=CC=CC=C3
C00043,UDP-N-acetyl-alpha-D-glucosamine,C17H27N3O17P2,Cytosol,3345,CCC(=O)N(C1CCN(CC1)CCC2=CC=CC=C2)C3=CC=CC=C3
C06156,alpha-D-Glucosamine 1-phosphate,C6H14NO8P,Cytosol,8412,C1=CC=C2C(=C1)C=CC(=N2)C3=NC4=CC=CC=C4C=C3
C00412,Stearoyl-CoA,C39H70N7O17P3S,Cytosol,3702,CC1CC2=CC=CC=C2N1NC(=O)C3=CC(=C(C=C3)Cl)S(=O)(=O)N
C00999,Ferrocytochrome b5,,Cytosol,4245,CCC1(CCC(O1)C2(CCC3(O2)CC(C(C(O3)C(C)C(C(C)C(=O)O)OC)C)O)C)C4C(CC(O4)C5C(CC(C(O5)(CC)O)C)C)C
C00510,Oleoyl-CoA,C39H68N7O17P3S,Cytosol,3793,CCC(C)N1C(=O)N(C=N1)C2=CC=C(C=C2)N3CCN(CC3)C4=CC=C(C=C4)OCC5COC(O5)(CN6C=NC=N6)C7=C(C=C(C=C7)Cl)Cl
C00996,Ferricytochrome b5,,Cytosol,4242,CCC1(CCC(O1)C2(CCC3(O2)CC(C(C(O3)C(C)C(C(C)C(=O)[O-])OC)C)O)C)C4C(CC(O4)C5C(CC(C(O5)(CO)O)C)C)C
C00154,Palmitoyl-CoA,C37H66N7O17P3S,Cytosol,3454,C1=NC2=C(N1COC(CO)CO)NC(=NC2=O)N
C21072,Palmitoleoyl-CoA,C37H64N7O17P3S,Cytosol,295369334,
C00455,Nicotinamide D-ribonucleotide,C11H15N2O8P,Cytosol,3741,C(CO)N(C1=C(C(=C(C(=C1I)C(=O)NCC(CO)O)I)C(=O)NCC(CO)O)I)C(=O)CO
C00105,UMP,C9H13N2O9P,Cytosol,3405,C1=CC(=CC=C1C(=O)NC(CCC(=O)O)C(=O)O)NCC2=CN=C3C(=N2)C(=O)N=C(N3)N
C00857,Deamino-NAD+,C21H27N6O15P2,Cytosol,4114,COC1=C2C(=CC3=C1OC=C3)C=CC(=O)O2
C01185,Nicotinate D-ribonucleotide,C11H15NO9P,Cytosol,4411,CC(C)(C)NCC(COC1=CC=CC2=C1CC(C(C2)O)O)O
C00882,Dephospho-CoA,C21H35N7O13P2S,Cytosol,4138,CC(CC1=CC(=C(C=C1)O)O)(C(=O)O)N
C00459,dTTP,C10H17N2O14P3,Cytosol,3743,CC(=O)N(CC(CO)O)C1=C(C(=C(C(=C1I)C(=O)NCC(CO)O)I)C(=O)NCCO)I
C00364,dTMP,C10H15N2O8P,Cytosol,3655,C1CC(C2=C(C3=CC=CC=C3N=C2C1)N)O
C00631,2-Phospho-D-glycerate,C3H7O7P,Cytosol,3904,C1C(N(C2=C(N1)NC(=NC2=O)N)C=O)CNC3=CC=C(C=C3)C(=O)NC(CCC(=O)[O-])C(=O)[O-]
C00074,Phosphoenolpyruvate,C3H5O6P,Cytosol,3374,CC1CCC2=C3N1C=C(C(=O)C3=CC(=C2)F)C(=O)O
C04494,Guanosine 3'-diphosphate 5'-triphosphate,C10H18N5O20P5,Cytosol,7111,C1=CC(=CC=C1C2=CC=C(C=C2)N)N
C01228,"Guanosine 3',5'-bis(diphosphate)",C10H17N5O17P4,Cytosol,4450,CN1CCOC(C2=CC=CC=C2C1)C3=CC=CC=C3
C00152,L-Asparagine,C4H8N2O3,Cytosol,3452,C#CC(CCC(=O)O)N
C00136,Butanoyl-CoA,C25H42N7O17P3S,Cytosol,3436,C1=CC(=CN=C1)CC2=CC3=C(C=C2)OC(=C3)C(=O)[O-]
C05269,3-Oxohexanoyl-CoA,C27H44N7O18P3S,Cytosol,7656,C1=CC=C(C=C1)CNCC2=CC=CC=C2
C00283,Hydrogen sulfide,H2S,Cytosol,3578,CC1=C(C2=CC3=NC(=CC4=C(C(=CO)C(=N4)C=C5C(=C(C(=N5)C=C1N2)C(CCC=C(C)CCC=C(C)CCC=C(C)C)O)C)CCC(=O)O)C(=C3C)CCC(=O)O)C=C
C00097,L-Cysteine,C3H7NO2S,Cytosol,3397,CC(C)C(=O)NC1=CC(=C(C=C1)[N+](=O)[O-])C(F)(F)F
C00155,L-Homocysteine,C4H9NO2S,Cytosol,3455,C1CN(CCN1CCCC2=CC=CC=C2)CCOC(C3=CC=C(C=C3)F)C4=CC=C(C=C4)F
C02291,L-Cystathionine,C7H14N2O4S,Cytosol,5347,CCCCCCCCCCCCCCCC(=O)OC(COC1C(C(C(C(O1)CS(=O)(=O)O)O)O)O)COC(=O)CCCCCCCCCCCCCC=CCC
C05698,Selenohomocysteine,C4H9NO2Se,Cytosol,8005,CCCCCl
C05699,L-Selenocystathionine,C7H14N2O4Se,Cytosol,8006,C(CCl)CBr
C01118,O-Succinyl-L-homoserine,C8H13NO6,Cytosol,4349,CC(C(CC1=CC=CC=C1)NC(=O)C2CCCN2C(=O)C(C)NC(=O)OCC3=CC=CC=C3)O
C00109,2-Oxobutanoate,C4H6O3,Cytosol,3409,COC1=CC=C(C=C1)C2=COC3=CC(=O)C=CC3=C2O
C00042,Succinate,C4H6O4,Cytosol,3344,C1CN(CCC12CNC(=O)O2)CCC3=CC=CC=C3
C01077,O-Acetyl-L-homoserine,C6H11NO4,Cytosol,4315,COC(=O)N1C=CN(C(=C1)CC(=O)NCC2=CC3=C(C=C2)OCO3)C4=NC(=NC=C4)N5C=CN=C5
C00320,Thiosulfate,HS2O3,Cytosol,3614,CN1C=C(N=C1)CCN
C00094,Sulfite,H2SO3,Cytosol,3394,CC(C1=CC(=C(C=C1)C2=CC=CC=C2)F)C(=O)O
C00542,Cystathionine,C7H14N2O4S,Cytosol,3823,CC(=O)N1CCN(CC1)C2=CC=C(C=C2)OCC3COC(O3)(CN4C=CN=C4)C5=C(C=C(C=C5)Cl)Cl
C05702,O-Phosphorylhomoserine,C4H10NO6P,Cytosol,8009,C=CCC#N
C05688,L-Selenocysteine,C3H7NO2Se,Cytosol,7995,C=CCN=C(N)S
C00188,L-Threonine,C4H9NO3,Cytosol,3488,COC1=C(C=C(C=C1)Cl)C(=O)NCCC2=CC=C(C=C2)S(=O)(=O)NC(=O)NC3CCCCC3
C05852,2-Hydroxyphenylacetate,C8H8O3,Cytosol,8145,COCCCCCOC
C00544,Homogentisate,C8H8O4,Cytosol,3825,CC(C1=CC(=CC=C1)C(=O)C2=CC=CC=C2)C(=O)O
C00310,D-Xylulose,C5H10O5,Cytosol,3604,C[N+](C)(C)CCCCCC[N+](C)(C)C
C00231,D-Xylulose 5-phosphate,C5H11O8P,Cytosol,3530,CC(=CCCC1(C(CC2(C(=O)C(=C(C3=CC(=C(C=C3)O)O)O)C(=O)C1(C2=O)CC=C(C)C)CC(CC=C(C)C)C(=C)C)CC=C(C)C)C)C
C00341,Geranyl diphosphate,C10H20O7P2,Cytosol,3634,CCN(CC)CCNC1=C2C(=C(C=C1)CO)SC3=CC=CC=C3C2=O
C00129,Isopentenyl diphosphate,C5H12O7P2,Cytosol,3429,CC(C(C(C(CO)O)O)O)O
C16826,"2-cis,6-trans-Farnesyl diphosphate",C15H28O7P2,Cytosol,96023350,CC(C)C1CCC(CC1)C2C3=C(CCN2)C=CC(=C3F)O
C00122,Fumarate,C4H4O4,Cytosol,3422,CC(C=CC1CC=CC(=O)O1)(C(CC(C=CC=CC=CCO)O)OP(=O)(O)O)O
C00354,"D-Fructose 1,6-bisphosphate",C6H14O12P2,Cytosol,3647,C1NC2=C(C=C(C(=C2)C(F)(F)F)S(=O)(=O)N)S(=O)(=O)N1
C05378,"beta-D-Fructose 1,6-bisphosphate",C6H14O12P2,Cytosol,7752,CCOC(=O)NC
C11811,1-Hydroxy-2-methyl-2-butenyl 4-diphosphate,C5H12O8P2,Cytosol,13975,COC1=CC=C(C=C1)C(=C(C2=CC=C(C=C2)Cl)Br)C3=CC=CC=C3
C00138,Reduced ferredoxin,,Cytosol,3438,C1=COC(=C1)CN
C00139,Oxidized ferredoxin,,Cytosol,3439,CN(CC1=COC2=NC(=NC(=C12)N)N)C3=CC=C(C=C3)C(=O)NC(CCC(=O)O)C(=O)O
C00235,Dimethylallyl diphosphate,C5H12O7P2,Cytosol,3534,C1COCCN1C2=CC=C(C=C2)SC3=CC=CC4=C3C(=NC(=N4)N)N
C04506,Protein C-terminal S-farnesyl-L-cysteine,C20H33N2O3SR(C2H2NOR)n,Cytosol,7120,CCN(CC)C1=CC=C(C=C1)N
C00132,Methanol,CH4O,Cytosol,3432,CCCCC(C)C(C(CC(C)CCCCCCC(CC(C(C)N)O)O)OC(=O)CC(CC(=O)O)C(=O)O)OC(=O)CC(CC(=O)O)C(=O)O
C04748,Protein C-terminal S-farnesyl-L-cysteine methyl ester,C21H35N2O3SR(C2H2NOR)n,Cytosol,7318,C1=CC(=C(C=C1[N+](=O)[O-])C(=O)O)O
C00048,Glyoxylate,C2H2O3,Cytosol,3350,CC12CCC3C(C1CCC2C(=O)NC(C)(C)C)CCC4C3(C=CC(=O)N4)C
C00515,D-Ornithine,C5H12N2O2,Cytosol,3798,COC1=C(C=C2C(=C1)C(=NC=N2)NC3=CC=CC=C3)OC
C01110,5-Amino-2-oxopentanoic acid,C5H9NO3,Cytosol,4342,CCN(CC)CCNC(=O)C1=CC=C(C=C1)NC(=O)C
C00763,D-Proline,C5H9NO2,Cytosol,4025,C1CC(NC(C1)CCN)CCN
C03564,1-Pyrroline-2-carboxylate,C5H7NO2,Cytosol,6356,B(F)(F)F
C00792,D-Arginine,C6H14N4O2,Cytosol,4050,CCCCCC=CCC=CCCCCCCCC(=O)NC(C)C1=CC=CC=C1
C03771,5-Guanidino-2-oxopentanoate,C6H11N3O3,Cytosol,6525,C#CC1(CCCCC1)O
C03440,cis-4-Hydroxy-D-proline,C5H9NO3,Cytosol,6264,C1=CC(=C(C=C1[N+](=O)[O-])[N+](=O)[O-])F
C04282,1-Pyrroline-4-hydroxy-2-carboxylate,C5H7NO3,Cytosol,6944,CC1=CC=CC=C1[N+](=O)[O-]
C00916,Cephalosporin C,C16H21N3O8S,Cytosol,4170,CC1NC2=CC(=C(C=C2C(=O)N1C3=CC=CC=C3C)S(=O)(=O)N)Cl
C04712,(7R)-7-(5-Carboxy-5-oxopentanoyl)aminocephalosporinate,C16H18N2O9S,Cytosol,7284,CCC(C)C=O
C15522,4a-Hydroxytetrahydrobiopterin,C9H15N5O4,Cytosol,17396514,COCC1=CC(=CC=C1)C(=O)NC2=CC=CC=C2O
C00268,Dihydrobiopterin,C9H13N5O3,Cytosol,3566,CC1=C2C(=C3C=CC(=CC3=N2)OC)C=CN1
C00091,Succinyl-CoA,C25H40N7O19P3S,Cytosol,3391,C1C(C(C(C1O)C=CC(COC2=CC=CC(=C2)C(F)(F)F)O)CC=CCCCC(=O)O)O
C03972,"2,3,4,5-Tetrahydrodipicolinate",C7H9NO4,Cytosol,6692,CC(=O)CC(C1=CC=C(C=C1)Cl)C2=C(OC3=CC=CC=C3C2=O)O
C04462,N-Succinyl-2-L-amino-6-oxoheptanedioate,C11H15NO8,Cytosol,7087,CC1=CC2=C(C=C1)N=C(S2)C3=CC=C(C=C3)N
C04421,"N-Succinyl-LL-2,6-diaminoheptanedioate",C11H18N2O7,Cytosol,7053,CC1=C(NC2=CC=CC=C12)C
C00666,"LL-2,6-Diaminoheptanedioate",C7H14N2O4,Cytosol,3935,CCCCCC(C(C=CC=CC=CC=CC(CCCC(=O)O)O)O)O
C20062,"2-(1,2-Epoxy-1,2-dihydrophenyl)acetyl-CoA",C29H42N7O18P3S,Cytosol,135626528,CC1C(=O)NC2=NC3=C(CN12)C(=C(C=C3)OCCCCC(=O)N(CCO)C4CCCCC4)Cl
C19975,2-Oxepin-2(3H)-ylideneacetyl-CoA,C29H42N7O18P3S,Cytosol,135626441,CC1=NN(C2=C1N=C(NC2=O)C3=CC(=CC(=C3)OC)OC)C
C19945,"3-Oxo-5,6-dehydrosuberyl-CoA",C29H44N7O20P3S,Cytosol,135626411,CCOC1=CC=CC(=C1)C2=NC3=C(NC4=CC=CC=C42)N=CC=C3
C14144,5-Carboxy-2-pentenoyl-CoA,C27H42N7O19P3S,Cytosol,7846956,CC(C(=O)NC1=CC=CC=C1F)OC(=O)CCC2=NC3=CC=CC=C3S2
C05726,S-Substituted L-cysteine,C3H6NO2SR,Cytosol,8029,C1=COC=C1
C00088,Nitrite,HNO2,Cytosol,3388,CCCCCCCCCC(=O)OCCN1CCN(CC1)CCCN2C3=CC=CC=C3SC4=C2C=C(C=C4)C(F)(F)F
C00244,Nitrate,HNO3,Cytosol,3543,C1CCC(C1)N2C=NC3=C(N=C(N=C32)NC4CCC(CC4)N)NCC5=CC=CC=C5
C00125,Ferricytochrome c,C42H44FeN8O8S2R4,Cytosol,3425,CC=C1C(=O)NC(C(=O)OC2CC(=O)NC(C(=O)NC(CSSCCC=C2)C(=O)N1)C(C)C)C(C)C
C00126,Ferrocytochrome c,C42H44FeN8O8S2R4,Cytosol,3426,C1C(C(C(C(O1)(CO)O)O)O)O
C15603,Hydroquinone,,Cytosol,17396595,C1=CC=C(C(=C1)CNC(=O)CN2C(=O)C3=CC=CC=C3N=N2)CN4C=CC=N4
C15602,Quinone,,Cytosol,17396594,C1=CC=C(C(=C1)CNC(=O)C2=CC=C(S2)Cl)CN3C=CC=N3
C21113,NMNH,C11H17N2O8P,Cytosol,312642082,
C00363,dTDP,C10H16N2O11P2,Cytosol,3654,C1=CC(=CC=C1C=CC2=C(C=C(C=C2)C(=N)N)O)C(=N)N
C00365,dUMP,C9H13N2O8P,Cytosol,3656,CCCCNC(=O)NS(=O)(=O)C1=CC=C(C=C1)CO
C06001,(S)-3-Hydroxyisobutyrate,C4H8O3,Cytosol,8275,CCC(C)C1(C(=O)NC(=O)NC1=O)CC=C
C06002,(S)-Methylmalonate semialdehyde,C4H6O3,Cytosol,8276,CC[N+](C)(C)CCC(C1=CC=CC=C1)(C2=CC=CC=C2)C(=O)N.[Br-]
C06481,L-Seryl-tRNA(Sec),C13H22NO12PR2(C5H8O6PR)n,Cytosol,8712,CC1=CC=CC=C1S
C05172,Selenophosphoric acid,H3PO3Se,Cytosol,7583,C1=CC=C(C=C1)OC2=CC=CC=C2
C06482,L-Selenocysteinyl-tRNA(Sec),C13H22NO11PSeR2(C5H8O6PR)n,Cytosol,8713,C1=CC=C(C(=C1)N)S
C01271,(3R)-3-Hydroxyacyl-[acyl-carrier protein],C3H4O2SR2,Cytosol,4490,CC1CCC(OC1C(C)C(=O)O)CC2CC(C(C3(O2)C(CC(O3)(C)C4CCC(O4)(C)C5C(CC(O5)C6C(CC(C(O6)(CO)O)C)C)C)C)C)OC
C00685,3-Oxoacyl-[acyl-carrier protein],C3H2O2SR2,Cytosol,3954,CN(C)C(=O)C(CC[NH+]1CCC(CC1)(C2=CC=C(C=C2)Cl)O)(C3=CC=CC=C3)C4=CC=CC=C4
C04618,(3R)-3-Hydroxybutanoyl-[acyl-carrier protein],C4H7O2SR,Cytosol,7208,C1=CC=C(C=C1)C(=O)OCCOC2=C(C=C(C=C2)Cl)Cl
C05744,Acetoacetyl-[acp],C4H5O2SR,Cytosol,8039,C(=O)(N)NNC(=O)N
C04619,(3R)-3-Hydroxydecanoyl-[acyl-carrier protein],C10H19O2SR,Cytosol,7209,C1=CC(=C(C=C1Cl)Cl)OCCOP(OCCOC2=C(C=C(C=C2)Cl)Cl)OCCOC3=C(C=C(C=C3)Cl)Cl
C05753,3-Oxodecanoyl-[acp],C10H17O2SR,Cytosol,8048,CCCCCCCCCC(=O)OCC
C04620,(3R)-3-Hydroxyoctanoyl-[acyl-carrier protein],C8H15O2SR,Cytosol,7210,CC(CN=CC1=CC=CC=C1O)N=CC2=CC=CC=C2O
C05750,3-Oxooctanoyl-[acp],C8H13O2SR,Cytosol,8045,CCCCCCOCCOC(=O)CCCCC(=O)OCCOCCCCCC
C04633,(3R)-3-Hydroxypalmitoyl-[acyl-carrier protein],C16H31O2SR,Cytosol,7222,C1=CC=C2C(=C1)N=CS2
C05762,3-Oxohexadecanoyl-[acp],C16H29O2SR,Cytosol,8057,CCCCCBr
C04688,(3R)-3-Hydroxytetradecanoyl-[acyl-carrier protein],C14H27O2SR,Cytosol,7269,CC1=CC(=C(C=C1C)C)C
C05759,3-Oxotetradecanoyl-[acp],C14H25O2SR,Cytosol,8054,CC(=O)OCCOC
C05747,(3R)-3-Hydroxyhexanoyl-[acyl-carrier protein],C6H11O2SR,Cytosol,8042,CCCCCCCCCCCCCC(=O)OC(C)C
C05746,3-Oxohexanoyl-[acp],C6H9O2SR,Cytosol,8041,C=CC(=O)NCNC(=O)C=C
C05757,(3R)-3-Hydroxydodecanoyl-[acyl-carrier protein],C12H23O2SR,Cytosol,8052,CC(C)CCOC=O
C05756,3-Oxododecanoyl-[acp],C12H21O2SR,Cytosol,8051,CCCCCC(=O)C
C16219,3-Oxostearoyl-[acp],C18H33O2SR,Cytosol,47205527,CCCC(=O)NCC(=O)NC1=CC=C(C=C1)C
C16220,(3R)-3-Hydroxyoctadecanoyl-[acyl-carrier protein],C18H35O2SR,Cytosol,47205528,CCCC(=O)NCC(=O)NC1=CC=C(C=C1)OC
C20372,3-Ketoglutaryl-[acp] methyl ester,C6H7O4SR,Cytosol,163312110,CC1=CC(=NC(=C1C#N)C)N2CCC(C2)CN(C)C
C20373,3-Hydroxyglutaryl-[acp] methyl ester,C6H9O4SR,Cytosol,163312111,C1CN(CC2=CC(=NN2C1)C#N)C(=O)C3=C4C(=CC=C3)N=CS4
C20376,3-Ketopimeloyl-[acp] methyl ester,C8H11O4SR,Cytosol,163312114,CC1=CC=CC=C1S(=O)(=O)N2CCCC3(C2)CCC4=CN=C(N=C34)N(C)C
C20377,3-Hydroxypimeloyl-[acp] methyl ester,C8H13O4SR,Cytosol,163312115,CC(C)(C)C1CN(CC(O1)C2=CC=CC=C2)CCC(=O)O
C00083,Malonyl-CoA,C24H38N7O19P3S,Cytosol,3383,C1=CC=C(C(=C1)C2=C3C=CC(=O)C=C3OC4=C2C=CC(=C4)O)C(=O)O
C05223,Dodecanoyl-[acyl-carrier protein],C12H23OSR,Cytosol,7620,CCCCN(CCO)CCO
C00059,Sulfate,H2SO4,Cytosol,3359,COC1=CC2=C(C=C1)NC3=C2C4=C(C=C3)C=C[N+](=C4)CCNCCCCCCNCC[N+]5=CC6=C(C=CC7=C6C8=C(N7)C=CC(=C8)OC)C=C5
C00067,Formaldehyde,CH2O,Cytosol,3367,C1=NC2=C(N=C(N=C2N1C3C(C(C(O3)CO)O)O)F)N
C00632,3-Hydroxyanthranilate,C7H7NO3,Cytosol,3905,CC(C)CC(C(CC1=CN=CN1)(C(=O)O)O)N
C05640,Cinnavalininate,C14H8N2O6,Cytosol,7951,CC1=CC(=CC(=C1)N)N
C00704,Superoxide,O2,Cytosol,3971,C1CN(CCN1)C2=CC(=O)C3=C(O2)C(=CC=C3)C4=CC=CC=C4
C00468,Estrone,C18H22O2,Cytosol,3751,CC1CC=C(C(C1(C)C)C=CC(=CCCC2(C(C(=C(C)C=O)CCC2(C)O)CCCO)CO)C)C
C05300,16alpha-Hydroxyestrone,C18H22O3,Cytosol,7684,CC1=CC=C(C=C1)NC(=O)C
C01227,Dehydroepiandrosterone,C19H28O2,Cytosol,4449,CCC1=NN(C(=O)N1CCOC2=CC=CC=C2)CCCN3CCN(CC3)C4=CC(=CC=C4)Cl
C05139,16alpha-Hydroxydehydroepiandrosterone,C19H28O3,Cytosol,7558,CC(CC1CCCCC1)NC
C07047,Ifosfamide,C7H15Cl2N2O2P,Cytosol,9259,C1=CC=NN=C1
C16550,Dechloroethylcyclophosphamide,C5H12ClN2O2P,Cytosol,51090879,CC1=CN(N=C1)C2=CC=C(C=C2)C(=O)N(CC3=CC=NC=C3)C4CC4
C06754,Chloroacetaldehyde,C2H3ClO,Cytosol,8975,C1=NC2=C(N=C(N=C2N1C3C(C(C(O3)CO)O)O)F)N
C16555,2-Dechloroethylifosfamide,C5H12ClN2O2P,Cytosol,51090884,CC1=CN(N=C1)C2=CC=C(C=C2)C(=O)NCCCOCCOC
C00777,Retinoate,C20H28O2,Cytosol,4038,CC1=C(C(=C(C=C1)Cl)NC2=CC=CC=C2C(=O)[O-])Cl.[Na+]
C03024,[Reduced NADPH---hemoprotein reductase],,Cytosol,5930,CNC1=CC=C(C=C1)O.CNC1=CC=C(C=C1)O.OS(=O)(=O)O
C16679,all-trans-18-Hydroxyretinoic acid,C20H28O3,Cytosol,51091002,CC1=NN(C=C1C(=O)C=CC2=CSC(=N2)COC3=CC=CC=C3)C
C03161,[Oxidized NADPH---hemoprotein reductase],,Cytosol,6046,C1COCCN1N=O
C16680,"all-trans-5,6-Epoxyretinoic acid",C20H28O3,Cytosol,51091003,CC1=CC(=NC2=NC(=NN12)SCC3=CC(=CC=C3)C(=O)N(C)C)C
C16677,all-trans-4-Hydroxyretinoic acid,C20H28O3,Cytosol,51091000,CC1=NOC2=C1C=C(C=N2)C(=O)NCC3=CC=CC=C3N4CCCC4
C06800,Aflatoxin B1,C17H12O6,Cytosol,9019,CCCCOC(=S)[S-].CCCCOC(=S)[S-].[Zn+2]
C19585,Aflatoxin Q1,C17H12O7,Cytosol,124490257,COC1=C(C=C(C=C1)C2=C(C=CC(=C2)CC(CO)O)O)CC(CO)O
C19586,"Aflatoxin B1-exo-8,9-epoxide",C17H12O7,Cytosol,124490258,COC1=C(C=C(C=C1)C2=C(C=CC(=C2)CC(CO)O)O)CC(CO)O
C00153,Nicotinamide,C6H6N2O,Cytosol,3453,CCCCCC=CCC=CCC=CCCCCC(=O)O
C00253,Nicotinate,C6H5NO2,Cytosol,3552,C1=CC(=CC=C1C(=O)O)S(=O)(=O)N(Cl)Cl
C00198,"D-Glucono-1,5-lactone",C6H10O6,Cytosol,3498,CC(C)CC(CC(=O)NO)C(=O)NC(CC1=CNC2=CC=CC=C21)C(=O)NC
C00257,D-Gluconic acid,C6H12O7,Cytosol,3556,CC(CCC(C)C(C)(C)C)C1CCC2C1(CCC3C2CC(C4C3(CC(C(C4)OS(=O)(=O)[O-])OS(=O)(=O)[O-])C)OS(=O)(=O)[O-])C
C01040,"L-Gulono-1,4-lactone",C6H10O6,Cytosol,4282,CCNCCCNCCCNCCCNCC
C00800,L-Gulonate,C6H12O7,Cytosol,4058,CCOC(=O)C1(CCN(CC1)C)C2=CC=CC=C2
C01880,epsilon-Caprolactone,C6H10O2,Cytosol,4993,CCC1=C(C(=NC(=N1)N)N)C2=CC=C(C=C2)Cl
C06103,6-Hydroxyhexanoic acid,C6H12O3,Cytosol,8367,CCC(CC1=CNC2=CC=CC=C21)N
C00217,D-Glutamate,C5H9NO4,Cytosol,3517,C1=CC(=C(C(=C1)Cl)C=NN=C(N)N)Cl
C00081,ITP,C10H15N4O14P3,Cytosol,3381,CC1(OC2CC3C4CC(C5=CC(=O)C=CC5(C4(C(CC3(C2(O1)C(=O)CO)C)O)F)C)F)C
C00700,XTP,C10H15N4O15P3,Cytosol,3968,CCNCC1=CC(=C(C(=C1)C(C)(C)C)O)C(C)(C)C
C01345,dITP,C10H15N4O13P3,Cytosol,4550,C1CCC2=C(C1)C(=CC3=C(C(=O)N=C23)N=O)N(O)O
C06196,2'-Deoxyinosine 5'-phosphate,C10H13N4O7P,Cytosol,8446,CC1=NC2=CC=CC=C2S1
C16617,6-Mercaptopurine ribonucleoside triphosphate,C10H15N4O13P3S,Cytosol,51090943,CC(C1=C(C=CC(=C1)F)OC)NC(=O)C2CCCN(C2)C(=O)C3CC3
C00106,Uracil,C4H4N2O2,Cytosol,3406,CC1=CNN=C1
C01168,Pseudouridine 5'-phosphate,C9H13N2O9P,Cytosol,4395,CC(=NCCCC(C(=O)O)N)N
C00355,"3,4-Dihydroxy-L-phenylalanine",C9H11NO4,Cytosol,3648,CN1CCC23C4C1CC5=C2C(=C(C=C5)O)OC3C(=O)CC4
C17758,"4,5-seco-Dopa",C9H11NO6,Cytosol,96024085,CC1=C(C2=C(CCNC2C3CC4=CC=CC=C4N3)C=C1)C
C01586,Hippurate,C9H9NO3,Cytosol,4741,CC1=C(N=C(N=C1N)C(CC(=O)N)NCC(C(=O)N)N)C(=O)NC(C(C2=CN=CN2)OC3C(C(C(C(O3)CO)O)O)OC4C(C(C(C(O4)CO)O)OC(=O)N)O)C(=O)NC(C)C(C(C)C(=O)NC(C(C)O)C(=O)NCCC5=NC(=CS5)C6=NC(=CS6)C(=O)NCCCNC(C)C7=CC=CC=C7)O
C00180,Benzoate,C7H6O2,Cytosol,3480,C(C1C(C(C(C2(O1)C(=O)NC(=N2)S)O)O)O)O
C21485,Cytidylyl molybdenum cofactor,C19H24MoN8O15P2S2,Cytosol,333497468,
C00366,Urate,C5H4N4O3,Cytosol,3657,C(=O)(N)NO
C00077,L-Ornithine,C5H12N2O2,Cytosol,3377,C1C[NH+](CC[NH+]1CC=CC2=CC=CC=C2)C(C3=CC=C(C=C3)F)C4=CC=C(C=C4)F
C00121,D-Ribose,C5H10O5,Cytosol,3421,CC1C(O1)P(=O)([O-])[O-]
C00673,2-Deoxy-D-ribose 5-phosphate,C5H11O7P,Cytosol,3942,C[N+]1(CCCC(=C(C2=CC=CS2)C3=CC=CS3)C1)C
C01801,Deoxyribose,C5H10O4,Cytosol,4927,CC(CN1C2=CC=CC=C2SC3=CC=CC=C31)N(C)C
C04039,"2,3-Dihydroxy-3-methylbutanoate",C5H10O4,Cytosol,6741,CC1CC2C3CCC(C3(CC(C2C4(C1=CC(=O)C=C4)C)O)C)(C(=O)CO)O
C04272,"(R)-2,3-Dihydroxy-3-methylbutanoate",C5H10O4,Cytosol,6935,CC1=CC(=C(C=C1Cl)N)S(=O)(=O)O
C06007,"(R)-2,3-Dihydroxy-3-methylpentanoate",C6H12O4,Cytosol,8280,CCC1(C(=O)N(C(=O)O1)C)C
C00671,(S)-3-Methyl-2-oxopentanoic acid,C6H10O3,Cytosol,3940,C1C(C(C(C(C1N)OC2C(CC(C(O2)CO)O)N)OC3C(C(C(O3)CO)OC4C(C(C(C(O4)CN)OC5C(C(C(C(O5)CO)O)O)O)O)N)O)O)N
C00378,Thiamine,C12H17N4OS,Cytosol,3668,CNC(=O)C1C(C(C(O1)N2C=NC3=C(N=CN=C32)NCC4=CC(=CC=C4)I)O)O
C04294,5-(2-Hydroxyethyl)-4-methylthiazole,C6H9NOS,Cytosol,6954,C1=C(C=C(C(=C1[N+](=O)[O-])O)[N+](=O)[O-])[N+](=O)[O-]
C20267,4-Amino-5-aminomethyl-2-methylpyrimidine,C6H10N4,Cytosol,163312007,CN1C2=CC=CC=C2N=C1CN3CCC4(CC3)CNC(=O)CO4
C00032,Heme,C34H32FeN4O4,Cytosol,3334,COC(=O)NC1=NC2=C(N1)C=C(C=C2)SC3=CC=CC=C3
C00448,"trans,trans-Farnesyl diphosphate",C15H28O7P2,Cytosol,3736,CN(CC(CO)O)C(=O)C1=C(C(=C(C(=C1I)C(=O)NCC(CO)O)I)NC(=O)COC)I
C15672,Heme O,C49H58FeN4O5,Cytosol,47204998,CS(=O)(=O)NC1=CC=C(C=C1)C(=O)NCC2=COC=C2
C01011,(3S)-Citramalyl-CoA,C26H42N7O20P3S,Cytosol,4256,CCOC(=O)NC1=C[N+](=NC1)N2CCOCC2
C00490,Itaconate,C5H6O4,Cytosol,3773,C1CNCCC1C(=O)O
C00531,Itaconyl-CoA,C26H40N7O19P3S,Cytosol,3813,CC12C(CC(O1)N3C4=CC=CC=C4C5=C6C(=C7C8=CC=CC=C8N2C7=C53)CNC6=O)(C(=O)OC)O
C02614,(S)-2-Methylmalate,C5H8O5,Cytosol,5599,C1=CC=C2C(=C1)C(=CN2)CC(=N)C(=O)O
C02505,2-Phenylacetamide,C8H9NO,Cytosol,5517,C1CN(CC1N)C2=C(C=C3C(=O)C(=CN(C3=N2)C4=C(C=C(C=C4)F)F)C(=O)O)F
C07086,Phenylacetic acid,C8H8O2,Cytosol,9297,CC(C)C(CC=C)C(=O)N
C02693,(Indol-3-yl)acetamide,C10H10N2O,Cytosol,5661,CC(=CC1N2C3C(CC(OO1)(C)C)N4C(=O)C5CCCN5C(=O)C4(C(C3C6=C2C=C(C=C6)OC)O)O)C
C00954,Indole-3-acetate,C10H9NO2,Cytosol,4205,CN1CCN2C(C1)C3=CC=CC=C3CC4=C2N=CC=C4
C03078,4-Guanidinobutanamide,C5H12N4O,Cytosol,5976,CN(C)N
C01035,4-Guanidinobutanoate,C5H11N3O2,Cytosol,4278,CN(C)C(=O)N=NC(=O)N(C)C
C03620,Monocarboxylic acid amide,CH2NOR,Cytosol,6404,CC(C)(C)CO
C00060,Carboxylate,CO2R,Cytosol,3360,C1=CC=C(C(=C1)C(=O)OCC(CO)O)NC2=C3C=CC=C(C3=NC=C2)C(F)(F)F
C00511,Acrylic acid,C3H4O2,Cytosol,3794,COC1=C(C=C2C(=C1)C(=NC=N2)NC3=CC=C(C=C3)O)OC
C01659,Acrylamide,C3H5NO,Cytosol,4808,CC1CCC2C(C1(CCCCC3(CC4(CCC3C(C4CC5=C(C=CC(=C5)OS(=O)(=O)O)O)(C)C)O)C)O)(CCCC(O2)(C)C)C
C09815,Benzamide,C7H7NO,Cytosol,12003,C1=CC(=C(C=C1O)Br)Br
C02962,D-Allose 6-phosphate,C6H13O9P,Cytosol,5878,CC12CCC3C(C1CCC2(C)O)CCC4C3(COC(=O)C4)C
C18096,D-Allulose 6-phosphate,C6H13O9P,Cytosol,96024313,CC1=C(C2=C(CCNC2C3=C(C=CN=C3)Cl)C=C1)C
C00101,Tetrahydrofolate,C19H23N7O6,Cytosol,3401,C1=CC=C(C=C1)C(C2=CC=C(C=C2)F)(C3=CC=CC=C3F)N4C=CN=C4
C09332,THF-L-glutamate,C24H30N8O9,Cytosol,11523,CC1CCC(CC1)C
C00415,Dihydrofolate,C19H21N7O6,Cytosol,3705,C1=CC2=C(C=C1S(=O)(=O)O)C(=C(N2)C3=NC4=C(C3=O)C=C(C=C4)S(=O)(=O)O)O
C03541,THF-polyglutamate,C24H30N8O9(C5H7NO3)n-2,Cytosol,6345,C(F)F
C11038,2'-Deoxy-5-hydroxymethylcytidine-5'-diphosphate,C10H17N3O11P2,Cytosol,13221,CC1(C2CCC(C2)C1(C)NC)C.Cl
C11039,2'-Deoxy-5-hydroxymethylcytidine-5'-triphosphate,C10H18N3O14P3,Cytosol,13222,CC(C)(C1=CC=CC=C1)C(=O)O
C00454,NDP,C5H11O10P2R,Cytosol,3740,C1=C(C(=C(C(=C1I)NC(=O)COCCOCCOCC(=O)NC2=C(C=C(C(=C2I)C(=O)O)I)I)I)C(=O)O)I
C00201,Nucleoside triphosphate,C5H12O13P3R,Cytosol,3501,CN1C2=CC=CC=C2C3=C4C(=C5C6=CC=CC=C6N(C5=C31)CCC#N)CNC4=O
C00104,IDP,C10H14N4O11P2,Cytosol,3404,COCCCCC(=NOCCN)C1=CC=C(C=C1)C(F)(F)F
C00131,dATP,C10H16N5O12P3,Cytosol,3431,CCCCC(C)C(C(CC(C)CC(CCCCC(CC(C(C)N)O)O)O)OC(=O)CC(CC(=O)O)C(=O)O)OC(=O)CC(CC(=O)O)C(=O)O
C00286,dGTP,C10H16N5O13P3,Cytosol,3581,CC1=C(C2=CC3=C(C(=C([N-]3)C=C4C(C(=O)C(=N4)C=C5C(C(=O)C(=N5)C=C1[N-]2)(C)CC(=O)O)(C)CC(=O)O)C)CCC(=O)O)CCC(=O)O.[Fe+2]
C00458,dCTP,C9H16N3O13P3,Cytosol,3742,CC(=O)N(C)C1=C(C(=C(C(=C1I)C(=O)NCC(=O)NC2=C(C(=C(C(=C2I)C(=O)O)I)C(=O)NCCO)I)I)C(=O)NC)I
C00460,dUTP,C9H15N2O14P3,Cytosol,3744,C1=CC=C2C(=C1)C(=CN2)CCC(=O)O
C01344,dIDP,C10H14N4O10P2,Cytosol,4549,C1=CC=C(C=C1)CCCNC2=C(C=C(C=C2)[N+](=O)[O-])C(=O)O
C21748,5-Fluorouridine diphosphate,C9H13FN2O12P2,Cytosol,354264342,
C21749,5-Fluorouridine triphosphate,C9H14FN2O15P3,Cytosol,354264343,
C21750,5-Fluorodeoxyuridine diphosphate,C9H13FN2O11P2,Cytosol,354264344,
C21751,5-Fluorodeoxyuridine triphosphate,C9H14FN2O14P3,Cytosol,354264345,
C22442,dZDP,C10H16N6O9P2,Cytosol,497619801,
C22443,dZTP,C10H17N6O12P3,Cytosol,497619802,
C01996,Acetylcholine,C7H16NO2,Cytosol,5093,CCCCCCCCCCCCCCCCCC(=O)NCCCCC(C(=O)O)NC(=O)CCC(C(=O)N)NC(=O)C(C)NC(=O)C(C)OC1C(C(OC(C1O)CO)O)NC(=O)C
C03287,L-Glutamyl 5-phosphate,C5H10NO7P,Cytosol,6144,C(CN(CC(=O)[O-])CC(=O)[O-])N(CC(=O)[O-])CC(=O)[O-].[Na+].[Na+].[Na+].[Na+]
C01165,L-Glutamate 5-semialdehyde,C5H9NO3,Cytosol,4392,CC1=CC2=C(C=C1)N(C=N2)C3C(C(C(O3)COP(=O)(O)O)O)O
C01102,O-Phospho-L-homoserine,C4H10NO6P,Cytosol,4336,CC(=CCCC(=CCCC(=CCSCC(C(=O)OC)NC(=O)C)C)C)C
C06056,4-Hydroxy-L-threonine,C4H9NO4,Cytosol,8326,C12=C(C(=C(C(=C1Cl)Cl)Cl)Cl)C(=O)OC2=O
C06032,D-erythro-3-Methylmalate,C5H8O5,Cytosol,8304,CC(C)OP(OC(C)C)OC(C)C
C04411,"(2R,3S)-3-Isopropylmalate",C7H12O5,Cytosol,7045,C1=CC=C2C(=C1)N=CC=N2
C04236,(2S)-2-Isopropyl-3-oxosuccinate,C7H10O5,Cytosol,6905,C1(=C(C(=C(C(=C1Br)Br)Br)Br)Br)Br
C00233,4-Methyl-2-oxopentanoate,C6H10O3,Cytosol,3532,C1CNCC(=C1)C(=O)O
C04593,"(2S,3R)-3-Hydroxybutane-1,2,3-tricarboxylate",C7H10O7,Cytosol,7191,C1=CC=C(C=C1)COC(=O)C2=CN=CC=C2
C00311,Isocitrate,C6H8O7,Cytosol,3605,CCCCCC(=O)SCCNC(=O)CCNC(=O)C(C(C)(C)COP(=O)(O)OP(=O)(O)OCC1C(C(C(O1)N2C=NC3=C(N=CN=C32)N)O)OP(=O)(O)O)O
C18091,Ethylnitronate,C2H4NO2,Cytosol,96024308,CCOC(=O)CCC1C2=C(CCN1)C=CC(=C2C)C
C00084,Acetaldehyde,C2H4O,Cytosol,3384,CC1CC2C3CCC(C3(CC(C2(C4(C1=CC(=O)C=C4)C)F)O)C)(C(=O)C)O
C00061,FMN,C17H21N4O9P,Cytosol,3361,COC1(C2N(C1=O)C(=C(CO2)CSC3=NN=NN3CCO)C(=O)O)NC(=O)CSCF
C00349,2-Methyl-3-oxopropanoate,C4H6O3,Cytosol,3642,CCCC(=O)OC1(CCC2C1(CC(C3C2CCC4=CC(=O)CCC34C)O)C)C(=O)CO
C05668,3-Hydroxypropionyl-CoA,C24H40N7O18P3S,Cytosol,7976,CC1=NC=CN=C1
C06000,(S)-3-Hydroxyisobutyryl-CoA,C25H42N7O18P3S,Cytosol,8274,C=CCC1(C(=O)NC(=O)NC1=O)C2=CC=CC=C2
C00224,Adenylyl sulfate,C10H14N5O10PS,Cytosol,3524,C1=NC2=C(N1C3C4C(C(O3)CO)OP(=S)(O4)O)NC(=NC2=O)N
C00053,3'-Phosphoadenylyl sulfate,C10H15N5O13P2S,Cytosol,3355,C1CCNC(C1)C[NH2+]C(=O)C2=C(C=CC(=C2)OCC(F)(F)F)OCC(F)(F)F
C05686,Adenylylselenate,C10H14N5O10PSe,Cytosol,7993,CN(C)CCCN
C05696,3'-Phosphoadenylylselenate,C10H15N5O13P2Se,Cytosol,8003,CCCCC
C05697,Selenate,H2SeO4,Cytosol,8004,CCCC=C
C00054,"Adenosine 3',5'-bisphosphate",C10H15N5O10P2,Cytosol,3356,C1CCNC(C1)CNC(=O)C2=C(C=CC(=C2)OCC(F)(F)F)OCC(F)(F)F
C01528,Hydrogen selenide,H2Se,Cytosol,4690,CN1C(=O)N(OC1=O)C2=CC(=C(C=C2)Cl)Cl
C05684,Selenite,SeO3,Cytosol,7991,CCCCC(=O)O
C00330,Deoxyguanosine,C10H13N5O4,Cytosol,3624,CC[N+]1=C2C=C(C=CC2=C3C=CC(=CC3=C1C4=CC=CC=C4)N)N
C00536,Triphosphate,H5P3O10,Cytosol,3818,COC1=C(C=C(C=C1)CCNCC(C2=CC=C(C=C2)O)O)OC
C00195,N-Acylsphingosine,C19H36NO3R,Cytosol,3495,CC1(C2CCC3(C(C2(CCC1OC4C(C(C(C(O4)C(=O)O)O)O)OC5C(C(C(C(O5)C(=O)O)O)O)O)C)C(=O)C=C6C3(CCC7(C6CC(CC7)(C)C(=O)O)C)C)C)C
C00319,Sphingosine,C18H37NO2,Cytosol,3613,C1=CC(=C(C=C1C=CC2=CC(=O)C=C(O2)O)O)O
C12126,Dihydroceramide,C19H38NO3R,Cytosol,14273,C1=CC=NC(=C1)C=O
C00836,Sphinganine,C18H39NO2,Cytosol,4094,CN(C)C1C2C(C3C(=C)C4=C(C(=CC=C4)O)C(=C3C(=O)C2(C(=O)C(=C(N)O)C1=O)O)O)O
C12145,Phytoceramide,C19H38NO4R,Cytosol,14292,CC1(CC(=O)NC(=O)C1)C
C12144,Phytosphingosine,C18H39NO3,Cytosol,14291,CC1CC(=CC(=O)C1)C
C00683,(S)-Methylmalonyl-CoA,C25H40N7O19P3S,Cytosol,3952,CCC1=CC=C(C=C1)C(=C(C2=CC=CC=C2)Br)C3=CC=CC=C3
C04419,Carboxybiotin-carboxyl-carrier protein,C18H26N5O6SR2,Cytosol,7051,CCCCN(C1=CC=CC=C1)C(=O)C
C06250,Holo-[carboxylase],C17H27N5O4SR2,Cytosol,8489,C1=CC(=CC(=C1)Cl)[N+](=O)[O-]
C00173,Acyl-[acyl-carrier protein],C3H4OSR2,Cytosol,3473,CCCCCC(CC(=O)CCC1=CC(=C(C=C1)O)OC)O
C01209,Malonyl-[acyl-carrier protein],C3H3O3SR,Cytosol,4431,COC1=CC=CC=C1N2CCN(CC2)CCCCN3C(=O)C4=CC=CC=C4C3=O
C00229,Acyl-carrier protein,HSR,Cytosol,3528,CC(=CCCC(=CCC1CC2(C(=O)C(=C(C3=CC(=C(C=C3)O)O)O)C(=O)C(C2=O)(C1(C)C)CC=C(C)C)CC=C(C)CCC=C(C)C)C)C
C03939,Acetyl-[acyl-carrier protein],C2H3OSR,Cytosol,6663,CCC1=CC2=C(C=C1)C(CCC2(C)C)(C)C
C05745,Butyryl-[acp],C4H7OSR,Cytosol,8040,CC(=O)OOC(=O)C
C05749,Hexanoyl-[acp],C6H11OSR,Cytosol,8044,CCCCCCCCCCCCCCCCCC(=O)NCCNC(=O)CCCCCCCCCCCCCCCCC
C05752,Octanoyl-[acp],C8H15OSR,Cytosol,8047,CCCCCCCCCCCCCC(=O)OCCCC
C05755,Decanoyl-[acp],C10H19OSR,Cytosol,8050,CCCCCCCCCC(=O)OC
C05761,Tetradecanoyl-[acp],C14H27OSR,Cytosol,8056,C(CCBr)CBr
C05764,Hexadecanoyl-[acp],C16H31OSR,Cytosol,8059,C(CCCl)CCl
C19673,Malonyl-[acp] methyl ester,C4H5O3SR,Cytosol,135626141,CC(C(C(=O)N)NC(=O)C(C)NC(=O)C(CC1=CC=CC=C1)CC(C(CC2=CC=CC=C2)NC(=O)OC(C)(C)C)O)O
C20375,Glutaryl-[acp] methyl ester,C6H9O3SR,Cytosol,163312113,CC1=C(C=CC(=C1)OCC2=NC3=C(CCN3)C=C2)C(C)C
C02247,Anthraniloyl-CoA,C28H41N8O17P3S,Cytosol,5310,CC1CCC2C3C1(CC2(C)C)C(=C)C(=O)C3
C21873,2-Methylquinolin-4-ol,C10H9NO,Cytosol,,
C00068,Thiamin diphosphate,C12H19N4O7P2S,Cytosol,3368,C1=NC2=C(N=C(N=C2N1C3C(C(C(O3)COP(=O)(O)O)O)O)F)N
C05125,2-(alpha-Hydroxyethyl)thiamine diphosphate,C14H23N4O8P2S,Cytosol,7546,C1=CC=C(C=C1)NC2=CC(=CC=C2)O
C15972,Enzyme N6-(lipoyl)lysine,C8H14NOS2R,Cytosol,47205285,CC(C(=O)NNC(=O)C1=CC=C(C=C1)Cl)N2C=CN=C2
C16255,[Dihydrolipoyllysine-residue acetyltransferase] S-acetyldihydrolipoyllysine,C10H18NO2S2R,Cytosol,47205563,CSC1=CC=C(C=C1)NC(=O)CN2CCS(=O)(=O)CC2
C00353,Geranylgeranyl diphosphate,C20H36O7P2,Cytosol,3646,CN1CCC2=CC3=C(C(=C2C1)OC)OCO3
C04691,2-Dehydro-3-deoxy-D-arabino-heptonate 7-phosphate,C7H13O10P,Cytosol,7271,C1=C(C(=CC(=C1Cl)Cl)Cl)O
C01879,5-Oxoproline,C5H7NO3,Cytosol,4992,CN(C)CCN(CC1=CC=C(C=C1)OC)C2=CC=CC=N2
C06507,Adenosyl cobyrinate hexaamide,C55H77CoN15O11,Cytosol,8738,CCCCOC(=O)C(C)O
C04122,D-1-Aminopropan-2-ol O-phosphate,C3H10NO4P,Cytosol,6809,C1=CC=C2C(=C1)C(=O)NC2=O
C06509,Adenosyl cobinamide phosphate,C58H85CoN16O14P,Cytosol,8740,C1=CC(=CC=C1[N+](=O)[O-])S(=O)(=O)O
C03194,(R)-1-Aminopropan-2-ol,C3H9NO,Cytosol,6071,CC(CO)NC(=O)C1CN(C2CC3=CNC4=CC=CC(=C34)C2=C1)C
C06508,Adenosyl cobinamide,C58H84CoN16O11,Cytosol,8739,C1=CC(=CC=C1C(=O)O)S(=O)(=O)N
C04778,"N1-(5-Phospho-alpha-D-ribosyl)-5,6-dimethylbenzimidazole",C14H19N2O7P,Cytosol,7342,CCOC(=O)C(C)C
C05775,alpha-Ribazole,C14H18N2O4,Cytosol,8070,CNCCNC
C00143,"5,10-Methylenetetrahydrofolate",C20H23N7O6,Cytosol,3443,CC1C2CCC3(C(C2(CCC1O)C)C(CC4C3(CC(C4=C(CCC=C(C)C)C(=O)O)OC(=O)C)C)O)C
C00966,2-Dehydropantoate,C6H10O4,Cytosol,4217,C1CNCCN(C1)S(=O)(=O)C2=CC=CC3=C2C=CC=C3Cl
C16236,[Protein]-N6-(octanoyl)-L-lysine,C8H16NOR,Cytosol,47205544,CC(C)(C)NC(=O)CNC(=O)CN1CCS(=O)(=O)CC1
C22154,[Fe-S] cluster scaffold protein carrying a [4Fe-4S]2+ cluster,,Cytosol,405226345,
C22150,Reduced [2Fe-2S] ferredoxin,,Cytosol,405226341,
C16832,[Protein]-N6-[(R)-dihydrolipoyl]-L-lysine,C8H16NOS2R,Cytosol,96023356,C1CNC(C2=CC(=C(C=C21)F)O)C(C3=CC=CC=C3F)O
C22155,[Fe-S] cluster scaffold protein,,Cytosol,405226346,
C22151,Oxidized [2Fe-2S] ferredoxin,,Cytosol,405226342,
C22160,[Lipoyl-carrier protein E2]-N6-octanoyl-L-lysine,C8H16NOR,Cytosol,405226351,
C15973,Enzyme N6-(dihydrolipoyl)lysine,C8H16NOS2R,Cytosol,47205286,C1CC1NC(=O)CN2CCS(=O)(=O)CC2
C22159,[Glycine cleavage system H]-N6-octanoyl-L-lysine,C8H16NOR,Cytosol,405226350,
C02972,Dihydrolipoylprotein,C8H16NOS2R,Cytosol,5884,C1C=CN(C=C1C(=O)N)C2C(C(C(O2)COP(=O)(O)OP(=O)(O)OCC3C(C(C(O3)N4C=NC5=C(N=CN=C54)N)OP(=O)(O)O)O)O)O
C16240,[Lipoyl-carrier protein]-L-lysine,NH2R,Cytosol,47205548,CC(C(=O)NNC(=O)CC1=CC=C(C=C1)Cl)S(=O)(=O)C
C16239,Lipoyl-[acp],C8H13OS3R,Cytosol,47205547,CC(C(=O)NNC(=O)CC1=CC=C(C=C1)F)S(=O)(=O)C
C16237,Protein N6-(lipoyl)lysine,C8H14NOS2R,Cytosol,47205545,CC1=CC(=NO1)NC(=O)C(=O)NC2=NN(C=C2)C
C22158,Lipoyl-carrier protein E2,NH2R,Cytosol,405226349,
C22157,Glycine cleavage system H,NH2R,Cytosol,405226348,
C00630,2-Methylpropanoyl-CoA,C25H42N7O17P3S,Cytosol,3903,CC(C)CC(C(=O)O)NC(=O)C(CC1=CC=CC=C1)NC(=O)CNC(=O)CNC(=O)C(CC2=CC=C(C=C2)O)N
C02939,3-Methylbutanoyl-CoA,C26H44N7O17P3S,Cytosol,5858,CCC1(CCC2C1(CCC3C2CCC4=CC(=O)CCC34)C)O
C00579,Dihydrolipoamide,C8H17NOS2,Cytosol,3858,C1=CC=C(C=C1)CC(CC(=O)O)C(=O)O
C00248,Lipoamide,C8H15NOS2,Cytosol,3547,C1CNCCN(C1)S(=O)(=O)C2=CC=CC3=C2C=CN=C3
C00322,2-Oxoadipate,C6H8O5,Cytosol,3616,CC(=O)NCCCCCCNC(=O)C
C00527,Glutaryl-CoA,C26H42N7O19P3S,Cytosol,3810,CN(C)C1=CC=C(C=C1)C(=O)NCCCCC(=O)NO
C15980,(S)-2-Methylbutanoyl-CoA,C26H44N7O17P3S,Cytosol,47205293,C1=CC(=C(C=C1F)Cl)OCC(=O)NCC2=CC=NN2
C02051,Lipoylprotein,C8H14NOS2R,Cytosol,5140,CCCCCCSCC(C(=O)NCC(=O)O)NC(=O)CCC(C(=O)O)[NH3+]
C00123,L-Leucine,C6H13NO2,Cytosol,3423,CC1=C(C(=C(N1)C)C(=O)OC)C(=O)C2=CC=CC=C2CC3=CC=CC=C3
C00183,L-Valine,C5H11NO2,Cytosol,3483,C1(C2C(C(C(=O)O2)O)OC1O)O
C00407,L-Isoleucine,C6H13NO2,Cytosol,3697,C1=C(C2=C(N1)C(=O)N=C(N2)N)C3C(C(C(N3)COP(=O)(O)O)O)O
C17211,2-Oxo-5-methylthiopentanoic acid,C6H10O3S,Cytosol,96023619,C1CNC(C2=C1C=CC(=C2F)O)C3=NC=CN=C3
C17213,Homomethionine,C6H13NO2S,Cytosol,96023621,C1CNC(C2=CC(=C(C=C21)F)O)C3=NC=CN=C3
C00161,2-Oxo acid,C2HO3R,Cytosol,3461,C1=CN(C(=O)N=C1N)C2C(C(C(O2)CO)O)(F)F
C17216,2-Oxo-6-methylthiohexanoic acid,C7H12O3S,Cytosol,96023624,CN(C)C1=CC=CC(=C1)C2C3=CC(=C(C=C3CCN2)F)O
C17217,Dihomomethionine,C7H15NO2S,Cytosol,96023625,CN(C)C1=CC=CC(=C1)C2C3=CC(=C(C=C3CCN2)F)O
C02356,(S)-2-Aminobutanoate,C4H9NO2,Cytosol,5403,CC(C)(C)NCC(C1=CC(=CC(=C1)O)O)O
C00194,Cobamide coenzyme,C72H100CoN18O17P,Cytosol,3494,C[N+]1(CCC(C1)OC(=O)C(C2CCCC2)(C3=CC=CC=C3)O)C
C06510,Adenosine-GDP-cobinamide,C68H97CoN21O21P2,Cytosol,8741,C1=CC=C(C(=C1)CO)OCC2C(C(C(C(O2)O)O)O)O
C21153,Adenosylcobalamin 5'-phosphate,C72H101CoN18O20P2,Cytosol,313369413,
C00212,Adenosine,C10H13N5O4,Cytosol,3512,CC1CC(=O)C=C(C12C(=O)C3=C(O2)C(=C(C=C3OC)OC)Cl)OC
C00369,Starch,(C12H20O10)n,Cytosol,3659,CNC1CC(C(C(C1O)OC2C3C(C(C(O2)CO)O)OC4(O3)C(C(C(C(O4)C(CO)N)O)O)O)O)N
C00721,Dextrin,(C12H20O10)n,Cytosol,3987,CCCCCCCCC=CCCCCCCCC(=O)OCC(COP(=O)(O)[O-])O.[Na+]
C00208,Maltose,C12H22O11,Cytosol,3508,C=CCC(C=O)C1CCCC1O
C01935,Maltodextrin,H2O(C6H10O5)n,Cytosol,5040,CC1CCC2CC(C(=CC=CC=CC(CC(C(=O)C(C(C(=CC(C(=O)CC(OC(=O)C3CCCCN3C(=O)C(=O)C1(O2)O)C(C)CC4CCC(C(C4)OC)O)C)C)O)OC)C)C)C)OC
C00021,S-Adenosyl-L-homocysteine,C14H20N6O5S,Cytosol,3323,CC(CCCC(C(F)(F)F)(C(F)(F)F)O)C1CCC2C1(CCCC2=CC=C3CC(CC(C3=C)O)O)C
C03172,S-Methyl-L-methionine,C6H14NO2S,Cytosol,6054,C1=CC=C(C=C1)CCO
C04302,N-(5-Phospho-D-ribosyl)anthranilate,C12H16NO9P,Cytosol,6961,C1=C(C(=CC(=C1C(=O)O)C(=O)O)C(=O)O)C(=O)O
C00638,Long-chain fatty acid,C3H5O2R,Cytosol,3911,CCNC(=O)C1CCCN1C(=O)C(CCCN=C(N)N)NC(=O)C(CC(C)C)NC(=O)C(CC(C)C)NC(=O)C(CC2=CC=C(C=C2)O)NC(=O)C(CO)NC(=O)C(CC3=CNC4=CC=CC=C43)NC(=O)C(CC5=CN=CN5)NC(=O)C6CCC(=O)N6
C02843,Long-chain acyl-CoA,C23H38N7O17P3S(CH2)2n,Cytosol,5783,C1=CC(=C(C(=C1C(=O)O)Cl)Cl)Cl
C00249,Hexadecanoic acid,C16H32O2,Cytosol,3548,C1CC(CCNC1)SC2=CC=CC3=C2C=CN=C3
C00416,Phosphatidate,C5H7O8PR2,Cytosol,3706,CC(C)(C)NC(=O)C1CN(CCN1CC(CC(CC2=CC=CC=C2)C(=O)NC3C(CC4=CC=CC=C34)O)O)CC5=CN=CC=C5
C00681,1-Acyl-sn-glycerol 3-phosphate,C4H8O7PR,Cytosol,3950,C1CCC(CC1)NC(=O)N(CCCl)N=O
C00040,Acyl-CoA,C22H35N7O17P3SR,Cytosol,3342,CC(C1=CC(=CC=C1)OC2=CC=CC=C2)C(=O)O
C01097,D-Tagatose 6-phosphate,C6H13O9P,Cytosol,4332,CCCCC(C=O)NC(=O)C(CC(C)C)NC(=O)C(CC(C)C)NC(=O)C
C03785,"D-Tagatose 1,6-bisphosphate",C6H14O12P2,Cytosol,6535,CCOP(=O)(OCC)OCC
C16144,"4,4'-Diapophytoene",C30H48,Cytosol,47205454,C1CS(=O)(=O)CCN1CC(=O)NC2=CC=C(C=C2)F
C16145,"4,4'-Diaponeurosporene",C30H42,Cytosol,47205455,CC1=CC=C(O1)CN(C)C(=O)CN2CCS(=O)(=O)CC2
C19797,"4,4'-Diapolycopene",C30H40,Cytosol,135626264,CN(CC1=CC=CC=C1)C(=O)CCCCCOC2=C3CN4C(=C)C(=O)NC4=NC3=C(C=C2)Cl
C19840,"4,4'-Diapophytofluene",C30H46,Cytosol,135626307,C1COC(CN1)C(CCCCCOC2=C3C(=C(C=C2)F)CN4C(C(=O)NC4=N3)CO)C(=O)N
C19841,"4,4'-Diapo-zeta-carotene",C30H44,Cytosol,135626308,CN(C1CCCCC1)C(=O)CCCCCOC2=CC=CC3=C2N=C4NC(=O)C(N4C3)CO
C00440,5-Methyltetrahydrofolate,C20H25N7O6,Cytosol,3729,CC(C)NC(C)CC1=CC=C(C=C1)I
C01127,4-Hydroxy-2-oxoglutarate,C5H6O6,Cytosol,4358,C1CCC(CC1)NC(=O)NCCCC2=CC=CC=C2
C04442,2-Dehydro-3-deoxy-6-phospho-D-gluconate,C6H11O9P,Cytosol,7071,C1=CC(=C(C=C1C2=CC(=C(C=C2)N)N)N)N
C00118,D-Glyceraldehyde 3-phosphate,C3H7O6P,Cytosol,3418,C1=CC=C(C(=C1)C(=O)O)OP(=O)(O)O
C17324,tRNA adenine,C10H14N5O7P(C5H8O6PR)n(C5H8O6PR)n,Cytosol,96023688,C1CNC(C2=CC(=C(C=C21)F)O)C3=CC=CC=C3S
C04432,tRNA containing 6-isopentenyladenosine,C15H22N5O7P(C5H8O6PR)n(C5H8O6PR)n,Cytosol,7063,C1=CC=C(C(=C1)C(=O)O)S[As](C2=CC=C(C=C2)NC(=O)N)SC3=CC=CC=C3C(=O)O
C00680,"meso-2,6-Diaminoheptanedioate",C7H14N2O4,Cytosol,3949,COC1=C(C(=C(C=C1)CN2CCN(CC2)C(C3=CC=C(C=C3)F)C4=CC=C(C=C4)F)OC)OC
C00842,dTDP-glucose,C16H26N2O16P2,Cytosol,4099,CCC1(C(=O)NC(=O)N(C1=O)C)CC
C02097,dTDP-galactose,C16H26N2O16P2,Cytosol,5181,CC(=CCCC(=CCC1=C(C=C(C=C1O)C=CC2=CC3=C(C(=C2)O)OC4(CC(C(C(C4C3)(C)C)O)O)C)O)C)C
C00177,Cyanide ion,CN,Cytosol,3477,CN1C(=O)C23CC4=CC=CC(C4N2C(=O)C1(SS3)CO)O
C01755,Thiocyanate,CHNS,Cytosol,4888,CC(C1=CC2=C(C=C1)OC3=C(C2)C=CC=N3)C(=O)O
C00957,Mercaptopyruvate,C3H4O3S,Cytosol,4208,C(C(C(C(C(CBr)O)O)O)O)Br
C00404,Polyphosphate,H4P2O7(HPO3)n,Cytosol,3694,CC(C(C=O)C1CC(=C(N1)C(=O)O)SCCN=CN)O
C01172,beta-D-Glucose 6-phosphate,C6H13O9P,Cytosol,4399,CC(C)C(C(=O)O)OC(=O)C(CS)NC(=O)CCCC(C(=O)O)N
C01177,Inositol 1-phosphate,C6H13O9P,Cytosol,4404,C1C(C(OC1N2C=NC3=C(N=CN=C32)NC(=O)COC4=CC=CC=C4)CO)O
C00137,myo-Inositol,C6H12O6,Cytosol,3437,C1=CC(=CN=C1)CC2=CC3=C(C=C2)OC(=C3)C(=O)O
C03546,myo-Inositol 4-phosphate,C6H13O9P,Cytosol,6349,[CH3-].[Mg+2].[Br-]
C04006,1D-myo-Inositol 3-phosphate,C6H13O9P,Cytosol,6716,CC1=CC(=O)C2=C(O1)C=C3C(=C2OC)C=CO3
C04242,5-Fluorodeoxyuridine monophosphate,C9H12FN2O8P,Cytosol,6908,CC1=C(C(=C(C(=C1C)C)C)C)C
C01144,(S)-3-Hydroxybutanoyl-CoA,C25H42N7O18P3S,Cytosol,4375,CNC(=O)C1=NC=C2C(=C1)C3=CC=CC=C3N2
C00877,Crotonoyl-CoA,C25H40N7O17P3S,Cytosol,4133,COC(=O)C1=CC=CC=C1O
C05262,(S)-3-Hydroxydodecanoyl-CoA,C33H58N7O18P3S,Cytosol,7649,CCOC(=O)C=CC1=CC=CC=C1
C03221,2-trans-Dodecenoyl-CoA,C33H56N7O17P3S,Cytosol,6094,CC1=C(C(=NC=C1CO)C)O
C05258,(S)-3-Hydroxyhexadecanoyl-CoA,C37H66N7O18P3S,Cytosol,7645,CCC(=O)O.C1=CC=C(C=C1)[Hg]
C05259,3-Oxopalmitoyl-CoA,C37H64N7O18P3S,Cytosol,7646,CC(C)C(=O)OCC1=CC=CC=C1
C05272,trans-Hexadec-2-enoyl-CoA,C37H64N7O17P3S,Cytosol,7659,C1=CC=C(C=C1)CCOC(=O)C=CC2=CC=CC=C2
C05260,(S)-3-Hydroxytetradecanoyl-CoA,C35H62N7O18P3S,Cytosol,7647,C1=CC=C(C=C1)CCC2=CC=CC=C2
C05261,3-Oxotetradecanoyl-CoA,C35H60N7O18P3S,Cytosol,7648,C1COCCN1SSN2CCOCC2
C05273,trans-Tetradec-2-enoyl-CoA,C35H60N7O17P3S,Cytosol,7660,CC(=O)OCC=CC1=CC=CC=C1
C05263,3-Oxododecanoyl-CoA,C33H56N7O18P3S,Cytosol,7650,CCCC(=O)OCC1=CC=CC=C1
C05264,(S)-Hydroxydecanoyl-CoA,C31H54N7O18P3S,Cytosol,7651,CC(C)CC(=O)OCC1=CC=CC=C1
C05265,3-Oxodecanoyl-CoA,C31H52N7O18P3S,Cytosol,7652,C1=CC=C(C=C1)COC(=O)C=CC2=CC=CC=C2
C05275,trans-Dec-2-enoyl-CoA,C31H52N7O17P3S,Cytosol,7662,CC(C)C(=O)OCCCC1=CC=CC=C1
C05266,(S)-3-Hydroxyoctanoyl-CoA,C29H50N7O18P3S,Cytosol,7653,C1=CC=C(C=C1)COC(=O)CCC(=O)OCC2=CC=CC=C2
C05267,3-Oxooctanoyl-CoA,C29H48N7O18P3S,Cytosol,7654,CC(=O)OCCC1=CC=CC=C1
C05276,trans-Oct-2-enoyl-CoA,C29H48N7O17P3S,Cytosol,7663,CC(C)C(=O)OCC=CC1=CC=CC=C1
C05268,(S)-Hydroxyhexanoyl-CoA,C27H46N7O18P3S,Cytosol,7655,CC(C)C(=O)OCCC1=CC=CC=C1
C05271,trans-Hex-2-enoyl-CoA,C27H44N7O17P3S,Cytosol,7658,CCCC(=O)OCCC1=CC=CC=C1
C16329,3-Hydroxy-OPC8-CoA,C39H64N7O19P3S,Cytosol,47205637,CCCCN(CC(=O)N)C(=O)C=CC1=CC=CC=C1
C16328,trans-2-Enoyl-OPC8-CoA,C39H62N7O18P3S,Cytosol,47205636,CCCCN(CC(=O)N)C(=O)C1=CC(=CC=C1)[N+](=O)[O-]
C16330,3-Oxo-OPC8-CoA,C39H62N7O19P3S,Cytosol,47205638,CCCCN(CC(=O)N)C(=O)C1=C(C=CS1)C
C16333,3-Hydroxy-OPC6-CoA,C37H60N7O19P3S,Cytosol,47205641,CCCCN(CC(=O)N)C(=O)COC1=CC=CC=C1C
C16332,trans-2-Enoyl-OPC6-CoA,C37H58N7O18P3S,Cytosol,47205640,CCCCN(CC(=O)N)C(=O)C1=CC=CC=C1C
C16334,3-Oxo-OPC6-CoA,C37H58N7O19P3S,Cytosol,47205642,C1CC1C(=O)NCC(=O)NC2=CN=CC=C2
C16337,3-Hydroxy-OPC4-CoA,C35H56N7O19P3S,Cytosol,47205645,CCCC(=O)NCC(=O)NC(C)C1=CC=C(O1)C
C16336,trans-2-Enoyl-OPC4-CoA,C35H54N7O18P3S,Cytosol,47205644,CCCC(=O)NCC(=O)NCC1=CC(=C(C=C1)F)C
C16338,3-Oxo-OPC4-CoA,C35H54N7O19P3S,Cytosol,47205646,CCCC(=O)NCC(=O)NC(C)C1=CC=C(S1)Cl
C03344,2-Methylacetoacetyl-CoA,C26H42N7O18P3S,Cytosol,6187,CC[N+](CC)(CC)C1CCC2(C(C1)CCC3C2CCC4(C3CCC4[N+](CC)(CC)CC)C)C.[I-].[I-]
C01944,Octanoyl-CoA,C29H50N7O17P3S,Cytosol,5048,C1CCN(CC1)CC2=C(C=C3C4=C2C=CC=C4C(=O)N(C3=O)CCCCCC(=O)NC5=CC=CC=C5N)O
C01832,Lauroyl-CoA,C33H58N7O17P3S,Cytosol,4951,CC1C(C(C(C(O1)OC2CCC3(C4CCC5(C(CCC5(C4CCC3=C2)O)C6=COC(=O)C=C6)C)C)O)O)O
C02593,Tetradecanoyl-CoA,C35H62N7O17P3S,Cytosol,5585,CC1=CC(=O)OC2=C1C=C3C=C(OC3=C2C)C
C05337,Chenodeoxycholoyl-CoA,C45H74N7O19P3S,Cytosol,7715,C1=CC=C(C=C1)OCCOCCO
C04644,"3alpha,7alpha-Dihydroxy-5beta-cholestanoyl-CoA",C48H80N7O19P3S,Cytosol,7233,CCCCCCCCC=CCCCCCCCC1=NCCN1CCO
C05274,Decanoyl-CoA,C31H54N7O17P3S,Cytosol,7661,CCC(=O)OCC=CC1=CC=CC=C1
C05270,Hexanoyl-CoA,C27H46N7O17P3S,Cytosol,7657,C1=CC=C(C=C1)COCC2=CC=CC=C2
C16331,OPC6-CoA,C37H60N7O18P3S,Cytosol,47205639,CCCCN(CC(=O)N)C(=O)C1=CC=CO1
C16335,OPC4-CoA,C35H56N7O18P3S,Cytosol,47205643,CCCC(=O)NCC(=O)NC(C)C1=CC=CC=N1
C16339,(+)-7-Isojasmonic acid CoA,C33H52N7O18P3S,Cytosol,47205647,CCCC(=O)NCC(=O)NC(C)CC1=CC=CO1
C16169,"(4Z,7Z,10Z,13Z,16Z,19Z)-Docosahexaenoyl-CoA",C43H66N7O17P3S,Cytosol,47205479,C#CCNC(=O)CCNC1=NC=CC=N1
C16376,"(6Z,9Z,12Z,15Z,18Z,21Z)-3-Oxotetracosahexaenoyl-CoA",C45H68N7O18P3S,Cytosol,47205684,CCCC(=O)NCC(=O)NC1=CC=C(C=C1)Cl
C16173,"(4Z,7Z,10Z,13Z,16Z)-Docosapentaenoyl-CoA",C43H68N7O17P3S,Cytosol,47205483,CC1=CC(=NC=C1)NC(=O)CC2=NN3C=CC=NC3=N2
C16389,"(6Z,9Z,12Z,15Z,18Z)-3-Oxotetracosapentaenoyl-CoA",C45H70N7O18P3S,Cytosol,47205687,COC(=O)C1=CC=C(C=C1)NC(=O)CNC(=O)C2CC2
C01051,Uroporphyrinogen III,C40H44N4O16,Cytosol,4293,C1=CSC(=C1)CNS(=O)(=O)C2=CC=C(S2)S(=O)(=O)N
C03263,Coproporphyrinogen III,C36H44N4O8,Cytosol,6127,C[N+]1(CCC(=C(C2=CC=CC=C2)C3=CC=CC=C3)CC1)C
C05766,Uroporphyrinogen I,C40H44N4O16,Cytosol,8061,CCCCC#N
C05768,Coproporphyrinogen I,C36H44N4O8,Cytosol,8063,CCCCC=O
C01079,Protoporphyrinogen IX,C34H40N4O4,Cytosol,4317,CC(C)CCNC(=O)C(CC(C)C)NC(=O)C(CC(=O)O)O
C02191,Protoporphyrin,C34H34N4O4,Cytosol,5261,CCCCCCCCCCCCCCCCCC(=O)NC(COP(=O)(O)OCC[N+](C)(C)C)C(C=CCCCCCCCCCCCCC)O
C05770,Coproporphyrin III,C36H38N4O8,Cytosol,8065,C(C=CCO)O
C21284,Fe-coproporphyrin III,C36H36FeN4O8,Cytosol,318172264,
C01236,"D-Glucono-1,5-lactone 6-phosphate",C6H11O9P,Cytosol,4457,CC1C(C(C(C(O1)OC2CCC3(C(C2)CCC4C3CCC5(C4(CCC5C6=CC(=O)OC6)O)C)C)O)OC)O
C05116,3-Hydroxybutanoyl-CoA,C25H42N7O18P3S,Cytosol,7540,C1=CC=C(C=C1)OP(OC2=CC=CC=C2)OC3=CC=CC=C3
C14145,(3S)-3-Hydroxyadipyl-CoA,C27H44N7O20P3S,Cytosol,7846957,CC(C(=O)NC1=CC=CC=C1F)OC(=O)CCC2=NC3=CC=CC=C3S2
C02232,3-Oxoadipyl-CoA,C27H42N7O20P3S,Cytosol,5296,COC(=O)CC1CCC(OO1)C2CCC(O2)CCCCCCC=CC=CCCC=C
C06752,"1,2-Dichloroethane",C2H4Cl2,Cytosol,8973,COC(C(C=O)O)C(C(CO)O)O
C06753,2-Chloroethanol,C2H5ClO,Cytosol,8974,C1=NC2=C(N=C(N=C2N1C3C(C(C(O3)CO)O)O)Cl)N
C01327,Hydrochloric acid,HCl,Cytosol,4538,C1=CC(=CC(=C1)O)C(CN)O
C06609,"trans-1,3-Dichloropropene",C3H4Cl2,Cytosol,8835,CCCC(=O)OCCC(C)CCC=C(C)C
C06611,trans-3-Chloro-2-propene-1-ol,C3H5ClO,Cytosol,8837,CCCCOCCOC(=O)CCCCC(=O)OCCOCCCC
C06610,"cis-1,3-Dichloropropene",C3H4Cl2,Cytosol,8836,CCCCOCCOCCOC(=O)CCCCC(=O)OCCOCCOCCCC
C06612,cis-3-Chloro-2-propene-1-ol,C3H5ClO,Cytosol,8838,CCCCCCCCCCCCCCCCCC(=O)NCCNCCO
C06597,"1,3,4,6-Tetrachloro-1,4-cyclohexadiene",C6H4Cl4,Cytosol,8823,CCOC(=S)S
C06598,"2,4,5-Trichloro-2,5-cyclohexadiene-1-ol",C6H5Cl3O,Cytosol,8824,CCOC(=S)[S-].[Na+]
C06599,"2,5-Dichloro-2,5-cyclohexadiene-1,4-diol",C6H6Cl2O2,Cytosol,8825,CC(C)OC(=S)[S-].[K+]
C06988,"beta-1,2,3,4,5,6-Hexachlorocyclohexane",C6H6Cl6,Cytosol,9201,C1C2=CC=CC=C2C3=CC4=CC=CC=C4C=C31
C16181,"beta-2,3,4,5,6-Pentachlorocyclohexanol",C6H7Cl5O,Cytosol,47205490,CCCCN(C)C(=O)C(=O)NC1=NOC(=C1)C
C16182,"beta-2,3,5,6-Tetrachloro-1,4-cyclohexanediol",C6H8Cl4O2,Cytosol,47205491,CC(C(=O)NC1=NC2=CC=CC=C2S1)N3C=CN=C3
C04253,Electron-transferring flavoprotein,,Cytosol,6918,C1=CSC=C1C(=O)O
C04570,Reduced electron-transferring flavoprotein,,Cytosol,7171,CCCC(C)C1=CC=C(C=C1)O
C02411,Glutaconyl-1-CoA,C26H40N7O19P3S,Cytosol,5444,C1=CC(=C[N+](=C1)C2C(C(C(O2)COP(=O)([O-])OP(=O)(O)OCC3C(C(C(O3)N4C=NC5=C(N=CN=C54)N)OP(=O)(O)[O-])O)O)O)C(=N)S
C06153,scyllo-Inositol,C6H12O6,Cytosol,8409,C1=CC=C(C(=C1)C(=O)O)SSC2=CC=CC=C2C(=O)O
C00691,"2,4,6/3,5-Pentahydroxycyclohexanone",C6H10O6,Cytosol,3959,CCCCCN(CCCCC)C(=O)C(CCC(=O)[O-])NC(=O)C1=CC(=C(C=C1)Cl)Cl
C00227,Acetyl phosphate,C2H5O5P,Cytosol,3527,CC(=CCCC1(C(CC2(C(=O)C(=C(C3=CC(=C(C=C3)O)O)O)C(=O)C1(C2=O)CC=C(C)C)CC=C(C)C)CC=C(C)C)C)C
C02876,Propanoyl phosphate,C3H7O5P,Cytosol,5809,CN1C2CC(CC1C3C2O3)OC(=O)C(CO)C4=CC=CC=C4
C13635,4-Hydroxyphenacyl alcohol,C8H8O3,Cytosol,586251,CCC1CC(=C(CC1CC)C)C
C00156,4-Hydroxybenzoate,C7H6O3,Cytosol,3456,C1CN(CCN1CCCC2=CC=CC=C2)CCOC(C3=CC=CC=C3)C4=CC=CC=C4
C02565,N-Methylhydantoin,C4H6N2O2,Cytosol,5563,C(C(Cl)(Cl)Cl)OP(=O)(O)O
C01043,N-Carbamoylsarcosine,C4H8N2O3,Cytosol,4285,CCCCCCCCCCCCCC=CC(C(CO)N(C)C)O
C00794,D-Sorbitol,C6H14O6,Cytosol,4052,CC1=CN=C(S1)NC(=C2C(=O)C3=CC=CC=C3S(=O)(=O)N2C)O
C00379,Xylitol,C5H12O5,Cytosol,3669,CC1CC1(CCC(C)C2CCC3(C2(CC=C4C3CC(C5C4(CC(C(C5)OS(=O)(=O)[O-])OS(=O)(=O)[O-])C)OS(=O)(=O)[O-])C)C)C(C)C
C11874,Kaur-16-en-18-oic acid,C20H30O2,Cytosol,14036,CCOP(=S)(OCC)[S-].[NH4+]
C11875,ent-7alpha-Hydroxykaur-16-en-19-oic acid,C20H30O3,Cytosol,14037,CC(C)(C)OOC(C)(C)C#CC(C)(C)OOC(C)(C)C
C06093,Gibberellin A12 aldehyde,C20H28O3,Cytosol,8359,C1=CC=C2C(=C1)C(=O)OC(=O)N2
C11876,"6beta,7beta-Dihydroxykaurenoic acid",C20H30O4,Cytosol,14038,C(C(=O)[O-])Br.[Na+]
C11857,Gibberellin A12,C20H28O4,Cytosol,14019,CC[Pb](CC)(CC)Cl
C00565,Trimethylamine,C3H9N,Cytosol,3844,CCCCCCOC(=O)C1(CC2N3C4=CC=CC=C4C5=C6C(=C7C8=CC=CC=C8N(C7=C53)C1(O2)C)CNC6=O)O
C01104,Trimethylamine N-oxide,C3H9NO,Cytosol,4338,CC(C)C(C(=O)NC(C)C(=O)NC(CC(=O)O)C(=O)NC1=CC=C(C=C1)[N+](=O)[O-])NC(=O)C(CC2=CC=C(C=C2)O)NC(=O)C
C00894,Propenoyl-CoA,C24H38N7O17P3S,Cytosol,4150,C1=CC=C(C=C1)C2=CC=C(C=C2)C(=O)CSCCCCC(=O)NO
C03561,(R)-3-Hydroxybutanoyl-CoA,C25H42N7O18P3S,Cytosol,6354,C1CO1
C05998,3-Hydroxyisovaleryl-CoA,C26H44N7O18P3S,Cytosol,8272,C1=CC=C2C(=C1)C(OS2(=O)=O)(C3=CC(=C(C(=C3)Br)O)Br)C4=CC(=C(C(=C4)Br)O)Br
C03069,3-Methylcrotonyl-CoA,C26H42N7O17P3S,Cytosol,5969,C1=C[N+](=CC=C1C=NO)CCC[N+]2=CC=C(C=C2)C=NO
C04405,"(2S,3S)-3-Hydroxy-2-methylbutanoyl-CoA",C26H44N7O18P3S,Cytosol,7041,COC1=C(C(=CC=C1)OC)O
C03345,2-Methylbut-2-enoyl-CoA,C26H42N7O17P3S,Cytosol,6188,CC[N+](CC)(CC)C1CCC2(C(C1)CCC3C2CCC4(C3CCC4[N+](CC)(CC)CC)C)C
C03460,2-Methylprop-2-enoyl-CoA,C25H40N7O17P3S,Cytosol,6280,CC1CCC2C(C3(C(CC4(C5CCC6C7(C5(CC4(C3CN2C1)O)OC6(C(CC7)OC(=O)C8=CC(=C(C=C8)OC)OC)O)C)O)O)O)(C)O
C06714,3-Hydroxypimeloyl-CoA,C28H46N7O20P3S,Cytosol,8938,C1CN(CCC1C(C2=CC=CC=C2)(C3=CC=CC=C3)O)C(=O)CBr
C06715,3-Oxopimeloyl-CoA,C28H44N7O20P3S,Cytosol,8939,C1CN(CCC1C(=O)CCl)C(C2=CC=CC=C2)(C3=CC=CC=C3)O
C11946,"cis-2-Methyl-5-isopropylhexa-2,5-dienoyl-CoA",C31H50N7O17P3S,Cytosol,14107,C[N+](C)(C)CCC1=CC=CC=C1.[I-]
C11947,"3-Hydroxy-2,6-dimethyl-5-methylene-heptanoyl-CoA",C31H52N7O18P3S,Cytosol,14108,C[N+](C)(C)CCC1=CC=CC=C1
C11945,"trans-2-Methyl-5-isopropylhexa-2,5-dienoyl-CoA",C31H50N7O17P3S,Cytosol,14106,C1CC(CCC1C(=O)O)C(=O)O
C16468,"(2E)-5-Methylhexa-2,4-dienoyl-CoA",C28H44N7O17P3S,Cytosol,47205764,CCCCN(CC(=O)N)C(=O)CN1C=C(C=N1)[N+](=O)[O-]
C16469,3-Hydroxy-5-methylhex-4-enoyl-CoA,C28H46N7O18P3S,Cytosol,47205765,CCCCN(CC(=O)N)C(=O)C1=CC2=C(C=C1)OCC2
C16471,5-Methyl-3-oxo-4-hexenoyl-CoA,C28H44N7O18P3S,Cytosol,47205767,CCCCN(CC(=O)N)C(=O)C1=C(N(N=C1)C)C
C00334,4-Aminobutanoate,C4H9NO2,Cytosol,3628,CC(C)(CCCC(CC(=O)OC)(C(=O)OC1C2C3=CC4=C(C=C3CCN5C2(CCC5)C=C1OC)OCO4)O)O
C00232,Succinate semialdehyde,C4H6O3,Cytosol,3531,CC(=CCC1CC2(C(=O)C(=C(C3=CC(=C(C=C3)O)O)O)C(=O)C(C2=O)(C1(C)C)CC=C(C)C)CC(CC=C(C)C)C(=C)C)C
C00433,"2,5-Dioxopentanoate",C5H6O4,Cytosol,3722,CC(C)C(C(=O)NC(C)C(=O)NC(CC(=O)O)C(=O)CCl)NC(=O)C(CC1=CC=C(C=C1)O)NC(=O)C
C00071,Aldehyde,CHOR,Cytosol,3371,C1=CC=C(C(=C1)C(=O)O)NC2=CC=CC(=C2)C(F)(F)F
C05665,3-Aminopropanal,C3H7NO,Cytosol,7975,CC1=CC=CC=N1
C00577,D-Glyceraldehyde,C3H6O3,Cytosol,3856,CC1=NC=C(C(=C1O)CNC(C=COCCN)C(=O)O)COP(=O)(O)O
C00258,D-Glycerate,C3H6O4,Cytosol,3557,CC(CCC(C)C(C)(C)C)C1CCC2C1(CCC3C2CC(C4C3(CC(C(C4)OS(=O)(=O)O)OS(=O)(=O)O)C)OS(=O)(=O)O)C
C00555,4-Aminobutyraldehyde,C4H9NO,Cytosol,3835,CC1CC=CC=CC(C(CC(C(C(C(CC(=O)O1)O)OC)OC2C(C(C(C(O2)C)OC3CC(C(C(O3)C)OC(=O)CC(C)C)(C)O)N(C)C)O)CC=O)C)O
C00637,Indole-3-acetaldehyde,C10H9NO,Cytosol,3910,CC(C)CC(C(=O)NC(CC(C)C)C(=O)NC(CCCN=C(N)N)C=O)NC(=O)C
C05985,2-Propynal,C3H2O,Cytosol,8263,C1(C(C(C1(F)F)(F)F)(F)F)(F)F
C00804,Propynoate,C3H2O2,Cytosol,4062,CC1=C(C(=CC=C1)C)NC(=O)C2CCCCN2C
C02670,D-Glucuronolactone,C6H8O6,Cytosol,5641,CCOC(=O)N
C00818,D-Glucarate,C6H10O8,Cytosol,4076,COC1=CC(=CC(=C1OC)OC)CCN
C01149,4-Trimethylammoniobutanal,C7H16NO,Cytosol,4378,CC(C)C(C(=O)O)NC
C01181,4-Trimethylammoniobutanoate,C7H16NO2,Cytosol,4408,C(CC(=O)O)C(CP(=O)(CC(CCC(=O)O)C(=O)O)O)C(=O)O
C02170,Methylmalonate,C4H6O4,Cytosol,5245,C1=CC(=CN=C1)CC(O)(P(=O)(O)O)P(=O)(O)O
C05130,Imidazole-4-acetaldehyde,C5H6N2O,Cytosol,7550,C[N+]1=CC=CC(=C1)OC(=O)N(C)C.[Br-]
C02835,Imidazole-4-acetate,C5H6N2O2,Cytosol,5778,CSC1=NC=NC2=C1NC=N2
C05445,"3alpha,7alpha-Dihydroxy-5beta-cholestan-26-al",C27H46O3,Cytosol,7807,C1=CC(=CC=C1N)Br
C04554,"3alpha,7alpha-Dihydroxy-5beta-cholestanate",C27H46O4,Cytosol,7159,C1=CC=C2C(=C1)N=C3C(=N2)SC(=S)S3
C05634,5-Hydroxyindoleacetaldehyde,C10H9NO2,Cytosol,7945,CCOC(=O)CC(C)C
C05635,5-Hydroxyindoleacetate,C10H9NO3,Cytosol,7946,CC(COC)OC(=O)C
C05936,N4-Acetylaminobutanal,C6H11NO2,Cytosol,8223,CC1(C(=O)N2C(C(=O)N3CCCC3C2(O1)O)CC4=CC=CC=C4)NC(=O)C5CN(C6CC7=CNC8=CC=CC(=C78)C6=C5)C
C02946,4-Acetamidobutanoate,C6H11NO3,Cytosol,5865,CC12CC(=O)C3C(C1CCC2(C(=O)CO)O)CCC4=CC(=O)C=CC34C
C06613,trans-3-Chloroallyl aldehyde,C3H3ClO,Cytosol,8839,CCCCCCC(CC=CCCCCCCCC(=O)O)O
C06614,trans-3-Chloroacrylic acid,C3H3ClO2,Cytosol,8840,CCCCCCC(CCCCCCCCCCC(=O)OC)O
C16348,cis-3-Chloroallyl aldehyde,C3H3ClO,Cytosol,47205656,CC1=C(SC=C1)CNC(=O)C(=O)NC2=CC=C(C=C2)Cl
C06615,cis-3-Chloroacrylic acid,C3H3ClO2,Cytosol,8841,CCCCCCC(CC=CCCCCCCCC(=O)OC)O
C06755,Chloroacetic acid,C2H3ClO2,Cytosol,8976,C1=C(C=C(C(=C1[N+](=O)[O-])[O-])[N+](=O)[O-])[N+](=O)[O-].[Ag+]
C02576,Perillyl aldehyde,C10H14O,Cytosol,5571,C[N+]1=CC=CC(=C1)C(=O)O
C11924,Perillic acid,C10H14O2,Cytosol,14085,C=CC1=CC=C(C=C1)Cl
C03461,"2-trans,6-trans-Farnesal",C15H24O,Cytosol,6281,CC1C(C(CC(O1)OC2C(OC(CC2O)OC3C(OC(CC3O)OC4CCC5(C(C4)CCC6C5CCC7(C6(CCC7C8=CC(=O)OC8)O)C)C)C)C)O)O
C16502,Farnesoic acid,C15H24O2,Cytosol,47205798,CCCC(=O)NCC(=O)N(C)CC1=CN(N=C1)C
C15547,"1,4-Dihydroxy-2-naphthoyl-CoA",C32H42N7O19P3S,Cytosol,17396539,CC1=C(NC(=C1C(=O)OC)C)C(=O)OC(C)C(=O)NC2=CC=CC=C2
C03657,"1,4-Dihydroxy-2-naphthoate",C11H8O4,Cytosol,6435,C1(=O)C(C(=O)NC(=O)N1)(C2(C(=O)NC(=O)NC2=O)O)O
C06098,Zeaxanthin,C40H56O2,Cytosol,8363,C1=CC=C(C=C1)COC(=O)C2=CC=CC=C2O
C08579,Antheraxanthin,C40H56O3,Cytosol,10772,COC1=CC2=C(C=C1)NC(=O)O2
C08614,Violaxanthin,C40H56O4,Cytosol,10807,CCOC(=O)C(C)Cl
C00576,Betaine aldehyde,C5H12NO,Cytosol,3855,CCCCCCCCCCCCCCCCCCOCC(COP(=O)(O)OCC[N+](C)(C)C)O
C00719,Betaine,C5H11NO2,Cytosol,3985,CCCCCCCCCCCCCCCCCCOCC(COP(=O)([O-])OCC[N+](C)(C)C)O
C00483,Tyramine,C8H11NO,Cytosol,3766,CC(C)(C(CCC(CBr)(C(=C)Cl)Cl)Cl)Br
C03765,4-Hydroxyphenylacetaldehyde,C8H8O2,Cytosol,6521,C1CCC(CC1)(O)OOC2(CCCCC2)OO
C01888,Aminoacetone,C3H7NO,Cytosol,5001,CC1C(C(C(C(O1)OC2=C(OC3=CC(=O)C=C(C3=C2O)O)C4=CC(=C(C=C4)O)O)O)O)O
C00546,Methylglyoxal,C3H4O2,Cytosol,3827,CN1CCC(=C2C3=C(C(=O)CC4=CC=CC=C42)SC=C3)CC1
C05332,Phenethylamine,C8H11N,Cytosol,7711,C1=CC=C(C=C1)CCOC=O
C00601,Phenylacetaldehyde,C8H8O,Cytosol,3876,COC1=C(C=C(C=C1)C2=C3C4=CC(=C(C=C4CCN3C5=C(OC6=CC(=O)C(=CC6=C25)OC)O)OC)OC)O
C00986,"1,3-Diaminopropane",C3H10N2,Cytosol,4233,C[N+]1=CC=C(C=C1)C2=C3C=CC(=C(C4=NC(=C(C5=CC=C([N-]5)C(=C6C=CC2=N6)C7=CC=[N+](C=C7)C)C8=CC=[N+](C=C8)C)C=C4)C9=CC=[N+](C=C9)C)[N-]3.[Mn+3]
C02723,N-Methylputrescine,C5H14N2,Cytosol,5685,COC1=C(C(=CC=C1)OC)OCCNCC2COC3=CC=CC=C3O2
C06178,1-Methylpyrrolinium,C5H10N,Cytosol,8429,CCCCCOC(=O)COC1=CC(=C(C=C1Cl)Cl)Cl
C03758,Dopamine,C8H11NO2,Cytosol,6517,CCO[Si](OCC)(OCC)OCC
C04043,"3,4-Dihydroxyphenylacetaldehyde",C8H8O3,Cytosol,6744,CCC(CCC(C)C1CCC2C1(CCC3C2CC=C4C3(CCC(C4)O)C)C)C(C)C
C00218,Methylamine,CH5N,Cytosol,3518,C1CCCN(CCC1)CCN=C(N)N
C12455,5-Aminopentanal,C5H11NO,Cytosol,582845,C12(C(C(C(O1)(F)F)(C(F)(F)F)F)(F)F)C(C(C(C(C2(F)F)(F)F)(F)F)(F)F)(F)F
C00506,L-Cysteate,C3H7NO5S,Cytosol,3789,CC12CC3CC(C1)(CC(C3)(C2)C(=O)NO)C
C00606,3-Sulfino-L-alanine,C3H7NO4S,Cytosol,3881,C1C(SC(=C(C#N)N2C=CN=C2)S1)C3=CC=CC=C3Cl
C00519,Hypotaurine,C2H7NO2S,Cytosol,3802,CC1=CC2=C(C=C1)NC3=C(C=CC=N3)N=C2N4CCN(CC4)C
C00246,Butanoic acid,C4H8O2,Cytosol,3545,C1CN(CCN1)S(=O)(=O)C2=CC=CC3=C2C=CN=C3
C16272,3-Hydroxy-5-oxohexanoate,C6H10O4,Cytosol,47205580,
C16273,3-Hydroxy-5-oxohexanoyl-CoA,C27H44N7O19P3S,Cytosol,47205581,CCC1=CC=CC=C1NC(=O)CN2CCS(=O)(=O)CC2
C04246,But-2-enoyl-[acyl-carrier protein],C4H5OSR,Cytosol,6911,CC(C)(C)C1=CC(=CC(=C1O)C(C)(C)C)COC
C05754,trans-Dec-2-enoyl-[acp],C10H17OSR,Cytosol,8049,
C05751,trans-Oct-2-enoyl-[acp],C8H13OSR,Cytosol,8046,CCCCCCOC(=O)CCCCC(=O)OCCCCCC
C05763,trans-Hexadec-2-enoyl-[acp],C16H29OSR,Cytosol,8058,CCCCCC
C05760,trans-Tetradec-2-enoyl-[acp],C14H25OSR,Cytosol,8055,CCCCOC(=S)S
C05748,trans-Hex-2-enoyl-[acp],C6H9OSR,Cytosol,8043,CCCCCCCCCCOC(=O)CCCCC(=O)OCCCCCCCC
C05758,trans-Dodec-2-enoyl-[acp],C12H21OSR,Cytosol,8053,CC(C)CCON=O
C00693,"trans-2,3-Dehydroacyl-[acyl-carrier protein]",C3H2OSR2,Cytosol,3961,CCCCC1=NC(=C(N1CC2=CC=C(C=C2)C3=CC=CC=C3C4=NNN=N4)CO)Cl
C00226,Primary alcohol,CH3OR,Cytosol,3526,C(CCCCN=C(N)N)CCCNCCCCCCCCN=C(N)N
C00469,Ethanol,C2H6O,Cytosol,3752,C1=CC(=C(C=C1Cl)C2=NC(=NC(=N2)N)N)Cl
C00473,Retinol,C20H30O,Cytosol,3756,CN1C=C2CCN=C3C2=C1C(=O)C(=C3Cl)N
C00376,Retinal,C20H28O,Cytosol,3666,CC(=O)OC1CC2(C(O2)CCC3(C(O3)CC4CC(=O)C(=C)C1C4(C)C)C)C
C05444,"3alpha,7alpha,26-Trihydroxy-5beta-cholestane",C27H48O3,Cytosol,7806,C1=CC(=CC=C1Cl)Br
C05576,"3,4-Dihydroxyphenylethyleneglycol",C8H10O4,Cytosol,7902,CN(C)CCO
C05577,"3,4-Dihydroxymandelaldehyde",C8H8O4,Cytosol,7903,CCC[N+](=O)[O-]
C14089,1-Hydroxymethylnaphthalene,C11H10O,Cytosol,854325,C1CCC2=C(C1)C(=C(C(=S)N2)C#N)C3=CC=C(C=C3)Cl
C14090,1-Naphthaldehyde,C11H8O,Cytosol,854326,CC(C(=O)O)NCC1=C2C(=C(C=C(O2)O)C3=CC=CC=C3)C=CC1=O
C02909,(2-Naphthyl)methanol,C11H10O,Cytosol,5834,CC(=O)OCC(=O)C1(CCC2C1(CC(C3C2CCC4=CC(=O)C=CC34C)O)C)O
C14099,2-Naphthaldehyde,C11H8O,Cytosol,854335,COC1=C(C=C(C=C1)C2NC(CS2)C(=O)O)O
C06899,Chloral hydrate,C2H3Cl3O2,Cytosol,9116,C1=CC=C2C(=C1)C=C3C=CC4=CC5=CC=CC=C5C6=C4C3=C2C7=CC=CC=C76
C07490,Trichloroethanol,C2H3Cl3O,Cytosol,9693,CC1=C(C(=CC=C1)C)OC(C)C[N+](C)(C)C.O.[Cl-]
C07645,Aldophosphamide,C7H15Cl2N2O3P,Cytosol,9847,C(C=CCF)F
C16551,Alcophosphamide,C7H17Cl2N2O3P,Cytosol,51090880,CC(C)OC1=C(C=C(C=N1)C(=O)N(CC2=CC=NC=C2)C3CC3)Cl
C16586,"2-Phenyl-1,3-propanediol monocarbamate",C10H13NO3,Cytosol,51090913,CCN(CC1CCOC1)C(=O)CN2C(=O)C=CC(=N2)C3=CC=CC=C3
C16587,3-Carbamoyl-2-phenylpropionaldehyde,C10H11NO3,Cytosol,51090914,CCOCCOC(C)C(=O)NCC#CC1=CC=CC=C1
C16595,"4-Hydroxy-5-phenyltetrahydro-1,3-oxazin-2-one",C10H11NO3,Cytosol,51090922,CC(C(=O)NCC1CCN(C1)CC(F)(F)F)OCC2=CC=CC=C2
C16596,"5-Phenyl-1,3-oxazinane-2,4-dione",C10H9NO3,Cytosol,51090923,COC1=C(C=C(C=C1)CC(=O)NCC2CCN(C2)CC(F)(F)F)F
C00599,Cholest-4-en-3-one,C27H44O,Cytosol,3875,COC1=CC2=C3C(=C4C5=CC(=C(C(=C5CCN4C3=C(OC2=CC1=O)O)OC)OC)OC)C6=CC(=C(C=C6)O)OC
C21076,Delta4-Dafachronic acid,C27H42O3,Cytosol,295369338,
C20252,"5-Androstene-3,17-dione",C19H26O2,Cytosol,163311995,CC1=C(NC2=C1C(=O)CCC2)C(=O)N3CCC4(CC3)C5=C(CCO4)C6=CC=CC=C6N5
C00280,Androstenedione,C19H26O2,Cytosol,3575,CC1=CCCC2(C1C3C(CC2)C(=C)C(=O)O3)C
C00395,Penicillin,C9H11N2O4SR,Cytosol,3685,CC1C(C(CC(O1)OC2CC(CC3=C2C(=C4C(=C3O)C(=O)C5=CC=CC=C5C4=O)O)(C(=O)C)O)N)O
C06567,Penicilloic acid,C8H13N2O4SR,Cytosol,8796,C1=CC(=CC=C1NC(=O)N)Cl
C02265,D-Phenylalanine,C9H11NO2,Cytosol,5326,COC1=CN=C(N=C1)NS(=O)(=O)C2=CC=C(C=C2)N
C00405,D-Amino acid,C2H4NO2R,Cytosol,3695,CC(C1C2CC(=C(N2C1=O)C(=O)O)SCCN=CN)O
C01250,N-Acetyl-L-glutamate 5-semialdehyde,C7H11NO4,Cytosol,4470,C1=CC(=C(C=C1S(=O)(=O)O)S(=O)(=O)O)NC(=O)C2=CC(=CC(=C2)NC(=O)NC3=CC(=CC(=C3)C(=O)NC4=C(C=C(C=C4)S(=O)(=O)O)S(=O)(=O)O)C(=O)NC5=C(C=C(C=C5)S(=O)(=O)O)S(=O)(=O)O)C(=O)NC6=C(C=C(C=C6)S(=O)(=O)O)S(=O)(=O)O
C04133,N-Acetyl-L-glutamate 5-phosphate,C7H12NO8P,Cytosol,6819,CCCCOC(=O)COC(=O)C1=CC=CC=C1C(=O)OCCCC
C00624,N-Acetyl-L-glutamate,C7H11NO5,Cytosol,3897,CC(C)CC(=O)C1=C(C2(CC(C(C(C1=O)(C2=O)C(CC(=O)O)C3=CC=CC=C3)(C)C)CC=C(C)C)CC=C(C)C)O
C00437,N-Acetylornithine,C7H14N2O3,Cytosol,3726,CS(=O)C1=CC=C(C=C1)C2=NC(=C(N2)C3=CC=NC=C3)C4=CC(=CC=C4)I
C00169,Carbamoyl phosphate,CH4NO5P,Cytosol,3469,C1=CC(=C(C=C1O)C(=O)O)O
C03406,N-(L-Arginino)succinate,C10H18N4O6,Cytosol,6235,C1CN1C2=CC(=O)C(=C(C2=O)N3CC3)N4CC4
C00239,dCMP,C9H14N3O7P,Cytosol,3538,CC1=NN=C(C2=CC3=C(C=C2C1)OCO3)C4=CC=C(C=C4)N
C00197,3-Phospho-D-glycerate,C3H7O7P,Cytosol,3497,CC(C)CC(CC(=O)O)C(=O)NC(CC1=CNC2=CC=CC=C21)C(=O)NC(C)C3=CC=CC=C3
C00184,Glycerone,C3H6O3,Cytosol,3484,C(CC(=O)NO)C(C(=O)O)N
C01099,L-Fuculose 1-phosphate,C6H13O8P,Cytosol,4333,CC(C)CC(C(=O)NC(CC1=CC=CC=C1)C=O)NC(=O)C
C00424,(S)-Lactaldehyde,C3H6O2,Cytosol,3714,C1C2=C3C4=CC=CC=C4N(C3=C5C(=C2C(=O)N1)C6=CC=CC=C6N5)CCC#N
C22337,D-Ribulose 1-phosphate,C5H11O8P,Cytosol,497619697,
C05727,S-Substituted N-acetyl-L-cysteine,C5H8NO3SR,Cytosol,8030,C1=CSC=C1
C01326,Hydrogen cyanide,CHN,Cytosol,4537,CC12CCC3C(C1CCC2(C#C)O)CCC4=C3CCC(=O)C4
C05147,trans-3-Hydroxy-L-proline,C5H9NO3,Cytosol,7565,C1=CC=C(C=C1)OC2=CC=C(C=C2)Br
C20643,2-Heptyl-4(1H)-quinolone,C16H21NO,Cytosol,172232367,CC(C)(C1CC1)C(C(=O)O)NC(=O)OCC2C3=CC=CC=C3C4=CC=CC=C24
C11848,2-Heptyl-3-hydroxy-quinolone,C16H21NO2,Cytosol,14010,C=COCCN1CCN(CC1)CCCN2C(=O)CN=C(C3=C2C=CC(=C3)Cl)C4=CC=CC=C4F.C(=CC(=O)O)C(=O)O.C(=CC(=O)O)C(=O)O
C15521,Alkanesulfonate,CH3O3SR,Cytosol,17396513,CC1=C(OC2=CC=CC=C12)C(=O)NCCC3=CC=CS3
C11145,Methanesulfonic acid,CH4SO3,Cytosol,13327,CC(=O)OC1CCC2C1(CCC3C2CCC4=C(C(=O)CCC34C)Cl)C
C00168,Hydroxypyruvate,C3H4O4,Cytosol,3468,CN(C)C1=CC=C(C=C1)C(=C2C=CC(=[N+](C)C)C=C2)C3=CC=C(C=C3)N(C)C
C00989,4-Hydroxybutanoic acid,C4H8O3,Cytosol,4235,C1COCCN1CCNC(=O)C2=CC=C(C=C2)Cl
C20876,Very-long-chain acyl-CoA,C26H43N7O17P3SR,Cytosol,254741342,
C22857,Very-long-chain alpha-carboxyacyl-CoA,C27H43N7O19P3SR,Cytosol,497620209,
C05382,Sedoheptulose 7-phosphate,C7H15O10P,Cytosol,7756,CC(C)CC(=NO)C
C12214,Aminofructose 6-phosphate,C6H14NO8P,Cytosol,14359,COC1=CC=C(C=C1)C=CC2=CC=CC=C2
C12215,Iminoerythrose 4-phosphate,C4H10NO6P,Cytosol,14360,C1=CC(=CC=C1SSC2=CC=C(C=C2)Cl)Cl
C00041,L-Alanine,C3H7NO2,Cytosol,3343,CC(CC1=CC=C(C=C1)O)NCC(C2=CC(=CC(=C2)O)O)O
C06099,(R)-Limonene,C10H16,Cytosol,8364,CCCCC(CC)COC(=O)C1=CC=CC=C1O
C07271,"Limonene-1,2-epoxide",C10H16O,Cytosol,9480,C1=C(C=C(C=C1C(F)(F)F)N)C(F)(F)F
C00521,(S)-Limonene,C10H16,Cytosol,3804,CC1CC=CC=CC(C(CC(C(C(C(CC(=O)O1)OC(=O)C)OC)OC2C(C(C(C(O2)C)OC3CC(C(C(O3)C)OC(=O)CC(C)C)(C)O)N(C)C)O)CC=O)C)O
C19081,"(4S)-Limonene-1,2-epoxide",C10H16O,Cytosol,124489753,CC1CC2(CCN1C(=O)OCC3=CC=CC=C3)C=CC(=O)N2C4=CC(=CC=C4)F
C05986,2-Propyn-1-ol,C3H4O,Cytosol,8264,CN(C)P(=O)(N(C)C)F
C00207,Acetone,C3H6O,Cytosol,3507,CC1(C(NC(S1)C(C(=O)NCC2=CC=CC=C2)NC(=O)CC3=CC=CC=C3)C(=O)NC(CC4=CC=CC=C4)C(CC(=O)NCC5=NC6=CC=CC=C6N5)O)C
C00031,D-Glucose,C6H12O6,Cytosol,3333,CCOC(=O)C1=C(NC(=C(C1C2=C(C(=CC=C2)Cl)Cl)C(=O)OC)C)C
C07836,D-glycero-beta-D-manno-Heptose 7-phosphate,C7H15O10P,Cytosol,10038,C=C=O
C19882,D-glycero-D-manno-Heptose 7-phosphate,C7H15O10P,Cytosol,135626348,CCN(C1CCCCC1)C(=O)CCCOC2=CC3=C(CN4C(=C)C(=O)NC4=N3)C=C2
C19878,D-glycero-alpha-D-manno-Heptose 7-phosphate,C7H15O10P,Cytosol,135626344,CCCCCCN(C1CCCCC1)C(=O)CCCCOC2=CC3=C(C=C2)N=C4NC(=O)C(=C)N4C3
C16396,"2,4-Diamino-6-nitrotoluene",C7H9N3O2,Cytosol,47205694,CCCC(=O)NCC(=O)NNC(=O)C1=CC=CC=N1
C16399,"2,4-Diamino-6-hydroxylaminotoluene",C7H11N3O,Cytosol,47205697,CCCC(=O)NCC(=O)NC1=CC=CC=C1C
C00196,"2,3-Dihydroxybenzoate",C7H6O4,Cytosol,3496,C(C(=O)O)NCP(=O)(O)O
C05821,Enterochelin,C30H27N3O15,Cytosol,8116,C=CCOCCO
C03046,"(S,S)-Butane-2,3-diol",C4H10O2,Cytosol,5949,CCCC[SnH](CCCC)CCCC.CC(=O)O
C01769,(S)-Acetoin,C4H8O2,Cytosol,4902,CC(=O)C1CCC2C1(CCC3C2CC=C4C3(CCC(C4)OS(=O)(=O)[O-])C)C
C00741,Diacetyl,C4H6O2,Cytosol,4004,CCOC(=O)CC(C(=O)OCC)SP(=S)(OC)OC
C20657,"meso-2,3-Butanediol",C4H10O2,Cytosol,172232379,CCCSC1=NC(=C2C(=N1)N(N=N2)C3COC(C3O)CO)NC4CC4C5=CC(=C(C=C5)F)F
C00810,(R)-Acetoin,C4H8O2,Cytosol,4068,C1=CC=C(C(=C1)C2=C3C=C(C(=O)C=C3OC4=C(C(=C(C=C24)Br)[O-])[Hg])Br)C(=O)[O-].O
C00575,"3',5'-Cyclic AMP",C10H12N5O6P,Cytosol,3854,CC(C)CC(C(=O)NC1=CC=CC=C1)NC(=O)C(CCC2=CC=C(C=C2)C3=CC=C(C=C3)F)CC(CCCCN4CC5=CC=CC=C5C4=O)C(=O)O
C00590,Coniferyl alcohol,C10H12O3,Cytosol,3869,CC(CCC1=CC=CC=C1)NCC(C2=CC(=C(C=C2)O)C(=O)N)O
C15805,Guaiacyl lignin,,Cytosol,47205130,CN(CC1=CC=CC=C1O)C(=O)NC2=CC=CC=C2
C02325,Sinapyl alcohol,C11H14O4,Cytosol,5377,CCC(=C(C1=CC=C(C=C1)OCCN(C)C)C2=CC(=CC=C2)O)C3=CC=CC=C3
C15806,Syringyl lignin,,Cytosol,47205131,CC1=CC(=CC=C1)NC(=O)N(C)CC2=CC=CC=C2O
C02646,4-Coumaryl alcohol,C9H10O2,Cytosol,5623,CCCCCC=CCC(C=CC1=CC=CC(=N1)CC(CCCCC)O)O
C15804,p-Hydroxyphenyl lignin,,Cytosol,47205129,C1COC(=O)N1CCC2=NC(=CS2)C3=CC(=CC=C3)Br
C12205,5-Hydroxyconiferyl alcohol,C10H12O4,Cytosol,14351,C1C(=O)CC2=CC=CC=C2C3=CC=CC=C31
C15807,5-Hydroxy-guaiacyl lignin,,Cytosol,47205132,CN(CC1=CC=CC=C1O)C(=O)NCC2=CC=CC=C2
C07054,Isoniazid,C6H7N3O,Cytosol,9266,C1CCCCCCC1
C21754,Isonicotinoyl radical,C6H4NO,Cytosol,354264348,
C05360,Diimine,N2H2,Cytosol,7737,C1=CC(=CC=C1NO)N=O
C01037,"7,8-Diaminononanoate",C9H20N2O2,Cytosol,4280,C1=CC(=CC(=C1)S(=O)(=O)N(CCO)CCO)C(=O)O
C01909,Dethiobiotin,C10H18N2O3,Cytosol,5017,CCCCC1(CC2=CC(=C(C(=C2C1=O)Cl)Cl)OCC(=O)O)C3CCCC3
C22458,8-Amino-7-(carboxyamino)nonanoate,C10H20N2O4,Cytosol,497619817,
C01063,Pimeloyl-CoA,C28H46N7O19P3S,Cytosol,4302,C1=CC(=C(C=C1N2C(=O)C=CC2=O)O)C(=O)O
C01092,8-Amino-7-oxononanoate,C9H17NO3,Cytosol,4327,CC1=C(C=C(C=C1)NC(=O)C2=CN=CC=C2)NC3=NC=CC(=N3)C4=CN=CC=C4
C19845,Pimeloyl-[acyl-carrier protein],C7H11O3SR,Cytosol,135626312,CCN(C1CCCCC1)C(=O)CCCOC2=CC3=C(CN4C(C(=O)NC4=N3)CO)C=C2
C04425,S-Adenosyl-4-methylthio-2-oxobutanoate,C15H20N5O6S,Cytosol,7057,C1=CC=C2C=C(C=CC2=C1)N
C17023,Sulfur donor,,Cytosol,96023504,C1CNC(C2=C1C=CC(=C2F)O)C(=O)C3=CC=CS3
C05359,e-,,Cytosol,7736,CN(C)C1=CC=C(C=C1)N.Cl
C04573,UDP-N-acetyl-2-amino-2-deoxy-D-glucuronate,C17H25N3O18P2,Cytosol,7174,CCCOC(=O)C1=CC=C(C=C1)N
C20395,UDP-2-acetamido-2-deoxy-alpha-D-ribo-hex-3-uluronate,C17H23N3O18P2,Cytosol,163312133,CCC1(CCCC2C1CN(C2)CC3=C(C=CC(=C3)F)N4C(=CC(=N4)C)C)O
C20359,"UDP-2-acetamido-3-amino-2,3-dideoxy-alpha-D-glucuronate",C17H26N4O17P2,Cytosol,163312097,CCC1=CN=C(N=C1N2CC3CC(C2)C(N4C3CCCC4=O)CC5CCCCC5)C
C03273,5-Oxopentanoate,C5H8O3,Cytosol,6134,C(C1C(C(C(C(O1)OC2C(OC(C(C2O)O)O)CO)O)O)O)O
C00489,Glutarate,C5H8O4,Cytosol,3772,C1CNCCC1C(=O)N
C00463,Indole,C8H7N,Cytosol,3747,CC(C)OC1=CC2=C(C=C1)C(=O)C(=CO2)C3=CC=CC=C3
C00078,L-Tryptophan,C11H12N2O2,Cytosol,3378,C1CN(CCN1CC=CC2=CC=CC=C2)C(C3=CC=C(C=C3)F)C4=CC=C(C=C4)F
C03506,Indoleglycerol phosphate,C11H14NO6P,Cytosol,6317,CC(C)NCC(C1=CC=C(C=C1)[N+](=O)[O-])O
C13747,"1,7-Dimethylxanthine",C7H8N4O2,Cytosol,586336,CC1=CC2C(C3C=CC2(C(=O)C3(C)C)C)C(C1(C4(CC4)OC)O)(C)C
C16365,5-Acetylamino-6-formylamino-3-methyluracil,C8H10N4O4,Cytosol,47205673,CCCC(=O)NCC(=O)NNC(=O)C1=C(OC(=C1)C)C
C16420,4-Acetamido-2-amino-6-nitrotoluene,C9H11N3O3,Cytosol,47205718,CCCC(=O)NCC(=O)NCC1=CN=CC=C1
C07585,N-Acetylisoniazid,C8H9N3O2,Cytosol,9787,CC1(C(=O)N2C(C(=O)N3CCCC3C2(O1)O)CC4=CC=CC=C4)NC(=O)C5CN(C6CC7=CNC8=CC=CC(=C78)C6=C5)C.CC1(C(=O)N2C(C(=O)N3CCCC3C2(O1)O)CC4=CC=CC=C4)NC(=O)C5CN(C6CC7=CNC8=CC=CC(=C78)C6=C5)C.C(C(C(=O)O)O)(C(=O)O)O
C07447,Acetylhydrazine,C2H6N2O,Cytosol,9650,CCC1(C(=O)NC(=O)N(C1=O)C2=CC=CC=C2)CC
C16622,"N,N'-Diacetylhydrazine",C4H8N2O2,Cytosol,51090948,C1CCN(CC1)C2CCN(CC2)C(=O)C3=CC=CC4=CC=CC=C43
C05361,Hydrazine,N2H4,Cytosol,7738,COC1=CC=C(C=C1)CO
C00587,3-Hydroxybenzoate,C7H6O3,Cytosol,3866,C1=CC=C(C=C1)C(C(=O)O)N
C00628,"2,5-Dihydroxybenzoate",C7H6O4,Cytosol,3901,CCC(=CC(C)CC=CC(=CC(=CC(C)C(=O)C(C)C(C(C)CC=CC(=O)O)O)C)C)C=CC1C(C=CC(=O)O1)C
C16850,"2-Amino-3,7-dideoxy-D-threo-hept-6-ulosonic acid",C7H13NO5,Cytosol,96023374,C1CSC(SC1)C2C3=C(CCN2)C=CC(=C3F)O
C00944,3-Dehydroquinate,C7H10O6,Cytosol,4196,CC#CC1(CCC2C1(CC(C3=C4CCC(=O)C=C4CCC23)C5=CC=C(C=C5)N(C)C)C)O
C15794,Castasterone,C28H48O5,Cytosol,47205119,CCOCCCNS(=O)(=O)C1=C(C=C(C=C1)F)Br
C19873,26-Hydroxycastasterone,C28H48O6,Cytosol,135626339,CCCC(C1CCCC1)N(C(C)O)C(=O)CCCOC2=C(C=CC3=C2N=C4NC(=O)C(=C)N4C3)Cl
C08814,Brassinolide,C28H48O6,Cytosol,11007,CCCCCCCCCCCCCCCCI
C19874,26-Hydroxybrassinolide,C28H48O7,Cytosol,135626340,C=C1C(=O)NC2=NC3=C(CN12)C=C(C=C3)OCCCCC(=O)NC4CNCCO4
C02642,3-Ureidopropionate,C4H8N2O3,Cytosol,5621,CC12CCC3C(C1CCC2NCCCCCCN4C(=O)CCC4=O)CCC5=C3C=CC(=C5)OC
C21029,(R)-3-Ureidoisobutyrate,C5H10N2O3,Cytosol,254816254,
C01205,(R)-3-Amino-2-methylpropanoate,C4H9NO2,Cytosol,4429,C1CC1CN2CCC34C5C6=C(CC3(C2CC7=C4C(=C(C=C7)O)O5)O)C8=CC=CC=C8O6
C00545,L-Arabinonate,C5H10O6,Cytosol,3826,C1CN2C(=CC=C2C(=O)C3=CC=CC=C3)C1C(=O)O
C00684,2-Dehydro-3-deoxy-L-arabinonate,C5H8O5,Cytosol,3953,C1=CC=C2C(=C1)C(=NN2CC3=CC(=C(C=C3)Cl)Cl)C(=O)O
C20940,L-Dihydroanticapsin,C9H15NO4,Cytosol,254741402,
C20941,L-Anticapsin,C9H13NO4,Cytosol,254741403,
C11402,"(4R,7R)-4-Isopropenyl-7-methyl-2-oxo-oxepanone",C10H16O2,Cytosol,13576,CCCCCCCC(=O)CC
C11404,(3R)-6-Hydroxy-3-isopropenyl-heptanoate,C10H18O3,Cytosol,13578,C(COCCO)N
C11403,"(3S,6R)-6-Isopropenyl-3-methyl-2-oxo-oxepanone",C10H16O2,Cytosol,13577,CCCC=CCO
C11406,(5R)-6-Hydroxy-5-isopropenyl-2-methylhexanoate,C10H18O3,Cytosol,13580,C(CCCN)CCC(=O)O
C11414,"(4S,7R)-4-Isopropenyl-7-methyl-2-oxo-oxepanone",C10H16O2,Cytosol,13588,C1CC(=O)C=C1
C11417,(3S)-6-Hydroxy-3-isopropenyl-heptanoate,C10H18O3,Cytosol,13591,C1CCN(C1)N=O
C11418,"(3S,6S)-6-Isopropenyl-3-methyl-2-oxo-oxepanone",C10H16O2,Cytosol,13592,C1CC(CC=C1)Cl
C11420,(5S)-6-Hydroxy-5-isopropenyl-2-methylhexanoate,C10H18O3,Cytosol,13594,C1CC=CC(=O)C1
C00940,2-Oxoglutaramate,C5H7NO4,Cytosol,4192,CC1=NC=C2N1C3=C(C=C(C=C3)Cl)C(=NC2)C4=CC=CC=C4F
C02362,2-Oxosuccinamate,C4H5NO4,Cytosol,5407,CC12CCC3C(C1CCC(=O)O2)CCC4=CC(=O)C=CC34C
C07108,Tamoxifen,C26H29NO,Cytosol,9319,CCCCCCCCCCCC(=O)OCCSC#N
C16545,Tamoxifen N-oxide,C26H29NO2,Cytosol,51090874,CC1=NC(=NO1)C2(CCCCC2)NC(=O)CCNC3=CC=CC=C3
C19846,Pimeloyl-[acyl-carrier protein] methyl ester,C8H13O3SR,Cytosol,135626313,C=C1C(=O)NC2=NC3=C(CN12)C=C(C=C3)OCCC(C(=O)N)N4CCCCC4
C15556,"L-3,4-Dihydroxybutan-2-one 4-phosphate",C4H9O6P,Cytosol,17396548,CC1=C(NC(=C1C(=O)OC)C)C(=O)OC(C)C(=O)NC(C)C
C00186,(S)-Lactate,C3H6O3,Cytosol,3486,C(CC(=O)NC(CS(=O)(=O)O)C(=O)NCC(=O)O)C(C(=O)O)N
C00979,O-Acetyl-L-serine,C5H9NO4,Cytosol,4228,COC1=CC=C(C=C1)S(=O)(=O)C2CC3=CC=CC=C3CC2C(=O)NO
C00133,D-Alanine,C3H7NO2,Cytosol,3433,CC1=NC2=C(N1)C(=O)N(C(=O)N2CC3=CC=CO3)C
C00653,Poly(ribitol phosphate),(C5H11O7P)n,Cytosol,3924,CC[NH+](CC)CC(=O)NC1=C(C=CC=C1C)C
C04260,O-D-Alanyl-poly(ribitol phosphate),(C8H16NO8P)n,Cytosol,6925,CC1=CC=CC=C1S(=O)(=O)O
G13185,Glycan,(DAG)1 (Glc)2 (GlcNAc)1 (Gro)2 (*)1 (P)2,Cytosol,,
G13186,Glycan,(Ala)1 (DAG)1 (Glc)2 (GlcNAc)1 (Gro)2 (*)1 (P)2,Cytosol,,
G13167,Glycan,(Glc)1 (GlcNAc)1 (Gro)2 (ManNAc)1 (*)1 (P)2 (PP-Und)1,Cytosol,,
G13180,Glycan,(Ala)1 (Glc)1 (GlcNAc)1 (Gro)2 (ManNAc)1 (*)1 (P)2 (PP-Und)1,Cytosol,,
G13170,Glycan,(Glc)1 (GlcNAc)1 (Gro)1 (ManNAc)1 (Rib-ol)2 (*)1 (P)3 (PP-Und)1,Cytosol,,
G13171,Glycan,(Ala)1 (Glc)1 (GlcNAc)1 (Gro)1 (ManNAc)1 (Rib-ol)2 (*)1 (P)3 (PP-Und)1,Cytosol,,
G13174,Glycan,(GlcNAc)2 (Gro)2 (ManNAc)1 (Rib-ol)1 (*)1 (P)3 (PP-Und)1,Cytosol,,
G13175,Glycan,(Ala)1 (GlcNAc)2 (Gro)2 (ManNAc)1 (Rib-ol)1 (*)1 (P)3 (PP-Und)1,Cytosol,,
G13176,Glycan,(GlcNAc)2 (Gro)2 (ManNAc)1 (Rib-ol)1 (*)1 (P)3 (PP-Und)1,Cytosol,,
G13177,Glycan,(Ala)1 (GlcNAc)2 (Gro)2 (ManNAc)1 (Rib-ol)1 (*)1 (P)3 (PP-Und)1,Cytosol,,
G13178,Glycan,(GlcNAc)2 (Gro)2 (ManNAc)1 (Rib-ol)1 (*)1 (P)3 (PP-Und)1,Cytosol,,
G13179,Glycan,(Ala)1 (GlcNAc)2 (Gro)2 (ManNAc)1 (Rib-ol)1 (*)1 (P)3 (PP-Und)1,Cytosol,,
G13192,Glycan,(DAG)1 (Gal)2 (Glc)1 (Gro)2 (*)1 (P)2,Cytosol,,
G13193,Glycan,(Ala)1 (DAG)1 (Gal)2 (Glc)1 (Gro)2 (*)1 (P)2,Cytosol,,
C02798,3-Phosphonopyruvate,C3H5O6P,Cytosol,5748,CC[N+](C)(CC)CCOC(=O)C(C1CCCCC1)(C2=CC=CC=C2)O.[Br-]
C00905,D-Fructuronate,C6H10O7,Cytosol,4160,CC12CCC(=O)C=C1CCC3C2CCC4(C3CCC4(C)O)C
C00187,Cholesterol,C27H46O,Cytosol,3487,CCC1(CCC(=O)NC1=O)C2=CC=CC=C2
C01164,7-Dehydrocholesterol,C27H44O,Cytosol,4391,C1=CC(=CC(=C1)S(=O)(=O)N(CCO)CCO)N
C00811,4-Coumarate,C9H8O3,Cytosol,4069,C1=CC=C(C(=C1)C2=C3C=C(C(=O)C=C3OC4=C(C(=C(C=C24)Br)O)[Hg])Br)C(=O)O
C00223,p-Coumaroyl-CoA,C30H42N7O18P3S,Cytosol,3523,C1=NC2=C(N1C3C4C(C(O3)COP(=O)(O)OP(=O)(O)O)OP(=O)(O4)O)NC(=NC2=O)N
C01197,Caffeate,C9H8O4,Cytosol,4422,C=C1CCC2(C3CC4=C5C2(C1OC5=C(C=C4)O)CCN3CC6CC6)O
C00323,Caffeoyl-CoA,C30H42N7O19P3S,Cytosol,3617,CC(C)(COP(=O)([O-])OP(=O)([O-])OCC1C(C(C(O1)N2C=NC3=C(N=CN=C32)N)O)OP(=O)([O-])[O-])C(C(=O)NCCC(=O)NCCSC(=O)CC(C)(CC(=O)[O-])O)O
C01494,Ferulate,C10H10O4,Cytosol,4664,C1=NC(=C2C(=N1)N(C=N2)C3C(C(C(O3)COP(=O)(CP(=O)(O)OP(=O)(OCC4C(C(C(O4)N5C=NC6=C(N=CN=C65)N)O)O)S)O)O)O)N
C00406,Feruloyl-CoA,C31H44N7O19P3S,Cytosol,3696,CN(C)CCCN1C2=CC=CC=C2CCC3=CC=CC=C31
C00482,Sinapate,C11H12O5,Cytosol,3765,C1CNCC=C1C(=O)O
C00411,Sinapoyl-CoA,C32H46N7O20P3S,Cytosol,3701,CCC1CCC2C1C=CC(C2C(=O)C3=CC=CN3)C=CC=C(CC)C4C(CCC(O4)C(C)C(=O)O)C
C00423,trans-Cinnamate,C9H8O2,Cytosol,3713,C1=CC=C2C(=C1)C(=CN2)CCCOP(=O)(O)O
C00540,Cinnamoyl-CoA,C30H42N7O17P3S,Cytosol,3821,CNC1(CCCCC1=O)C2=CC=CC=C2Cl
C05619,5-Hydroxyferulic acid,C10H10O5,Cytosol,7937,CC1=NC(=CC=C1)C
C12203,5-Hydroxyferuloyl-CoA,C31H44N7O20P3S,Cytosol,14349,C1=CC=C(C=C1)COC(=O)NCC(=O)O
C05280,"cis,cis-3,6-Dodecadienoyl-CoA",C33H54N7O17P3S,Cytosol,7667,C1=CC=C(C=C1)C=CBr
C05279,"trans,cis-Lauro-2,6-dienoyl-CoA",C33H54N7O17P3S,Cytosol,7666,C1=CC=C(C=C1)CCBr
C14180,S-(Hydroxymethyl)glutathione,C11H19N3O7S,Cytosol,7846992,CCC(C)C1=CC=CC=C1NC(=O)C(C)OC(=O)CCC2=NC3=CC=CC=C3S2
C01031,S-Formylglutathione,C11H17N3O7S,Cytosol,4274,CCOCCP(CCOCC)CCP(CCOCC)CCOCC
C00662,Reduced adrenal ferredoxin,,Cytosol,3931,CCCCCC=CCC=CCCCCCCCC(=O)O
C00667,Oxidized adrenal ferredoxin,,Cytosol,3936,CN(C1=NC(=CC=C1)OC)C(=S)OC2=CC3=C(CCCC3)C=C2
C00157,Phosphatidylcholine,C10H18NO8PR2,Cytosol,3457,CCOCN1C(=C(C(=O)NC1=O)C(C)C)CC2=CC(=CC(=C2)C)C
C00588,Choline phosphate,C5H15NO4P,Cytosol,3867,C(CC(C(=O)O)N)CN=C(N)S
C00344,Phosphatidylglycerol,C8H13O10PR2,Cytosol,3637,C1=CC=C2C(=C1)C=NN=C2NN
C00346,Ethanolamine phosphate,C2H8NO4P,Cytosol,3639,C1NC2=CC(=C(C=C2S(=O)(=O)N1)S(=O)(=O)N)Cl
C01194,1-Phosphatidyl-D-myo-inositol,C11H17O13PR2,Cytosol,4419,C1CC(C1)CN2CCC34C5C(CCC3(C2CC6=C4C(=C(C=C6)O)O5)O)O
C04756,O-1-Alk-1-enyl-2-acyl-sn-glycero-3-phosphoethanolamine,C8H14NO7PR2,Cytosol,7325,CC1=C(C(=O)CC1OC(=O)C2C(C2(C)C)C=C(C)C)C3CCC=C3
C03454,1-Alkenyl-2-acylglycerol,C6H8O4R2,Cytosol,6274,C1=C(NC=N1)CC(C(=O)O)N
C03044,"(R,R)-Butane-2,3-diol",C4H10O2,Cytosol,5947,CCCC[SnH](CCCC)CCCC.CCCC[SnH](CCCC)CCCC.O
C02350,(S)-Allantoin,C4H6N4O3,Cytosol,5397,CN1C(=C(NC2=CC=CC=N2)O)C(=O)C3=C(S1(=O)=O)C=CS3
C00499,Allantoate,C4H8N4O4,Cytosol,3782,CC1=CC(=NO1)NC(=C2C(=O)C3=CC=CC=C3S(=O)(=O)N2C)O
C00270,N-Acetylneuraminate,C11H19NO9,Cytosol,3568,COCC1=CC(=C(C(=C1C2=C(C(=C(C=C2COC)O)O)O)O)O)O
C00645,N-Acetyl-D-mannosamine,C8H15NO6,Cytosol,3918,CN1CCC23CCCCC2C1CC4=C3C=C(C=C4)O
C22382,Aceneuramate,C11H19NO9,Cytosol,497619742,
C00398,Tryptamine,C10H12N2,Cytosol,3688,CC1NC2=C(C=C(C=C2)Cl)S(=O)(=O)N1
C00547,L-Noradrenaline,C8H11NO3,Cytosol,3828,CC1=CC(=O)C2=C(C3=C(C(=C2O1)OC)OC=C3)OC
C00780,Serotonin,C10H12N2O,Cytosol,4041,CN1CCN=C(C2=C1C=CC(=C2)Cl)C3=CC=CC=C3
C00788,L-Adrenaline,C9H13NO3,Cytosol,4046,C1CCNC(C1)C(C2=CC(=NC3=C2C=CC=C3C(F)(F)F)C(F)(F)F)O
C02714,N-Acetylputrescine,C6H14N2O,Cytosol,5677,C1C(C(C(C(C1(CO)O)O)O)O)NC(CO)CO
C05127,N-Methylhistamine,C6H11N3,Cytosol,7548,C1=CC=C(C=C1)NC2=CC=CC(=C2)C(F)(F)F
C05827,Methylimidazole acetaldehyde,C6H8N2O,Cytosol,8121,CC(=O)OCCOC(=O)C
C05587,3-Methoxytyramine,C9H13NO2,Cytosol,7912,CC(C)NC(C)C
C05581,3-Methoxy-4-hydroxyphenylacetaldehyde,C9H10O3,Cytosol,7907,CC(C)CC(C)C
C05589,L-Normetanephrine,C9H13NO3,Cytosol,7914,CC(C)OC(C)C
C05583,3-Methoxy-4-hydroxyphenylglycolaldehyde,C9H10O4,Cytosol,7909,CC(C)CC(=O)C
C05588,L-Metanephrine,C10H15NO3,Cytosol,7913,C(=O)(N)NC(=O)N
C05636,3-Hydroxykynurenamine,C9H12N2O2,Cytosol,7947,CC1=CC(=CC(=C1)C)C
C05637,"4,8-Dihydroxyquinoline",C9H7NO2,Cytosol,7948,CC1=CC(=CC(=C1)O)C
C05638,5-Hydroxykynurenamine,C9H12N2O2,Cytosol,7949,CC1=CC(=CC(=C1)N)C
C05639,"4,6-Dihydroxyquinoline",C9H7NO2,Cytosol,7950,C1=C(C=C(C=C1Cl)Cl)Cl
C07572,Citalopram,C20H21FN2O,Cytosol,9775,C(C(F)(Cl)Cl)(F)(F)F
C16612,Citalopram aldehyde,C18H14FNO2,Cytosol,51090938,COC1=CC=C(C=C1)C(=O)NCC2CCN(C2)CC(F)(F)F
C00543,Dimethylamine,C2H7N,Cytosol,3824,CC(=O)CCC1C(=O)N(N(C1=O)C2=CC=CC=C2)C3=CC=CC=C3
C16608,Demethylcitalopram,C19H19FN2O,Cytosol,51090934,COC1=CC=CC(=C1OC)C(=O)NCC2CCN(C2)CC(F)(F)F
C16609,Didemethylcitalopram,C18H17FN2O,Cytosol,51090935,COC1=CC(=C(C=C1)C(=O)NCC2CCN(C2)CC(F)(F)F)OC
C21299,RCH2NHR',CH3N(R1)(R2),Cytosol,318172279,
C21300,R'NH2,NH2R,Cytosol,318172280,
C00900,2-Acetolactate,C5H8O4,Cytosol,4156,COS(=O)(=O)C
C06010,(S)-2-Acetolactate,C5H8O4,Cytosol,8282,CCC(CO)(CO)N
C06006,(S)-2-Aceto-2-hydroxybutanoate,C6H10O4,Cytosol,8279,CCCCSCC1(C(=O)NC(=NC1=O)S)CC
C00679,5-Dehydro-4-deoxy-D-glucarate,C6H8O7,Cytosol,3948,CCN1C=C(C(=O)C2=CC(=C(C(=C21)F)N3CCNC(C3)C)F)C(=O)O
C01146,2-Hydroxy-3-oxopropanoate,C3H4O4,Cytosol,4376,CNC(CC(=O)O)C(=O)O
C03921,2-Dehydro-3-deoxy-D-glucarate,C6H8O7,Cytosol,6650,CC1(CCC(CC1)C(C)(C)N)N
C13453,Xanthoxin,C15H22O3,Cytosol,586193,C1=CC(=C(C=C1O)O)C(=O)CSC2=NC=NN2
C13455,Abscisic aldehyde,C15H20O3,Cytosol,586195,CC1=CC(=O)OC1=CC(=O)C
C01304,"2,5-Diamino-6-(5-phospho-D-ribosylamino)pyrimidin-4(3H)-one",C9H16N5O8P,Cytosol,4522,C[NH2+]CCCN(C)N(N=O)[O-]
C19891,1D-chiro-Inositol,C6H12O6,Cytosol,135626357,C1CN(C2=CC=CC=C21)C(CCCOC3=C4C(=C(C=C3)Cl)CN5C(C(=O)NC5=N4)CO)C(=O)N
C20251,1-Keto-D-chiro-inositol,C6H10O6,Cytosol,163311994,CC1(CC2(CCN(CC2)C(=O)C3=CC=C(C=C3)N4CCCCC4)OCC1O)O
C05824,S-Sulfo-L-cysteine,C3H7NO5S2,Cytosol,8119,C1CCCNCC1
C15700,gamma-Glutamyl-gamma-aminobutyraldehyde,C9H16N2O4,Cytosol,47205026,COC1=CC=C(C=C1)CCC(=O)NCC2=CC=NN2
C15767,4-(L-gamma-Glutamylamino)butanoate,C9H16N2O5,Cytosol,47205093,C1=CC=C2C(=C1)C(=C(S2)C(=O)NCC3=CC=NN3)Cl
C19706,cis-3-Hydroxy-L-proline,C5H9NO3,Cytosol,135626174,C1=CC(=CC=C1C=NN=C2NC(=O)C(S2)CC(=O)C3=CC=C(C=C3)Cl)Cl
C03826,2-Dehydro-3-deoxy-D-xylonate,C5H8O5,Cytosol,6569,CCC(=O)C
C03434,Tetrachlorohydroquinone,C6H2Cl4O2,Cytosol,6261,CN(C(=N[N+](=O)[O-])N)N=O
C18933,Chloranil,C6Cl4O2,Cytosol,124489605,CC1(C=CC2=C(O1)C=C(C3=C2OC4=C(C3=O)CC(OC5=C4C=CC(=C5)O)C(C)(C)O)O)C
C04181,3-Hydroxy-3-methyl-2-oxobutanoic acid,C5H8O4,Cytosol,6858,COC1=CC(=CC(=C1OC)OC)C=O
C14463,(R)-3-Hydroxy-3-methyl-2-oxopentanoate,C6H10O4,Cytosol,17395463,CN(C1CCS(=O)(=O)C1)C(=O)C2=C(C3=CC=CC=C3S2)Cl
C06082,Abscisate,C15H20O4,Cytosol,8348,C1=CC=C(C=C1)C(=O)C2=CC=CC=C2O
C15514,8'-Hydroxyabscisate,C15H20O5,Cytosol,17396506,CN(CC1=CC=CO1)C(=O)CCC2=C(NC3=CC=CC=C32)C4=CC=C(C=C4)OC
C00828,Menaquinone,C16H16O2(C5H8)n,Cytosol,4086,CC(C)NCC(C1=CC(=CC(=C1)O)O)O
C05819,Menaquinol,C16H18O2(C5H8)n,Cytosol,8114,CCCOCCC
C01628,Vitamin K,C11H7O2R,Cytosol,4778,C1=CC=C(C=C1)[As]=O
C05850,Reduced Vitamin K,C11H9O2R,Cytosol,8143,CCCCCCCCN
C02059,Phylloquinone,C31H46O2,Cytosol,5148,C1=CC=C(C(=C1)C(=O)[O-])O
C03313,Phylloquinol,C31H48O2,Cytosol,6166,CC12CCC3C(C1CCC2C(=O)CO)CCC4=CC(=O)CCC34C
C00427,Prostaglandin H2,C20H32O5,Cytosol,3717,CC1=C(C2=C(N1C(=O)C3=CC=C(C=C3)Cl)C=CC(=C2)C=O)CC(=O)O
C02198,Thromboxane A2,C20H32O5,Cytosol,5266,CC1CC=CC=CC(C(CC(C(C(C(CC(=O)O1)O)OC)OC2C(C(C(C(O2)C)OC3CC(C(C(O3)C)O)(C)O)N(C)C)O)CC=O)C)OC4CCC(C(O4)C)N(C)C
C18902,Methylselenic acid,CH4O2Se,Cytosol,124489574,CC1=CC(=C(C=C1)C)C2C3=C(COC3=O)N(C(=O)N2)CC(=O)NC4=CC=CC=C4F
C05703,Methaneselenol,CH4Se,Cytosol,8010,C(C#N)C#N
C00409,Methanethiol,CH4S,Cytosol,3699,C1CCCC(CC1)NC(P(=O)(O)O)P(=O)(O)O
C02225,2-Methylcitrate,C7H10O7,Cytosol,5290,COC1=C(C=C2C3CC4=C(CN3CCC2=C1)C(=C(C=C4)O)OC)O
C04225,"(Z)-But-2-ene-1,2,3-tricarboxylate",C7H8O6,Cytosol,6896,CC1=C(C(=CC=C1)C)N
C04489,5-Methyltetrahydropteroyltri-L-glutamate,C30H39N9O12,Cytosol,7108,C1=CC=C2C(=C1)NC3=CC=CC=C3S2
C04144,Tetrahydropteroyltri-L-glutamate,C29H37N9O12,Cytosol,6829,C1=CC=C(C=C1)C2=CC=CC=C2[N+](=O)[O-]
C00047,L-Lysine,C6H14N2O2,Cytosol,3349,C1C(OC2=C(C13C(=O)NC(=O)N3)C=C(C=C2)F)C(=O)N
C05341,beta-Alanyl-L-lysine,C9H19N3O3,Cytosol,7719,CCCCC(CC)CN
C05340,beta-Alanyl-L-arginine,C9H19N5O3,Cytosol,7718,CCCCCCCCCCCC[N+]1=CC=CC=C1
C00135,L-Histidine,C6H9N3O2,Cytosol,3435,C1COC(=O)N1N=CC2=CC=C(O2)[N+](=O)[O-]
C00386,Carnosine,C9H14N4O3,Cytosol,3676,
C00884,Homocarnosine,C10H16N4O3,Cytosol,4140,CCC(CO)NC(=O)C1CN(C2CC3=CNC4=CC=CC(=C34)C2=C1)C
C01152,N(pi)-Methyl-L-histidine,C7H11N3O2,Cytosol,4381,CN1CC(C(C(C1CO)O)O)O
C01262,beta-Alanyl-N(pi)-methyl-L-histidine,C10H16N4O3,Cytosol,4481,C1=CC(=C[N+](=C1)C2C(C(C(O2)COP(=O)(O)OP(=O)(O)OCC3C(C(C(O3)N4C=NC5=C4NC=NC5=O)O)O)O)O)C(=O)N
C20942,Bacilysin,C12H18N2O5,Cytosol,254741404,
C15977,[Dihydrolipoyllysine-residue (2-methylpropanoyl)transferase] S-(2-methylpropanoyl)dihydrolipoyllysine,C12H22NO2S2R,Cytosol,47205290,C1=CC=C(C(=C1)SCC(=O)NCC2=CC=NN2)Cl
C15975,[Dihydrolipoyllysine-residue (2-methylpropanoyl)transferase] S-(3-methylbutanoyl)dihydrolipoyllysine,C13H24NO2S2R,Cytosol,47205288,CC1=C(C(=CC=C1)C(=O)N(C)CC(C)C#N)[N+](=O)[O-]
C15979,[Dihydrolipoyllysine-residue (2-methylpropanoyl)transferase] S-(2-methylbutanoyl)dihydrolipoyllysine,C13H24NO2S2R,Cytosol,47205292,C1CCCC2=C(CC1)C=C(S2)C(=O)NCC3=CC=NN3
C15976,2-Methyl-1-hydroxypropyl-ThPP,C16H27N4O8P2S,Cytosol,47205289,C1=CC=C2C(=C1)C(=NN2)C(=O)NCC3=CC=NN3
C15974,3-Methyl-1-hydroxybutyl-ThPP,C17H29N4O8P2S,Cytosol,47205287,CC1=CC(=NO1)NC(=O)C(=O)NC2CCCCCCC2
C15978,2-Methyl-1-hydroxybutyl-ThPP,C17H29N4O8P2S,Cytosol,47205291,C1=CC=C(C(=C1)CC(=O)NCC2=CC=NN2)Cl
C21017,2-(alpha-Hydroxypropyl)thiamine diphosphate,C15H25N4O8P2S,Cytosol,254741471,
C21018,Enzyme N6-(S-propyldihydrolipoyl)lysine,C11H20NO2S2R,Cytosol,254741472,
C04732,5-Amino-6-(1-D-ribitylamino)uracil,C9H16N4O6,Cytosol,7303,C1COC(=O)O1
C21971,"5-Amino-5-(4-hydroxybenzyl)-6-(D-ribitylimino)-5,6-dihydrouracil",C16H22N4O7,Cytosol,376219004,
C19154,"7,8-Didemethyl-8-hydroxy-5-deazariboflavin",C16H17N3O7,Cytosol,124489826,CCC(C(C(F)(F)F)O)C(=O)O
C04377,"5,10-Methylenetetrahydromethanopterin",C31H45N6O16P,Cytosol,7018,C1C2=CC=CC=C2C(=O)C3=CC=CC=C31
C01080,Reduced coenzyme F420,C29H38N5O18P,Cytosol,4318,CC(C)(C)NC(=O)C1CN(CCN1CC(CC(CC2=CC=CC=C2)C(=O)NC3C(CC4=CC=CC=C34)O)O)CC5=CC6=CC=CC=C6O5
C04488,"5-Methyl-5,6,7,8-tetrahydromethanopterin",C31H47N6O16P,Cytosol,7107,C1C2=CC=CC=C2OC3=CC=CC=C31
C00876,Coenzyme F420,C29H36N5O18P,Cytosol,4132,COC1=CC=C(C=C1)C23C(C(C(C2(C4=C(O3)C=C(C=C4OC)OC)O)O)C(=O)OC)C5=CC=CC=C5
C20870,3-(Methylthio)propanoyl-CoA,C25H42N7O17P3S2,Cytosol,254741336,
C20955,3-(Methylthio)acryloyl-CoA,C25H40N7O17P3S2,Cytosol,254741416,
C01061,4-Fumarylacetoacetate,C8H8O6,Cytosol,4300,CC1=CC(=C(C(=C1)I)O)C(=O)NC2=CC(=C(C=C2)C(=N)N)Cl
C06526,Quinine,C20H24N2O2,Cytosol,8757,CC(=O)[O-].CC(=O)[O-].CC(=O)[O-].[Al+3]
C07344,3-Hydroxyquinine,C20H24N2O3,Cytosol,9551,C([N+](=O)[O-])(F)(F)F
C00829,Naphthalene,C10H8,Cytosol,4087,CC(C(C1=CC(=CC=C1)O)O)N
C14786,"(1R,2S)-Naphthalene 1,2-oxide",C10H8O,Cytosol,17395784,CCC1=CC=C(C=C1)NC(C)C(=O)N2CCC3=CC=CC=C3C2
C14787,"(1S,2R)-Naphthalene 1,2-oxide",C10H8O,Cytosol,17395785,CC(C(=O)N1CCC2=CC=CC=C2C1)NC3=CC(=CC(=C3)OC)OC
C01595,Linoleate,C18H32O2,Cytosol,4750,CCOC1=C(C(=NC=C1)CCN=C(NC2=NC=C(C=C2)Cl)S)F
C14825,9(10)-EpOME,C18H32O3,Cytosol,17395823,C1CSC(S1)C2=CC=C(C=C2)C(=O)NCC3=CC=NC=C3
C14826,12(13)-EpOME,C18H32O3,Cytosol,17395824,CCCN1C(=O)C(=O)N(C1=O)CN2CCCC2C3=CC=C(C=C3)OCC
C07535,Benzo[a]pyrene,C20H12,Cytosol,9738,CC(C)NP(=O)(NC(C)C)F
C14849,"Benzo[a]pyrene-9,10-oxide",C20H12O,Cytosol,17395847,CC(C)CN(C1CCS(=O)(=O)C1)C(=O)C2=CC=C(C=C2)C3=CC=CC=C3
C14850,"Benzo[a]pyrene-7,8-oxide",C20H12O,Cytosol,17395848,CCCN(C1CCS(=O)(=O)C1)C(=O)C2=C(C3=C(C=CC=C3S2)F)C
C14851,"Benzo[a]pyrene-4,5-oxide",C20H12O,Cytosol,17395849,C1CSC(=O)N1CC(=O)NCCOC2=CC3=CC=CC=C3C=C2
C14852,"Benzo[a]pyrene-7,8-dihydrodiol",C20H14O2,Cytosol,17395850,CN1C(=O)C=CC(=N1)C(=O)NCCOC2=CC3=CC=CC=C3C=C2
C14853,"Benzo[a]pyrene-7,8-dihydrodiol-9,10-oxide",C20H14O3,Cytosol,17395851,CC1=CC=NN1C2=CC=C(C=C2)C(=O)N3CCCCCCC3
C14556,9-Hydroxybenzo[a]pyrene,C20H12O,Cytosol,17395556,CCC(C)NC(=O)CN1CCN(CC1)C2=CC=CC=C2C
C14854,"9-Hydroxybenzo[a]pyrene-4,5-oxide",C20H12O2,Cytosol,17395852,CC(CNS(=O)(=O)C1=CC2=C(C=C1)N(CC2)C(=O)C)C3=CC=CC=C3
C16641,Irinotecan,C33H38N4O6,Cytosol,51090967,CC1CC1C2=CC=C(O2)C=CC(=O)NCCC(=O)NC
C16542,APC,C33H38N4O8,Cytosol,51090871,CC(C)C1=NC(=NN1)C2=CC=CC=C2NC(=O)COC3CCCC3
C16543,NPC,C28H30N4O6,Cytosol,51090872,CC(C)C1=NC(=NN1)C2=CC=CC=C2NC(=O)CSCC=C
C12518,Glutaral,C5H8O2,Cytosol,582908,CCOC(=O)C(C)C(C(=O)OCC)O
C06174,Codeine,C18H21NO3,Cytosol,8425,C1=CC=C(C=C1)CC2=C(C=CC(=C2)Cl)O
C16576,Norcodeine,C17H19NO3,Cytosol,51090905,CN1C=NN=C1SC2=CC=C(C=C2)NC(=O)C=C(C3CC3)C4CC4
C16546,N-Desmethyltamoxifen,C25H27NO,Cytosol,51090875,CC1=NC(=NO1)C2(CCCCC2)NC(=O)C3=C4C(=CC(=C3)F)NC=N4
C05011,Hydroxytamoxifen,C26H29NO2,Cytosol,7494,C1=CC(=CC=C1CCO)[N+](=O)[O-]
C16547,Endoxifen,C25H27NO2,Cytosol,51090876,CC1=NC(=NO1)C2(CCCCCC2)NC(=O)CCNC3=CC=CC=C3
C16544,alpha-Hydroxytamoxifen,C26H29NO2,Cytosol,51090873,CCSCCC(=O)NC1=CC=CC=C1C2=NNC(=N2)C(C)C
C16548,"N,N-Didesmethyltamoxifen",C24H25NO,Cytosol,51090877,CC(=O)NCC(=O)NCC(=O)NCCC1=CC=C(C=C1)C(F)(F)F
C16549,alpha-Hydroxy-N-desmethyltamoxifen,C25H27NO2,Cytosol,51090878,CN(C)CCN1CCN(CC1)C(=O)C2=CC3=C(N2)C=CC(=C3)[N+](=O)[O-]
C07888,Cyclophosphamide,C7H15Cl2N2O2P,Cytosol,10090,CCC(=O)C(CCN(C)C)(C1=CC=CC=C1)C2=CC=CC=C2
C07643,4-Hydroxycyclophosphamide,C7H15Cl2N2O3P,Cytosol,9845,C(=O)(C(F)(F)F)OC(=O)C(F)(F)F
C07644,4-Ketocyclophosphamide,C7H13Cl2N2O3P,Cytosol,9846,C(CCC(=O)OCCF)CCBr
C16553,4-Hydroxyifosfamide,C7H15Cl2N2O3P,Cytosol,51090882,C1CC1N(CC2=CC=NC=C2)C(=O)C3=CC4=C(N3)C(=CC=C4)[N+](=O)[O-]
C07073,Lidocaine,C14H22N2O,Cytosol,9284,C1=CC=C(C=C1)C2=NN([N+](=N2)C3=CC=CC=C3)C4=CC=CC=C4
C16561,Monoethylglycinexylidide,C12H18N2O,Cytosol,51090890,C1CCN(CC1)C2CCN(CC2)C(=O)C3=CC=CC(=C3)C#N
C16560,3-Hydroxylidocaine,C14H22N2O2,Cytosol,51090889,C1CCN(CC1)C2CCN(CC2)C(=O)COC3=CC=C(C=C3)C#N
C07501,Felbamate,C11H14N2O4,Cytosol,9704,C1CC(CCC1CNCC2=CC=CC=C2Cl)CNCC3=CC=CC=C3Cl.Cl.Cl
C16584,p-Hydroxyfelbamate,C11H14N2O5,Cytosol,51090912,CCN(CC1CCOC1)C(=O)C2=CC(=CC=C2)NC(=O)C3=CC=CO3
C16582,2-Hydroxyfelbamate,C11H14N2O5,Cytosol,51090910,CC1CC(CN(C1)CCCCNC(=O)C2=CC=NN2)C
C06868,Carbamazepine,C15H12N2O,Cytosol,9085,C(CCN=C(N)N)CC(C(=O)O)N
C07496,"Carbamazepine-10,11-epoxide",C15H12N2O2,Cytosol,9699,CCN(CC)C(=O)CF
C16602,3-Hydroxycarbamazepine,C15H12N2O2,Cytosol,51090928,C1CN(CC1CNC(=O)C2=NNC3=CC=CC=C32)CC(F)(F)F
C16601,2-Hydroxycarbamazepine,C15H12N2O2,Cytosol,51090927,CC1=C(C=CC=C1[N+](=O)[O-])C(=O)NCC2CCN(C2)CC(F)(F)F
C16604,2-Hydroxyiminostilbene,C14H11NO,Cytosol,51090930,COC1=C(C=C(C=C1)C(=O)NCC2CCN(C2)CC(F)(F)F)OC
C07163,Methadone,C21H27NO,Cytosol,9372,C1=COC(=C1)CN(CCCl)CC2=CC=CO2
C16659,"2-Ethylidene-1,5-dimethyl-3,3-diphenylpyrrolidine",C20H23N,Cytosol,51090983,CC1=CC=CC=C1C2CCCN2C(=O)C3CCCN(C3)C(=O)C4CC4
C16660,"2-Ethyl-5-methyl-3,3-diphenyl-1-pyrroline",C19H21N,Cytosol,51090984,CCC=C(C)C(=O)NC1CCN(CC1)CC2=CC(=CC=C2)OC
C08012,Levomethadyl acetate,C23H31NO2,Cytosol,10212,CC(=CCOC1=C2C(=CC3=C1OC=C3)C=CC(=O)O2)C
C16661,L-alpha-Acetyl-N-normethadol,C22H29NO2,Cytosol,51090985,CC1=C(C=CC=C1[N+](=O)[O-])C(=O)N2CCC(CC2)CN(C)C(C)C
C16662,"L-alpha-Acetyl-N,N-dinormethadol",C21H27NO2,Cytosol,51090986,CC(CN1CCCC1=O)NC(=O)C2=CC=C(NC2=O)C(F)(F)F
C16453,4-(N-Nitrosomethylamino)-1-(3-pyridyl)-1-butanone,C10H13N3O2,Cytosol,47205749,CC1=CC(=NO1)NC(=O)C(=O)OCC2=CC=CC=C2F
C19566,4-Hydroxy-4-(methylnitrosoamino)-1-(3-pyridinyl)-1-butanone,C10H13N3O3,Cytosol,124490238,CC(=C)C1CCC2(C1C3CCC4C5(CCC(=O)C(C5C(CC4(C3(CC2)C)C)O)(C)C)C)C(=O)O
C00072,Ascorbate,C6H8O6,Cytosol,3372,C1CN(CCN1CCCN2C3=CC=CC=C3SC4=C2C=C(C=C4)C(F)(F)F)CCO
C01041,Monodehydroascorbate,C6H7O6,Cytosol,4283,CCNCCCNCCCCNCCCNCC
C00488,Formamide,CH3NO,Cytosol,3771,C1=CN=CC=C1C(=O)C2=C(C=[N+](C=C2)C3C(C(C(O3)COP(=O)(O)OP(=O)(O)OCC4C(C(C(O4)N5C=NC6=C(N=CN=C65)N)O)O)O)O)C(=O)N
C03196,(S)-2-Hydroxyglutarate,C5H8O5,Cytosol,6073,CC[N+](C)(C)C(C)CN1C2=CC=CC=C2SC3=CC=CC=C31.CCOS(=O)(=O)[O-]
C02091,(S)-Ureidoglycine,C3H7N3O3,Cytosol,5176,CCCCCC1=CC=C(C=C1)C(=O)NC2=CC=C(C=C2)S(=O)(=O)N(CCN3CCOCC3)C(C(C)C)C(=O)NO
C00603,(S)-Ureidoglycolate,C3H6N2O4,Cytosol,3878,C1=CC(=C(C(=C1)Cl)Cl)C2=C(N=C(N=N2)N)N
C00328,L-Kynurenine,C10H12N2O3,Cytosol,3622,C[N+]1(C2CCC1CC(C2)OC(=O)C(C3=CC=CC=C3)O)C
C03227,3-Hydroxy-L-kynurenine,C10H12N2O4,Cytosol,6099,CN(C)C1=CC2=C(C=C1)N=C3C=CC(=[N+](C)C)C=C3S2.[Cl-]
C02700,L-Formylkynurenine,C11H12N2O4,Cytosol,5664,CC1CCC=CC=C(CC(=CCC(C(C=CC=CC(=O)NC1)C)OC2CC(C(C(O2)C)NC)O)C)C
C05653,Formylanthranilate,C8H7NO3,Cytosol,7964,C1=CC=C(C=C1)Cl
C01217,"5,6,7,8-Tetrahydromethanopterin",C30H45N6O16P,Cytosol,4439,CCC(C1C(CC(C2(O1)C=CC(C3(O2)CCC(O3)(C)C4CCC(C(O4)C)(CC)O)O)C)C)C(=O)C(C)C(C(C)C5C(CC(C(O5)C(C)C(=O)O)C)C)O
C00213,Sarcosine,C3H7NO2,Cytosol,3513,C1=CC(=CC(=C1)[N+](=O)[O-])C2=C(C(=O)NC2=O)NC3=CC(=C(C=C3)Cl)C(=O)O
C02218,Dehydroalanine,C3H5NO2,Cytosol,5284,CC1=CC=C(OC1=O)C(=CC=CC(=C2C(=O)CC3C2(CCC4C3(CCC(=O)C4(C)C)C)C)C)C
C00234,10-Formyltetrahydrofolate,C20H23N7O7,Cytosol,3533,CC(=NCCSCCC(C(=O)O)N)N
C00669,gamma-L-Glutamyl-L-cysteine,C8H14N2O5S,Cytosol,3938,CCN(CC)C(=O)NC1CN(C2CC3=CNC4=CC=CC(=C34)C2=C1)C
C01036,4-Maleylacetoacetate,C8H8O6,Cytosol,4279,CCCCCCCCCCCCCCCC(C(CO)[N+](C)(C)C)O
C00185,Cellobiose,C12H22O11,Cytosol,3485,C(CC=O)CC=O
C00844,Prunasin,C14H17NO6,Cytosol,4101,C1N2CN3CN1CN(C2)C3
C00561,Mandelonitrile,C8H7NO,Cytosol,3841,C1=C(OC=C(C1=O)O)CN
C01898,Cellodextrin,H2O(C6H10O5)n,Cytosol,5010,CCOC(=O)OC(C1CC2CCN1CC2C=C)C3=C4C=C(C=CC4=NC=C3)OC
C08325,Amygdalin,C20H27NO11,Cytosol,10523,CC(C)C(C(C)O)(C(=O)OCC1CC[N+]2(C1CCC2)[O-])O
C00963,beta-D-Glucoside,C6H11O6R,Cytosol,4214,[Li+].CCCCCCCCCCCCCCCCOCC(COCC(F)(F)F)OP(=O)([O-])OC
C01335,ROH,HOR,Cytosol,4543,CNCCC=C1C2=CC=CC=C2CCC3=CC=CC=C31
C05713,Cyanoglycoside,C8H11NO6R2,Cytosol,8020,COCOC
C05712,Cyanohydrin,C2HNOR2,Cytosol,8019,COCCO
C05839,cis-beta-D-Glucosyl-2-hydroxycinnamate,C15H18O8,Cytosol,8132,CCCCNCCO
C05838,cis-2-Hydroxycinnamate,C9H8O3,Cytosol,8131,CCOCCCCO
C05143,Dhurrin,C14H17NO7,Cytosol,7561,CC(=C)C(=O)OC1CCCCC1
C03742,(S)-4-Hydroxymandelonitrile,C8H7NO2,Cytosol,6505,CCCCOC(=O)CC(CC(=O)OCCCC)(C(=O)OCCCC)OC(=O)C
C08334,Lotaustralin,C11H19NO6,Cytosol,10532,C[N+]1(C2CCC1CC(C2)OC(=O)C(CO)C3=CC=CC=C3)CC4=CC=C(C=C4)C5=CC=CC=C5.[Br-]
C18796,(2R)-2-Hydroxy-2-methylbutanenitrile,C5H9NO,Cytosol,124489470,CC1=C(SC=N1)CNC(C)C2=CC3=C(C=C2)OCC(=O)N3
C01594,Linamarin,C10H17NO6,Cytosol,4749,CC1C(C(C(C(O1)OC2CCC3(C(C2)CCC4C3CCC5(C4(CCC5C6=CC(=O)OC6)O)C)C=O)O)OC)O
C02659,Acetone cyanohydrin,C4H7NO,Cytosol,5632,CCCCOC(=O)C1=CC=CC=C1NC2=CC=CC(=C2)C(F)(F)F
C10216,Daidzin,C21H20O9,Cytosol,12402,CCCCCCCCCCCCCCCCCCI
C10208,Daidzein,C15H10O4,Cytosol,12394,CCCCCCCCCCCCCCCBr
C09126,Genistin,C21H20O10,Cytosol,11318,C1=CC=C2C(=C1)C=CC(=C2O)O
C06563,Genistein,C15H10O5,Cytosol,8792,CC(C)CC(=O)OCCC1=CC=CC=C1
C05623,Isoquercitrin,C21H20O12,Cytosol,7940,C1CC(=O)OC(=O)C1
C00389,Quercetin,C15H10O7,Cytosol,3679,CN1C(=NN=N1)SCC2=C(N3C(C(C3=O)NC(=O)C(C4=CC=CC=C4)OC=O)SC2)C(=O)[O-]
C09099,Naringenin 7-O-beta-D-glucoside,C21H22O10,Cytosol,11291,CN1CCC2=C(C1)C(C3=CC=CC=C23)C4=CC=CC=C4
C00509,Naringenin,C15H12O5,Cytosol,3792,CN(C)CCOC1=CC=C(C=C1)CNC(=O)C2=CC(=C(C=C2)OC)OC
C00436,N-Carbamoylputrescine,C5H13N3O,Cytosol,3725,COC1=C(C(=CC(=C1)C=C(C#N)C(=O)C2=CC(=C(C=C2)O)O)I)O
C00429,"5,6-Dihydrouracil",C4H6N2O2,Cytosol,3718,CC(C1=CC=C(C=C1)N2CC3=CC=CC=C3C2=O)C(=O)O
C21028,"(R)-5,6-Dihydrothymine",C5H8N2O2,Cytosol,254816253,
C16630,"5,6-Dihydro-5-fluorouracil",C4H5FN2O2,Cytosol,51090956,CS(=O)(=O)NCCC(=O)N1CCCC1CC2=CC(=CC=C2)F
C16631,alpha-Fluoro-beta-ureidopropionic acid,C4H7FN2O3,Cytosol,51090957,CC1CN(CC(O1)C)C(=O)CCNC(=O)C2=NOC(=C2)C
C04308,Phosphatidyl-N-dimethylethanolamine,C9H16NO8PR2,Cytosol,6966,C1=C2C(=CC3=C1C(=O)OC3=O)C(=O)OC2=O
C01241,Phosphatidyl-N-methylethanolamine,C8H14NO8PR2,Cytosol,4462,CC1=C(C(=O)C(=C(C1=O)OC)OC)CC=C(C)C
C00417,cis-Aconitate,C6H6O6,Cytosol,3707,C1=CC=C2C(=C1)C(=C(N2)O)C3=C(C4=CC=CC=C4N3)N=O
C01024,Hydroxymethylbilane,C40H46N4O17,Cytosol,4269,CC1CC(=O)C=CCC(CC(=O)OC(C(C(CC=CC2=NC(=CO2)C3=NC(=CO3)C(=O)NC1=O)OC)C)CC(C(C)CCC(C(C)C(C(C)C=CN(C)C=O)OC(=O)C)OC(=O)C(COC)OC)OC)O
C00340,Reduced rubredoxin,,Cytosol,3633,CC(=O)NC1C(C(C(OC1COCC2C(OC(C(C2O)(C)O)OCC3C(C(OC(C3O)CO)O)NC(=O)C)C(=O)O)CO)O)COC4C(C(C(C(O4)C(=O)O)O)O)O
C00435,Oxidized rubredoxin,,Cytosol,3724,CC(=O)N(CC(CN(C1=C(C(=C(C(=C1I)C(=O)NCC(CO)O)I)C(=O)NCC(CO)O)I)C(=O)C)O)C2=C(C(=C(C(=C2I)C(=O)NCC(CO)O)I)C(=O)NCC(CO)O)I
C16221,(2E)-Octadecenoyl-[acp],C18H33OSR,Cytosol,47205529,C1=CC=C(C(=C1)NC(=O)C2=CC=C(O2)S(=O)(=O)N)F
C04088,Octadecanoyl-[acyl-carrier protein],C18H35OSR,Cytosol,6780,C1=CC=C2C(=C1)C(=O)C3=CC=CC=C3C2=O
C20374,Enoylglutaryl-[acp] methyl ester,C6H7O3SR,Cytosol,163312112,COC1=CC2=C(C=C1)C3(CCN(CC3)C(=O)C4=CC=C(O4)CN5CCCC5)OCC2
C20378,Enoylpimeloyl-[acp] methyl ester,C8H11O3SR,Cytosol,163312116,CN1C2=NC(=NC(=C2C=N1)N)N3CCC(CC3)N4CC(C4)O
C00431,5-Aminopentanoate,C5H11NO2,Cytosol,3720,C1=CC(=CN=C1)C(=O)OC2C(C(C(C(C2OC(=O)C3=CN=CC=C3)OC(=O)C4=CN=CC=C4)OC(=O)C5=CN=CC=C5)OC(=O)C6=CN=CC=C6)OC(=O)C7=CN=CC=C7
C00937,(R)-Lactaldehyde,C3H6O2,Cytosol,4189,C1=CC(=C(C=C1Cl)Cl)COC(CN2C=CN=C2)C3=C(C=C(C=C3)Cl)Cl
C01384,Maleic acid,C4H4O4,Cytosol,4579,CCCCCCCCCCCCCCCCCCC1=CC=C(C=C1)C(=O)C=CC(=O)O
C11537,(2R)-3-Sulfolactate,C3H6O6S,Cytosol,13704,CC1=NC(=NC(=N1)OCC=C)C(Cl)(Cl)Cl
C05528,3-Sulfopyruvate,C3H4O6S,Cytosol,7871,CC(C)OP(=O)(C)F
C04188,S-Methyl-5-thio-D-ribose 1-phosphate,C6H13O7PS,Cytosol,6864,C1=CC=C2C(=C1)C(=O)C=C(N2)O
C04582,S-Methyl-5-thio-D-ribulose 1-phosphate,C6H13O7PS,Cytosol,7183,CCN(CC)CCOC(=O)C1=CC=C(C=C1)OCC
C15650,"2,3-Diketo-5-methylthiopentyl-1-phosphate",C6H11O6PS,Cytosol,17396640,CC1=CC=C(C=C1)NC(=O)CN(C)C(=O)CC2=CC=C(C=C2)C(F)(F)F
C15606,"1,2-Dihydroxy-5-(methylthio)pent-1-en-3-one",C6H10O3S,Cytosol,17396598,C1=CC=C(C(=C1)CNC(=O)C2=CC(=CN=C2)Br)CN3C=CC=N3
C08276,3-(Methylthio)propanoate,C4H8O2S,Cytosol,10474,[C-]#N.[C-]#N.[K+].[Ag+]
C01180,4-Methylthio-2-oxobutanoic acid,C5H8O3S,Cytosol,4407,C1=CC(=O)C2=C(C1=O)C(=C(C(=C2O)Cl)Cl)O
C17556,"di-trans,poly-cis-Undecaprenyl phosphate",C55H91O4P,Cytosol,96023901,CC1=CC2=C(C=C1C)C(NCC2)C3=CC=C(O3)C(=O)O
C16241,(R)-Lipoate,C8H14O2S2,Cytosol,47205549,CC(C(=O)NCCC1=CC=CC=N1)N2C=CN=C2
C16238,Lipoyl-AMP,C18H26N5O8PS2,Cytosol,47205546,CC1=C(C=C(C=C1)CNC(=O)C(C)N2C=CN=C2)F
C06423,Octanoic acid,C8H16O2,Cytosol,8658,COC1=CC=CC=C1C=O
C02147,Dihydrolipoate,C8H16O2S2,Cytosol,5225,CC(C)(C)C(=O)OC1=CC=C(C=C1)S(=O)(=O)NC2=CC=CC=C2C(=O)NC(=O)O
C22161,Dihydrolipoyl-AMP,C18H28N5O8PS2,Cytosol,405226352,
C05893,Undecaprenyl-diphospho-N-acetylmuramoyl-(N-acetylglucosamine)-L-alanyl-gamma-D-glutamyl-L-lysyl-D-alanyl-D-alanine,C94H156N8O26P2,Cytosol,8181,CCCCCCCCCCCCCCCC(=O)OC
C05894,Undecaprenyl-diphospho-N-acetylmuramoyl-(N-acetylglucosamine)-L-alanyl-D-isoglutaminyl-L-lysyl-D-alanyl-D-alanine,C94H157N9O25P2,Cytosol,8182,CCCCCCCCCCCC
C00582,Phenylacetyl-CoA,C29H42N7O17P3S,Cytosol,3861,CC(C)CC(CS)N
C19946,"3-Oxo-5,6-dehydrosuberyl-CoA semialdehyde",C29H44N7O19P3S,Cytosol,135626412,CN(C)CCCN1C2=C(C=CC(=C2)O)C(=NC3=C1N=CC=C3)C4=CC=CC=C4
C03427,Prephytoene diphosphate,C40H68O7P2,Cytosol,6254,C1=CC(=C(C=C1SSC2=CC(=C(C=C2)[N+](=O)[O-])C(=O)O)C(=O)O)[N+](=O)[O-]
C05421,15-cis-Phytoene,C40H64,Cytosol,7785,CCCCCCCCCCCC1CCC(=O)O1
C05413,all-trans-Phytoene,C40H64,Cytosol,7779,CC(=CCCC(=CCOC=O)C)C
C02630,2-Hydroxyglutarate,C5H8O5,Cytosol,5610,C1=CC(=CC=C1CCN)O
C03058,2-Hydroxyglutaryl-CoA,C26H42N7O20P3S,Cytosol,5958,C(C1C(C(C(C(O1)O)O)O)O)OP(=O)(O)O
C14143,Adipyl-CoA,C27H44N7O19P3S,Cytosol,7846955,CC(C(=O)NC1=C(C=C(C=C1)F)Cl)OC(=O)CCC2=NC3=CC=CC=C3S2
C03589,4-Hydroxy-2-oxopentanoate,C5H8O4,Cytosol,6380,C[N+](C)(C)C
C04083,N6-(Delta2-Isopentenyl)-adenine,C10H13N5,Cytosol,6776,C1=CC2=C(C=C1O)C(=O)C3=C(C2=O)C=C(C=C3)O
C00147,Adenine,C5H5N5,Cytosol,3447,CCOC(=O)C1=CC=C(C=C1)OC(=O)CCCCCN=C(N)N
C07330,3-Methyl-2-butenal,C5H8O,Cytosol,9538,CC(=O)CCCCCCCCF
C00230,"3,4-Dihydroxybenzoate",C7H6O4,Cytosol,3529,CC(=CCCC1(C(CC2(C(=O)C(=C(C3=CC(=C(C=C3)O)O)O)C(=O)C1(C2=O)CC=C(C)C)CC(CCC(=C)C)C(=C)C)CC=C(C)C)C)C
C02527,Butanoylphosphate,C4H9O5P,Cytosol,5535,C1=CC2=C(C=C(C(=C2N=C1)O)C(=O)NCCN(CCNC(=O)C3=CC(=C4C=CC=NC4=C3O)S(=O)(=O)O)CCNC(=O)C5=CC(=C6C=CC=NC6=C5O)S(=O)(=O)O)S(=O)(=O)O
C00204,2-Dehydro-3-deoxy-D-gluconate,C6H10O6,Cytosol,3504,CCC(C)(C)C(=O)C(=O)N1CCCC1C(=O)OCCCC2=CN=CC=C2
C04349,"(4S)-4,6-Dihydroxy-2,5-dioxohexanoate",C6H8O6,Cytosol,6998,C1=CC=C(C(=C1)C=O)O
C05811,2-Octaprenyl-6-hydroxyphenol,C46H70O2,Cytosol,8106,CCCCCCS
C05812,2-Octaprenyl-6-methoxyphenol,C47H72O2,Cytosol,8107,COCCCCO
C17551,2-Polyprenyl-6-hydroxyphenol,C11H14O2(C5H8)n,Cytosol,96023896,CC1=C(C2=C(CCNC2C3=CC=C(S3)C(=O)O)C=C1)C
C17552,2-Polyprenyl-6-methoxyphenol,C12H16O2(C5H8)n,Cytosol,96023897,CC1=CC2=C(C=C1C)C(NCC2)C3=CC=C(S3)C(=O)O
C21860,3-Demethylubiquinol,C13H18O4(C5H8)n,Cytosol,375580952,
C01353,Carbonic acid,H2CO3,Cytosol,4557,CCCCCCCC(C=CC#CC#CC(C=C)O)O
C04046,"3-D-Glucosyl-1,2-diacylglycerol",C11H16O10R2,Cytosol,6747,CC(CCC(=O)O)C1CCC2C1(CCC3C2CC(C4C3(CCC(C4)O)C)O)C
C06040,Diglucosyldiacylglycerol,C17H26O15R2,Cytosol,8311,C1=CC(=CC=C1NC(=O)CO)[As](=O)(O)O.O=[BiH]
G13181,Glycan,(DAG)1 (Glc)1,Cytosol,,
G13182,Glycan,(DAG)1 (Glc)2,Cytosol,,
C00751,Squalene,C30H50,Cytosol,4013,CC1C(C(CC(O1)OC2C(OC(CC2N)OC3CC(CC4=C3C(=C5C(=C4O)C(=O)C6=C(C5=O)C(=CC=C6)OC)O)(C(=O)C)O)C)O)O
C06310,Diploptene,C30H50,Cytosol,8546,C1=CC=C2C(=C1)C=C(C(=C2CC3=C(C(=CC4=CC=CC=C43)C(=O)O)O)O)C(=O)O
C06309,Diplopterol,C30H52O,Cytosol,8545,CC(=O)OC(=C(C(=O)OC)OC(=O)C)C(=O)OC
C05414,all-trans-Phytofluene,C40H62,Cytosol,7780,CC(=CCCC(=CCOC(=O)C)C)C
C05430,all-trans-zeta-Carotene,C40H60,Cytosol,7794,CC(CCC=C(C)C)CC=O
C15857,"9,9'-dicis-zeta-Carotene",C40H60,Cytosol,47205177,CC(C)C(=O)NCC(=O)NC1CCS(=O)(=O)C1
C02061,Plastoquinone,C8H8O2(C5H8)n,Cytosol,5150,CCC(C1CCC(C(O1)C(C)C(C(C)C(=O)C(CC)C2C(CC(C3(O2)C=CC(C4(O3)CCC(O4)(C)C5CCC(C(O5)C)(CC)O)O)C)C)O)C)C(=O)[O-]
C19764,"9,15,9'-tricis-zeta-Carotene",C40H60,Cytosol,135626231,CC1=C(C=CC2=C1CN3C(=C)C(=O)NC3=N2)OCCCC(=O)N(C)CC4=CC=CC=C4
C16693,Plastoquinol,C8H10O2(C5H8)n,Cytosol,51091015,CCNC1=NN=C(S1)SCC2=CC(=CC=C2)C(=O)N(C)C
C19765,"15,9'-dicis-Phytofluene",C40H62,Cytosol,135626232,CC1=C(C2=C(C=C1)N=C3NC(=O)C(=C)N3C2)OCCCCC(=O)N(C4CCCCC4)C(C)O
C01163,"3-Carboxy-cis,cis-muconate",C7H6O6,Cytosol,4390,CC(C)(C)[N+](=CC1=CC=CC=C1)[O-]
C01424,Gallate,C7H6O5,Cytosol,4609,C1CCC(C(C1)[NH-])[NH-].C(=O)(C(=O)O)O.[Pt+2]
C03671,"2-Pyrone-4,6-dicarboxylate",C7H4O6,Cytosol,6447,CC1CCC2C(C3C(CN2C1)C4CC56C(C4(C(C3O)O)O)C(C(C7C5(CCC(C7(O6)O)O)C)O)O)(C)O
C01278,"2-Carboxy-2,5-dihydro-5-oxofuran-2-acetate",C7H6O6,Cytosol,4497,CC1=C(C(C(=C(N1)C)C(=O)OC(C)C)C2=CC(=CC=C2)[N+](=O)[O-])C(=O)OCCOC
C03586,"2-Oxo-2,3-dihydrofuran-5-acetate",C6H6O4,Cytosol,6377,CC1CN1
C00846,3-Oxoadipate,C6H8O5,Cytosol,4103,CC1(C(N2C(S1)C(C2=O)NC(=O)C3=C(C=CC=C3OC)OC)C(=O)O)C
C19944,"3-Hydroxy-9,10-secoandrosta-1,3,5(10)-triene-9,17-dione",C19H24O3,Cytosol,135626410,COC1=CC(=CC(=C1OC)OC)C2=NC3=C(NC4=CC=CC=C42)N=CC=C3
C04793,"3,4-Dihydroxy-9,10-secoandrosta-1,3,5(10)-triene-9,17-dione",C19H24O4,Cytosol,7356,C[CH2-].C[CH2-].C[CH2-].[Al+3]
C00497,(R)-Malate,C4H6O5,Cytosol,3780,C1C(C2C(O1)C(CO2)O[N+](=O)[O-])O[N+](=O)[O-]
C00898,"(R,R)-Tartaric acid",C4H6O6,Cytosol,4154,COC1=C(C=C(C=C1)S(=O)(=O)NC2=CC=C(C=C2)C=CC(=O)NO)OC
C00552,meso-Tartaric acid,C4H6O6,Cytosol,3833,CCC(C(=O)NCC=CC=C(C)C(C(C)C1C(C(C(O1)C=CC=CC=C(C)C(=O)C2=C(NC=CC2=O)O)O)O)OC)C3(C(C(C(C(O3)C=CC=CC)(C)C)O)O)O
C03459,2-Hydroxy-3-oxosuccinate,C4H4O6,Cytosol,6279,CC1CC2C(CCC3(C2CCC3(C(=O)C)OC(=O)C)C)C4(C1=CC(=O)CC4)C
C05575,Hercynine,C9H16N3O2,Cytosol,7901,CN(C)CCCl
C20995,gamma-L-Glutamyl-S-(hercyn-2-yl)-L-cysteine S-oxide,C17H28N5O8S,Cytosol,254741453,
C20994,S-(Hercyn-2-yl)-L-cysteine S-oxide,C12H21N4O5S,Cytosol,254741452,
C21015,gamma-L-Glutamyl-L-2-aminobutyrate,C9H16N2O5,Cytosol,254741469,
C00643,5-Hydroxy-L-tryptophan,C11H12N2O3,Cytosol,3916,CC(CN1C2=CC=CC=C2SC3=C1C=C(C=C3)OC)CN(C)C
C05651,5-Hydroxykynurenine,C10H12N2O4,Cytosol,7962,CC1CCCCC1
C01242,[Protein]-S8-aminomethyldihydrolipoyllysine,C9H19N2OS2R,Cytosol,4463,CC1=C2C(=NC=C1)N(C3=C(C=CC=N3)C(=O)N2)C4CC4
C05980,Cardiolipin,C13H18O17P2R4,Cytosol,8259,C(C(Cl)(Cl)Cl)O
C01132,N-Acetyl-D-galactosamine,C8H15NO6,Cytosol,4363,CC(C(=O)O)NC(=O)C(CCSC)NC=O
C04737,alpha-D-Galactosyl-(1->4)-beta-D-galactosyl-(1->4)-beta-D-glucosyl-(1<->1)-ceramide,C37H66NO18R,Cytosol,7308,CC1=CC(=C(C=C1SC2=CC(=C(C=C2C)O)C(C)(C)C)C(C)(C)C)O
C03272,Globoside,C45H79N2O23R,Cytosol,6133,C1=CN(C(=O)NC1=O)C2C(C(C(O2)COP(=O)(O)OP(=O)(O)OP(=O)(O)O)O)O
C04730,GM3,C42H73N2O21R,Cytosol,7301,CC1CCCO1
G00094,Glycan,(Gal)2 (GalNAc)1 (Glc)1 (Cer)1,Cytosol,,
G00093,Glycan,(Gal)2 (Glc)1 (Cer)1,Cytosol,,
G00092,Glycan,(Gal)1 (Glc)1 (Cer)1,Cytosol,,
G00108,Glycan,(Gal)1 (Glc)1 (Neu5Ac)1 (Cer)1,Cytosol,,
G13074,Glycan,(Gal)1 (GlcNAc)2 (S)1,Cytosol,,
G01391,Glycan,(Gal)1 (GlcNAc)1 (S)1,Cytosol,,
C04132,N-Acetyl-D-glucosamine 6-sulfate,C8H15NO9S,Cytosol,6818,CCCCC(CC)COC(=O)C1=CC=CC=C1C(=O)OCCCC
G13056,Glycan,(GlcNAc)4 (LFuc)1 (Man)3 (Xyl)1 (Asn)1,Cytosol,,
G10665,Glycan,(GlcNAc)2 (LFuc)1 (Man)3 (Xyl)1 (Asn)1,Cytosol,,
C22467,Gangliotriaosylceramide-II3 sulfate,C39H69N2O21SR,Cytosol,497619826,
C03405,Lactosylceramide sulfate,C31H56NO16SR,Cytosol,6234,C1C(C(=O)NO1)N
C00885,Isochorismate,C10H10O6,Cytosol,4141,CC1=CC=C(O1)C[N+](C)(C)C
C04171,"(2S,3S)-2,3-Dihydro-2,3-dihydroxybenzoate",C7H8O4,Cytosol,6852,C1=CC=C2C(=C1)C3=C(N2)C=CC(=C3)NC4=CC=C(C=C4)O
C03187,dTDP-6-deoxy-beta-L-talose,C16H26N2O15P2,Cytosol,6066,CC[N+](C)(CC)CCOC(=O)C(C1CCCC1)(C2=CC=CS2)O.[Br-]
C03319,dTDP-L-rhamnose,C16H26N2O15P2,Cytosol,6171,CC1=NC=C(C(=C1O)C=O)CO.Cl
C05691,Se-Adenosylselenomethionine,C15H23N6O5Se,Cytosol,7998,CCCOC(=O)Cl
C11062,4-Hydroxybutyryl-CoA,C25H42N7O18P3S,Cytosol,13244,C1=C(OC(=C1)[N+](=O)[O-])C=C[N+](=O)[O-]
C03033,beta-D-Glucuronoside,C6H9O7R,Cytosol,5938,C[N+](C)(C)CCCCCC[N+](C)(C)C.[Br-].[Br-]
C00191,D-Glucuronate,C6H10O7,Cytosol,3491,CC(C)(C(C(=O)NC1C(C(C(C(O1)CO)O)O)O)NC(=O)OC)SN=O
C00069,Alcohol,HOR,Cytosol,3369,CN1C(=O)CN=C(C2=C1C=CC(=C2)Cl)C3=CC=CC=C3F
C05787,Bilirubin beta-diglucuronide,C45H52N4O18,Cytosol,8082,C1CCNCC1
C05791,D-Urobilinogen,C33H42N4O6,Cytosol,8086,CC(CNCC(C)O)O
G13040,Glycan,(GlcA)2 (GlcNAc)1 (S)1,Cytosol,,
G09660,Glycan,(GlcA)1 (GlcNAc)1 (S)1,Cytosol,,
C04900,Luteolin 7-O-[beta-D-glucuronosyl-(1->2)-beta-D-glucuronide]-4'-O-beta-D-glucuronide,C33H34O24,Cytosol,7450,CC(C)C1=CC(=CC=C1)C(C)C
C12632,Luteolin 7-O-[beta-D-glucuronosyl-(1->2)-beta-D-glucuronide],C27H26O18,Cytosol,583022,C1(C(C(C(C1(F)F)(F)F)(F)F)(F)F)F
C11376,SN38 glucuronide,C28H28N2O11,Cytosol,13550,CCCOC(=O)C=C
C11173,SN-38,C22H20N2O5,Cytosol,13355,C(C(C(=O)[O-])O)(C(=O)[O-])O.[Na+].[Na+]
G00526,Glycan,(GlcA)2 (GlcNAc)2,Cytosol,,
C00190,UDP-D-xylose,C14H22N2O16P2,Cytosol,3490,C(C1C(C(C(O1)NC(=O)CN)O)O)OP(=O)([O-])[O-]
C01561,Calcidiol,C27H44O2,Cytosol,4719,CC(CCCCCCCCCCC(C#CC#CCO)O)CCCCCCCCCC=CC(C#C)O
C01673,Calcitriol,C27H44O3,Cytosol,4817,CC1=CC=C(C=C1)C(=O)CN2C3=C(CCCC3)SC2=N
C07712,Secalciferol,C27H44O3,Cytosol,9914,CC(=O)C1C(CC2C1(CCC3C2CCC4=CC(=O)CCC34C)C)O
C18231,Calcitetrol,C27H44O4,Cytosol,103061413,CCC1=CC=C(C=C1)N(C)CC2COCCC2O
C16356,"1,7-Dimethyluric acid",C7H8N4O3,Cytosol,47205664,CCCC(=O)NCC(=O)NC(C)C1=CC=CC=C1Cl
C12673,Tegafur,C8H9FN2O3,Cytosol,583063,C1=CC=C(C=C1)C=C(C=O)C=O
C07649,5-FU,C4H3FN2O2,Cytosol,9851,CCOC(=O)CCCCCCCCCCCCCCCF
C16835,Succinic aldehyde,C4H6O2,Cytosol,96023359,CCOC(=O)CC1C2=C(CCN1)C=CC(=C2F)O
C07185,Valproic acid,C8H16O2,Cytosol,9394,CC[N+](CC)(CCCNC1=CC(=O)C(=CC1=O)NCCC[N+](CC)(CC)CC2=CC=CC=C2)CC3=CC=CC=C3
C16648,2-n-Propyl-4-pentenoic acid,C8H14O2,Cytosol,51090972,CC1=C(OC2=CC=CC=C12)C(=O)N(CCOC)CC3=CC=CC=N3
C16649,4-Hydroxyvalproic acid,C8H16O3,Cytosol,51090973,CN1C(=O)CCC(=N1)C(=O)N(CCOC)CC2=CC=CC=N2
C16650,5-Hydroxyvalproic acid,C8H16O3,Cytosol,51090974,CC(C(=O)N(CCOC)CC1=CC=CC=N1)NC(=O)C2=CC=CS2
C16651,3-Hydroxyvalproic acid,C8H16O3,Cytosol,51090975,COCCN(CC1=CC=CC=N1)C(=O)C2=CC3=C(O2)C=CC(=C3)Cl
C19563,4-[(Hydroxymethyl)nitrosoamino]-1-(3-pyridinyl)-1-butanone,C10H13N3O3,Cytosol,124490235,C1C(CN(C1=O)C2=CC(=CC=C2)Cl)C(=O)NC3=CC(=C(C=C3)F)[N+](=O)[O-]
C19574,4-(Methylnitrosamino)-1-(3-pyridyl)-1-butanol,C10H15N3O2,Cytosol,124490246,CC1CCCN(C1)C(C)CNC2=NC3=CC=CC=C3C(=C2)C(=O)NC4CC4
C19577,"1-(Methylnitrosoamino)-4-(3-pyridinyl)-1,4-butanediol",C10H15N3O3,Cytosol,124490249,CC12CCCC1C3CCC4=CC(=O)CCC4(C3CC2)C
C19580,alpha-[3-[(Hydroxymethyl)nitrosoamino]propyl]-3-pyridinemethanol,C10H15N3O3,Cytosol,124490252,CNC1=C(C=C(C=C1Br)C=C2C=C(C3=CC=CC=C32)C(C4=CC(=C(C(=C4)Br)NC)Br)O)Br
C15858,"7,9,7',9'-tetracis-Lycopene",C40H56,Cytosol,47205178,C1CS(=O)(=O)CC1NC(=O)CNC(=O)C2=CC=CC=N2
C05432,Lycopene,C40H56,Cytosol,7796,CCCC(=O)OCC=C(C)CCC=C(C)C
C03688,Apo-[acyl-carrier protein],,Cytosol,6463,C1=CC=C(C=C1)C(C2=CC=CC=C2)(C(=O)O)O
C02348,(R)(-)-Allantoin,C4H6N4O3,Cytosol,5396,COC1=CC(=CC(=C1O)OC)C2C3C(COC3=O)C(C4=CC5=C(C=C24)OCO5)OC6C(C(C7C(O6)COC(O7)C8=CC=CS8)O)O
C02483,gamma-Tocopherol,C28H48O2,Cytosol,5496,C1C(C(C(C(C1N)OC2C(C(C(C(O2)CO)O)N)O)O)OC3C(CC(C(O3)CN)O)N)N
C02477,alpha-Tocopherol,C29H50O2,Cytosol,5492,C[N+](C)(C)C1=CC=CC(=C1)C(=O)C(F)(F)F
C14151,delta-Tocopherol,C27H46O2,Cytosol,7846963,CC(C(=O)NCC1=CC=CO1)OC(=O)CCC2=NC3=CC=CC=C3S2
C14152,beta-Tocopherol,C28H48O2,Cytosol,7846964,CC(C(=O)NC1CCCC1)OC(=O)CCC2=NC3=CC=CC=C3S2
C14155,gamma-Tocotrienol,C28H42O2,Cytosol,7846967,CN(C1CCS(=O)(=O)C1)C(=O)COC(=O)CCC2=NC3=CC=CC=C3S2
C14153,alpha-Tocotrienol,C29H44O2,Cytosol,7846965,CC(C(=O)NC1CCCC1)OC(=O)CCC2=NC3=CC=CC=C3S2
C14156,delta-Tocotrienol,C27H40O2,Cytosol,7846968,C1=CC=C2C(=C1)C(C3=CC=CC=C32)OC(=O)CCC4=NC5=CC=CC=C5S4
C14154,beta-Tocotrienol,C28H42O2,Cytosol,7846966,CN(C1CCS(=O)(=O)C1)C(=O)COC(=O)CCC2=NC3=CC=CC=C3S2
C00096,GDP-mannose,C16H25N5O16P2,Cytosol,3396,C1CN(CCC12C(=O)NCN2C3=CC=CC=C3)CCCC(C4=CC=C(C=C4)F)C5=CC=C(C=C5)F
C02280,GDP-L-galactose,C16H25N5O16P2,Cytosol,5337,C1=CC=C2C(=C1)N=CC(=N2)[N-]S(=O)(=O)C3=CC=C(C=C3)N
C15925,GDP-L-gulose,C16H25N5O16P2,Cytosol,47205243,C1=CC=C2C(=C1)NC(=N2)CCC(=O)NCC3=CC=NN3
C11133,Estrone glucuronide,C24H30O8,Cytosol,13315,C[NH+](C)CCCC1C2=CC=CC=C2CSC3=C1C=C(C=C3)Br.[Cl-]
C00486,Bilirubin,C33H36N4O6,Cytosol,3769,C1=CN=CC=C1C(=O)NNCS(=O)(=O)O
C00523,Androsterone,C19H30O2,Cytosol,3806,C1=CC2=C(C(=O)C=CC2=O)C(=C1)O
C11135,Androsterone glucuronide,C25H38O8,Cytosol,13317,C[NH+](C)CCCC1C2=CC=CC=C2CSC3=C1C=C(C=C3)F.[Cl-]
C00535,Testosterone,C19H28O2,Cytosol,3817,CC1=C(C(=CC=C1)C)OCC(=O)NC(CC2=CC=CC=C2)C(CC(CC3=CC=CC=C3)NC(=O)C(C(C)C)N4CCCNC4=O)O
C11134,Testosterone glucuronide,C25H36O8,Cytosol,13316,CN(C)CCCC1C2=CC=CC=C2CSC3=C1C=C(C=C3)Br
C11061,all-trans-Retinoyl-beta-glucuronide,C26H36O8,Cytosol,13243,CC(=O)OC1=CC=C(C=C1)[N+](=O)[O-]
C00951,Estradiol-17beta,C18H24O2,Cytosol,4202,C1CCN(CC1)C2=NC(=[N+](C(=C2)N)OS(=O)(=O)[O-])N
C05503,Estradiol-17beta 3-glucuronide,C24H32O8,Cytosol,7856,C(C#N)Cl
C04373,Etiocholanolone,C19H30O2,Cytosol,7015,C1=CC=C(C=C1)C2=CC=CC=C2N
C11136,Etiocholan-3alpha-ol-17-one 3-glucuronide,C25H38O8,Cytosol,13318,CN(C)CCCC1C2=CC=CC=C2CSC3=C1C=C(C=C3)F
C05299,2-Methoxyestrone,C19H24O3,Cytosol,7683,CC(=O)NC1=CC=C(C=C1)Br
C11132,2-Methoxyestrone 3-glucuronide,C25H32O9,Cytosol,13314,CN1C2=C(C=C(C=C2)Cl)C(=NC(C1=O)O)C3=CC=CC=C3Cl
C05302,2-Methoxy-17beta-estradiol,C19H26O3,Cytosol,7686,C1=CC(=CC=C1NC(=O)C(=O)O)[N+](=O)[O-]
C11131,2-Methoxy-estradiol-17beta 3-glucuronide,C25H34O9,Cytosol,13313,CC12C=CC3=C4CCC(=O)C=C4CCC3C1CCC2(C#C)O
C05141,Estriol,C18H24O3,Cytosol,7560,CN(C)C(=O)NC1=CC=CC=C1
C05504,16-Glucuronide-estriol,C24H32O9,Cytosol,7857,C(C#N)O
C14869,Trichloroethanol glucuronide,C8H11Cl3O7,Cytosol,17395867,CC(C)NC(=O)CN(C)CC1=C(C2=CC=CC=C2C(=C1)Cl)O
C16577,Codeine-6-glucuronide,C24H29NO9,Cytosol,51090906,C1=CN(C=C1)C2=CC=CC(=C2)NC(=O)C3=CSC(=C3)S(=O)(=O)N
C01516,Morphine,C17H19NO3,Cytosol,4681,CCC(C)C=C(C)C=CC(C(C)(C(=O)NCC(=O)NC(C(C)O)C(=O)NC(C(C)N)C(=O)NC(C(C)C(C)C(=O)N)C(=O)NC1C(OC(=O)C2CCCCN2C(=O)C(NC(=O)C(N(C(=O)C(NC(=O)CNC(=O)C(NC1=O)COC)C)C)C(C)O)C(C3=CC=C(C=C3)O)OC)C(C)C)O)O
C16643,Morphine-3-glucuronide,C23H27NO9,Cytosol,51090968,CC1C(=O)N(C2=CC=CC=C2O1)CCC(=O)NCCC(=O)NC
C16578,Morphine-6-glucuronide,C23H27NO9,Cytosol,51090907,CC(C(=O)NC1=CC(=CC=C1)N2C=CC=C2)NC(=O)C3=CC=CO3
C19605,4-(Methylnitrosamino)-1-(3-pyridyl)-1-butanol glucuronide,C16H23N3O8,Cytosol,124490274,C1=CC=C(C=C1)CC2(C3=CC=CC=C3C4=NC=CN42)C5=CN=C(C=C5)Br
C19606,NNAL-N-glucuronide,C16H23N3O8,Cytosol,124490275,C1=CC=C(C=C1)CC2(C3=CC=CC=C3C4=NC=CN42)C5=CN=C(C=C5)Br
C19645,Acceptor,,Cytosol,124490296,C1COCCC1CCC2(C3=CC=CC=C3C4=NC=CN42)C5=CC=C(C=C5)Br
C19646,Acceptor beta-D-glucuronoside,,Cytosol,124490297,C1=CC=C(C=C1)CC2(C3=CC=CC=C3C4=NC=CN42)C5=CC=C(C=C5)Br
C04590,3-(O-Geranylgeranyl)-sn-glycerol 1-phosphate,C23H41O6P,Cytosol,7189,C1=CC=C(C=C1)C=CC(=O)C2=CC=CC=C2
C04638,"2,3-Bis-(O-geranylgeranyl)-sn-glycerol 1-phosphate",C43H73O6P,Cytosol,7227,CC1=CC2=C(C=C1)SC(=N2)C
C19859,"5-Methoxy-2-methyl-3-(all-trans-polyprenyl)benzene-1,4-diol",C13H18O3(C5H8)n,Cytosol,135626326,CC1=C(C=CC2=C1CN3C(=C)C(=O)NC3=N2)OCCCCCCC(=O)N(C)CC4=CC=CC=C4
C06735,Aminoacetaldehyde,C2H5NO,Cytosol,8957,CC(CCC(=O)[O-])C1CCC2C1(C(=O)CC3C2C(=O)CC4C3(CCC(=O)C4)C)C.[Na+]
C21295,5-Methylphenazine-1-carboxylate,C14H11N2O2,Cytosol,318172275,
C01748,Pyocyanine,C13H10N2O,Cytosol,4882,C1=CC=C(C=C1)C(=O)NC2=CC(=O)C3=CC=CC=C3C2=O
C21442,Phenazine-1-carboxylate,C13H8N2O2,Cytosol,329728065,
C21477,1-Hydroxyphenazine,C12H8N2O,Cytosol,329970429,
C04534,"6-Phospho-beta-D-glucosyl-(1,4)-D-glucose",C12H23O14P,Cytosol,7141,C1=CC=C2C=C(C=CC2=C1)NC3=CC=C(C=C3)O
C06187,Arbutin 6-phosphate,C12H17O10P,Cytosol,8438,C1OC2=C(O1)C=C(C=C2)C=O
C00530,Hydroquinone,C6H6O2,Cytosol,3812,CN(C)C1=CC=C(C=C1)C(=O)NCCCCCCCC(=O)NO
C06188,Salicin 6-phosphate,C13H19O10P,Cytosol,8439,CC=CC1=CC2=C(C=C1)OCO2
C02323,Salicyl alcohol,C7H8O2,Cytosol,5375,CN1C(=O)CC(NC1=O)C(=O)NC(CC2=CN=CN2)C(=O)N3CCCC3C(=O)N
C00418,(R)-Mevalonate,C6H12O4,Cytosol,3708,C1=CC=C2C(=C1)C(=O)C(=N2)C3=C(NC4=C3C=C(C=C4)S(=O)(=O)O)O
C00356,(S)-3-Hydroxy-3-methylglutaryl-CoA,C27H44N7O20P3S,Cytosol,3649,CCC1CN2CCC1CC2C(C3=C4C=C(C=CC4=NC=C3)OC)O
C00360,dAMP,C10H14N5O6P,Cytosol,3651,CC(CC1=CC=C(C=C1)O)N
C03028,Thiamin triphosphate,C12H20N4O10P3S,Cytosol,5933,C1=CC=C(C=C1)[Hg].[N+](=O)(O)[O-]
C22072,2-[(L-Alanin-3-ylcarbamoyl)methyl]-2-hydroxybutanedioate,C9H14N2O8,Cytosol,384585131,
C22073,2-[(2-Aminoethylcarbamoyl)methyl]-2-hydroxybutanedioate,C8H14N2O6,Cytosol,384585132,
C03401,"L-2,3-Diaminopropanoate",C3H8N2O2,Cytosol,6231,CC12CCC3C(C1CCC2(C#C)O)CCC4=C3CCC(=O)C4
C22074,2-[(L-Alanin-3-ylcarbamoyl)methyl]-3-(2-aminoethylcarbamoyl)-2-hydroxypropanoate,C11H20N4O7,Cytosol,384585133,
C22075,Staphyloferrin B,C16H24N4O11,Cytosol,384585134,
C21559,N-[(2S)-2-Amino-2-carboxyethyl]-L-glutamate,C8H14N2O6,Cytosol,336445197,
C01010,Urea-1-carboxylate,C2H4N2O3,Cytosol,4255,CCOC(=NC1=C[N+](=NC1)N2CCOCC2)[O-]
C06019,D-arabino-Hex-3-ulose 6-phosphate,C6H13O9P,Cytosol,8291,COP(=O)(OC1=CC=CC=C1)OC2=CC=CC=C2
C03451,(R)-S-Lactoylglutathione,C13H21N3O8S,Cytosol,6272,C1=CC(=C(C=C1CC(C(=O)O)N)I)O
C00514,D-Mannonate,C6H12O7,Cytosol,3797,CC(C)N(CCC(=O)C1=CC2=CC=CC=C2C=C1)CC3=CC=CC=C3
C00513,CDP-glycerol,C12H21N3O13P2,Cytosol,3796,COC1=C(C=C2C(=C1)C(=NC=N2)NC3=CC(=C(C(=C3)Br)O)Br)OC
C04536,Magnesium protoporphyrin monomethyl ester,C35H34MgN4O4,Cytosol,7143,COC1=C(C=CC(=C1)Cl)N
C11829,13(1)-Hydroxy-magnesium-protoporphyrin IX 13-monomethyl ester,C35H34MgN4O5,Cytosol,13993,CC(=O)OC1CCC2(C(C1)CCC3C2CCC4(C3(CC(C4C5=CC(=O)OC5)O)O)C)C
C11830,13(1)-Oxo-magnesium-protoporphyrin IX 13-monomethyl ester,C35H32MgN4O5,Cytosol,13994,C1CCN(C1)CCN2C(=O)CN=C(C3=C2C=CC(=C3)Cl)C4=CC=CC=C4.C(=CC(=O)O)C(=O)O
C11831,Divinylprotochlorophyllide,C35H30MgN4O5,Cytosol,13995,C1CCN(C1)CCN2C(=O)CN=C(C3=C2C=CC(=C3)Cl)C4=CC=CC=C4
C06424,Tetradecanoic acid,C14H28O2,Cytosol,8659,C1=CC(=CC=C1OC2=C(C=C(C=C2)Cl)[N+](=O)[O-])Cl
C05437,Zymosterol,C27H44O,Cytosol,7800,CCCCCCCCCCCC(=O)OCC
C04525,Fecosterol,C28H46O,Cytosol,7136,CC(=O)OC1=C(C=C(C=C1)CC=C)OC
C01902,Cycloartenol,C30H50O,Cytosol,5012,C1CN(CCN1)C2=NC3=C(C=C2)C=C(C=C3)[N+](=O)[O-]
C08830,24-Methylidenecycloartanol,C31H52O,Cytosol,11023,C(C(=O)[O-])C(CC(=O)[O-])(C(=O)[O-])O.C(C(=O)[O-])C(CC(=O)[O-])(C(=O)[O-])O.[Zn+2].[Zn+2].[Zn+2]
C01210,N-Methylethanolamine phosphate,C3H10NO4P,Cytosol,4432,CCCCCCCCCC(=O)OC1CCC2C1(CCC3C2CCC4=CC(=O)CCC34)C
C13482,Phosphodimethylethanolamine,C4H12NO4P,Cytosol,586220,CC(=C1CCC(C1)C(=O)OC2CC3CCC2(C3(C)C)C)C
C04297,"CDP-4-dehydro-3,6-dideoxy-D-glucose",C15H23N3O14P2,Cytosol,6956,C1=CC=C(C(=C1)C(=O)N)C(=O)N
C01219,CDP-4-dehydro-6-deoxy-D-glucose,C15H23N3O15P2,Cytosol,4441,CC1C(C(C(C(O1)OC2C(C(C(OC2OC3=CC(=C4C(=O)CC(OC4=C3)C5=CC=C(C=C5)O)O)CO)O)O)O)O)O
C16155,UDP-L-Ara4O,C14H20N2O16P2,Cytosol,47205465,C1CS(=O)(=O)CCN1CC(=O)NCC2=CC=C(C=C2)F
C16153,UDP-L-Ara4N,C14H23N3O15P2,Cytosol,47205463,CSC1=CC=CC(=C1)NC(=O)CN2CCS(=O)(=O)CC2
C12323,L-4-Hydroxyphenylglycine,C8H9NO3,Cytosol,582713,C1=CC=C(C=C1)C(=O)NC(CC2=CNC3=CC=CC=C32)C#N
C17355,Nocardicin G,C19H19N3O6,Cytosol,96023708,COCCOCC1C2=CC(=C(C=C2CCN1)F)O
C20910,L-4-Hydroxyphenylglycyl-L-arginine,C14H21N5O4,Cytosol,254741373,
C00740,D-Serine,C3H7NO3,Cytosol,4003,CC1=CC(=O)OC2=C1C=CC(=C2)NC(=O)C(CCCCNC(=O)C)NC(=O)OC(C)(C)C
C00179,Agmatine,C5H14N4,Cytosol,3479,C(C1C(C(C(C(=N1)NO)O)O)O)O
C00410,Progesterone,C21H30O2,Cytosol,3700,CC1=CC(=CC(=C1O)C)C=C2CC3=CC(=C(C(=C3C2=O)N)OC)OC
C03205,11-Deoxycorticosterone,C21H30O3,Cytosol,6081,CC(C(C1=C(C=CC(=C1)OC)OC)O)N.Cl
C05497,21-Deoxycortisol,C21H30O4,Cytosol,7850,C=CCCl
C00735,Cortisol,C21H30O5,Cytosol,3998,C1=CC(=CC=C1CN)S(=O)(=O)N
C01176,17alpha-Hydroxyprogesterone,C21H30O3,Cytosol,4403,CNC1=C2C(=NC=N1)N(C=N2)C3C(C(C(O3)COP(=O)(O)O)O)O
C05488,11-Deoxycortisol,C21H30O4,Cytosol,7847,C=CC=O
C01953,Pregnenolone,C21H32O2,Cytosol,5056,C1=CC(=CC=C1C=CC2=CC(=CC(=C2)O)O)O
C05485,21-Hydroxypregnenolone,C21H32O3,Cytosol,7845,C=CC=C
C05498,11beta-Hydroxyprogesterone,C21H30O3,Cytosol,7851,C(CBr)N
C02140,Corticosterone,C21H30O4,Cytosol,5219,C1COCCN1[N+]2=CC(=N)O[N-]2
C05138,17alpha-Hydroxypregnenolone,C21H32O3,Cytosol,7557,CC(=CC1=CC=CC=C1)C=O
C05487,"17alpha,21-Dihydroxypregnenolone",C21H32O4,Cytosol,7846,CCC#C
C01215,2-(Acetamidomethylene)succinate,C7H9NO5,Cytosol,4437,C1=CC2=C(C=C(C=C2C=C1S(=O)(=O)[O-])S(=O)(=O)[O-])S(=O)(=O)[O-]
C18054,2-Amino-2-deoxyisochorismate,C10H11NO5,Cytosol,96024274,CC1=CC2=C(C=C1C)C(NCC2)C3CC=CC3
C20144,"Androsta-1,4-diene-3,17-dione",C19H24O2,Cytosol,135626604,CCCCCCN(C1=CC=CC=C1)C(=O)CCCCCOC2=CC3=C(CN4CC(=O)NC4=N3)C=C2
C19830,"(5S,6S)-6-Amino-5-hydroxycyclohexa-1,3-diene-1-carboxylate",C7H9NO3,Cytosol,135626297,CC(N(C1CCCCC1)C(=O)CCCOC2=C(C3=C(C=C2)N=C4NC(=O)C(=C)N4C3)Cl)O
C19831,"(1R,6S)-6-Amino-5-oxocyclohex-2-ene-1-carboxylate",C7H9NO3,Cytosol,135626298,CCCCCN(CC1=CC=CC=C1)C(=O)CCCOC2=CC3=C(C=C2)N=C4NC(=O)C(N4C3)CO
C21408,"(1R,6R)-1,4,5,5a,6,9-Hexahydrophenazine-1,6-dicarboxylate",C14H14N2O4,Cytosol,328082951,
C21473,"(1R,5aS,6R)-4a-Hydroxy-1,4,4a,5,5a,6,9,10a-octahydrophenazine-1,6-dicarboxylate",C14H16N2O5,Cytosol,329970425,
C00491,L-Cystine,C6H12N2O4S2,Cytosol,3774,CCC1C(COC1=O)CC2=CC=CN2C
C01962,Thiocysteine,C3H7NO2S2,Cytosol,5063,C1CCC(=NOC(=O)NCCCCCCNC(=O)ON=C2CCCCC2)CC1
C02882,L-Cysteine-S-conjugate,C3H6NO2SR,Cytosol,5813,C1=CC(=C(C=C1C(CN)O)O)O.C(C(C(=O)O)O)(C(=O)O)O
C00145,Thiol,HSR,Cytosol,3445,C1C(C=CC=C1C(=O)O)N
C03108,D-Glucosylsphingosine,C24H47NO7,Cytosol,6004,CCOS(=O)(=O)O
C04261,Protein N(pi)-phospho-L-histidine,C7H9N4O5PR2,Cytosol,6926,C1=CC=C(C(=C1)N)S(=O)(=O)O
C00615,Protein histidine,C7H8N4O2R2,Cytosol,3889,CN1C(=NN=N1)SCC2=C(N3C(C(C3=O)(NC(=O)C(C4=CC=C(C=C4)O)C(=O)O)OC)OC2)C(=O)O
C01094,D-Fructose 1-phosphate,C6H13O9P,Cytosol,4329,CC(C)C(C(=O)NC(CC(=O)O)C(=O)NC1=CC=C(C=C1)[N+](=O)[O-])NC(=O)C(CCC(=O)O)NC(=O)C(CC(=O)O)NC(=O)C
C02739,1-(5-Phospho-D-ribosyl)-ATP,C15H25N5O20P4,Cytosol,5699,C1=CC2=C(C(=C1)O)NC(=CC2=O)C(=O)O
C02741,Phosphoribosyl-AMP,C15H23N5O14P2,Cytosol,5701,C1CCCC2CCN3CCCC(C3O2)CCCCCCC4CCN5CCCC(C5O4)CC1
C00305,Magnesium cation,Mg,Cytosol,3599,CCCCCCCCCCCCCCCCOP(=O)([O-])OCC[N+](C)(C)C
C03516,Magnesium protoporphyrin,C34H32MgN4O4,Cytosol,6325,C=C
C05435,gamma-Carotene,C40H56,Cytosol,7799,CCCCCCCC(=O)OCC
C02094,beta-Carotene,C40H56,Cytosol,5178,C1=C(NC=C1Br)C(=O)NCC2C(C(C2C3=CN=C(N3)N)C4=CN=C(N4)N)CNC(=O)C5=CC(=CN5)Br
C05431,all-trans-Neurosporene,C40H58,Cytosol,7795,CCCC(=O)OCCC(C)C
C05434,beta-Zeacarotene,C40H58,Cytosol,7798,CCCC(=O)OC(=O)CCC
C08586,delta-Carotene,C40H56,Cytosol,10779,C1=CC(=CC=C1C=CC2=C(C=C(C=C2)C(=N)N)O)C(=N)N.C(CS(=O)(=O)O)O.C(CS(=O)(=O)O)O
C05433,alpha-Carotene,C40H56,Cytosol,7797,CCCCCCC(=O)OCC
C16291,"7,8-Dihydro-beta-carotene",C40H58,Cytosol,47205599,CC1=CC=CC=C1NC(=O)NNC(=O)C2CCCC2
C02743,[Protein]-L-cysteine,C4H6N2O2SR2,Cytosol,5703,C1=CC=C(C=C1)N2C(=O)C3=C(S2)N=CC=C3
C21440,[Protein]-S-sulfanyl-L-cysteine,C4H6N2O2S2R2,Cytosol,329728063,
C15670,Heme A,C49H56FeN4O6,Cytosol,47204997,CC(C(=O)NCC1=COC=C1)NC(=O)C2=CC=CS2
C00236,3-Phospho-D-glyceroyl phosphate,C3H8O10P2,Cytosol,3535,C1=CC(=CC2C1NC(=O)C2=CC3=CC(=C(C(=C3)Br)O)Br)I
C00337,(S)-Dihydroorotate,C5H6N2O4,Cytosol,3630,CC=C1C2CC(CC1(C3=C(C2)NC(=O)C=C3)N)C
C00295,Orotate,C5H4N2O4,Cytosol,3589,C1=CC(C2C1C3(C(=C(C2(C3(Cl)Cl)Cl)Cl)Cl)Cl)Cl
C04332,"6,7-Dimethyl-8-(D-ribityl)lumazine",C13H18N4O6,Cytosol,6983,C1=C(C(=CC(=C1Cl)Cl)Cl)[N+](=O)[O-]
C00255,Riboflavin,C17H20N4O6,Cytosol,3554,CSCCC1C(=O)N2CCCC2C(=O)NC(C3=NC(=CS3)C(=O)NC(C(=O)N4CCCC4C(=O)N5CCCC5C(=O)N1)CCSC)CC6=CC=CC=C6
C04454,5-Amino-6-(5'-phospho-D-ribitylamino)uracil,C9H17N4O9P,Cytosol,7081,CC1=CC2=CC3=C(C=C(C(=C3)C)N)N=C2C=C1N
C01268,5-Amino-6-(5'-phosphoribosylamino)uracil,C9H15N4O9P,Cytosol,4487,CC1=C(C(=O)N(N1C)C2=CC=CC=C2)NC(=O)C3=CN=CC=C3
C00380,Cytosine,C4H5N3O,Cytosol,3670,CC1CC1(CCC(C)C2CCC3(C2(CC=C4C3CC(C5C4(CC(C(C5)OS(=O)(=O)O)OS(=O)(=O)O)C)OS(=O)(=O)O)C)C)C(C)C
C02376,5-Methylcytosine,C5H7N3O,Cytosol,5418,COC1=C(C=C(C=C1)CC2C3=CC(=C(C=C3CCN2)OC)OC)OC
C00178,Thymine,C5H6N2O2,Cytosol,3478,CC1=CN=C(C=N1)C(=O)NCCC2=CC=C(C=C2)S(=O)(=O)NC(=O)NC3CCCCC3
C00791,Creatinine,C4H7N3O,Cytosol,4049,CNCC(C(C(C(CO)O)O)O)O
C03294,N-Formylmethionyl-tRNA,C21H30N6O12PSR(C5H8O6PR)n,Cytosol,6151,CCC(C)C(C)(COC(=O)N)COC(=O)N
C00362,dGMP,C10H14N5O7P,Cytosol,3653,CCCCCC(=O)OC1(CCC2C1(CCC3C2CCC4=CC(=O)CCC34C)C)C(=O)C
C22441,dZMP,C10H15N6O6P,Cytosol,497619800,
C01103,Orotidine 5'-phosphate,C10H13N2O11P,Cytosol,4337,CC1=CC(=O)OC2=C1C=CC(=C2)NC(=O)C(CC(=O)O)NC(=O)C(C)NC(=O)C(C(C)C)NC(=O)C(CC3=CC=C(C=C3)O)NC(=O)C
C01563,Carbamate,CH3NO2,Cytosol,4721,CC(=CCCC(=CCCC(C)(C=C)C1=CC(=C(C=C1)O)OC2=CC(=CC(=C2O)O)C(C)(CCC=C(C)CCC=C(C)C)C=C)C)C
C20969,Carboxyphosphate,CH3O6P,Cytosol,254741428,
C00438,N-Carbamoyl-L-aspartate,C5H8N2O5,Cytosol,3727,C(C(=O)N)I
C02637,3-Dehydroshikimate,C7H8O5,Cytosol,5617,C1CCC(CC1)NC(=NC2C3CC4CC(C3)CC2C4)N5CCOCC5
C00493,Shikimate,C7H10O5,Cytosol,3776,CC(C)O
C03175,Shikimate 3-phosphate,C7H11O8P,Cytosol,6057,C1=CC(=CC=C1CC(C(=O)O)N)O
C01269,5-O-(1-Carboxyvinyl)-3-phosphoshikimate,C10H13O10P,Cytosol,4488,C1=CC(=CC(=C1)NC2=C(C=CC=N2)C(=O)O)C(F)(F)F
C02995,Maltose 6'-phosphate,C12H23O14P,Cytosol,5904,CC1(C(N2C(S1)C(C2=O)NC(=O)CC3=CC=CC=C3)C(=O)O)C
C01451,Salicin,C13H18O7,Cytosol,4628,CCN1C=C(C(=O)C2=CC3=C(C=C21)OCO3)C(=O)O
C06186,Arbutin,C12H16O7,Cytosol,8437,C1=CC=C(C=C1)C(=O)OCCOCCOC(=O)C2=CC=CC=C2
C02713,N-Acetylmuramate,C11H19NO8,Cytosol,5676,CC1=C(C(=C(C2=C1OC(CC2)(C)CCCC(C)(C)CCCC(C)(C)CCCC(C)C)C)OC(=O)CCC(=O)O)C
C04677,1-(5'-Phosphoribosyl)-5-amino-4-imidazolecarboxamide,C9H15N4O8P,Cytosol,7258,C1=CC(=C(C=C1O)Cl)Cl
C04051,5-Amino-4-imidazolecarboxyamide,C4H6N4O,Cytosol,6752,C1=CC2=C(C=CC(=C2C(=C1)O)N)S(=O)(=O)O
C03892,Phosphatidylglycerophosphate,C8H14O13P2R2,Cytosol,6624,CC(C1=CC=C(C=C1)Cl)(C2=CC=C(C=C2)Cl)O
C01260,"P1,P4-Bis(5'-adenosyl)tetraphosphate",C20H28N10O19P4,Cytosol,4479,CCC(=O)C(C)C1=C(C=[N+](C=C1)C2C(C(C(O2)COP(=O)(O)OP(=O)(O)OCC3C(C(C(O3)N4C=NC5=C(N=CN=C54)N)O)O)O)O)C(=O)N
G10610,Glycan,(UDP-GlcNAc)1,Cytosol,,
G12573,Glycan,(GlcNAc)1 (Ser/Thr)1,Cytosol,,
C19802,[Protein]-3-O-(N-acetyl-D-glucosaminyl)-L-serine,C12H19N3O8R2,Cytosol,135626269,CN(C1CCCC1)C(=O)CCCOC2=C(C=CC3=C2CN4C(=C)C(=O)NC4=N3)F
C00942,"3',5'-Cyclic GMP",C10H12N5O7P,Cytosol,4194,CCC(=O)OC1CC(=O)OC(CC=CC=CC(C(CC(C(C1OC)OC2C(C(C(C(O2)C)OC3CC(C(C(O3)C)OC(=O)CC)OC(=O)C)N(C)C)O)CC=O)C)OC(=O)C)C
C03912,(S)-1-Pyrroline-5-carboxylate,C5H7NO2,Cytosol,6642,CCCCOS(=O)(=O)C1=CC=CC=C1
C04281,L-1-Pyrroline-3-hydroxy-5-carboxylate,C5H7NO3,Cytosol,6943,CC(C)C1=CC=CC=C1O
C05947,L-erythro-4-Hydroxyglutamate,C5H9NO5,Cytosol,8231,CN(C)CCC(C1=CC=C(C=C1)Cl)C2=CC=CC=N2.C(=CC(=O)O)C(=O)O
C05938,L-4-Hydroxyglutamate semialdehyde,C5H9NO4,Cytosol,8224,CC(=O)C(=O)[O-].[Na+]
C00148,L-Proline,C5H9NO2,Cytosol,3448,C1CNCC2=C1C(=O)NO2
C01286,2-Dehydro-3-deoxy-6-phospho-D-galactonate,C6H11O9P,Cytosol,4505,CC1=CC(=C(C=C1)N(CC(=O)O)CC(=O)O)OC2CCCC2OC3=C(C=CC(=C3)C(C4=CC5=C(C=C4)OCO5)O)N(CC(=O)O)CC(=O)O
C01213,(R)-Methylmalonyl-CoA,C25H40N7O19P3S,Cytosol,4435,CC12CCC3C(C1CCC2OC(=O)CCC4=CC=CC=C4)CCC5=CC(=O)CCC35
C11521,UDP-6-sulfoquinovose,C15H24N2O19P2S,Cytosol,13689,CCOP(=O)(N=C1SCCS1)OCC
C05629,Phenylpropanoate,C9H10O2,Cytosol,7943,COC(=O)CC(=O)OC
C11588,"cis-3-(Carboxy-ethyl)-3,5-cyclo-hexadiene-1,2-diol",C9H12O4,Cytosol,13753,C1=CC=C(C=C1)C(=NNC2=CC=C(C=C2)[N+](=O)[O-])Br
C12622,"cis-3-(3-Carboxyethenyl)-3,5-cyclohexadiene-1,2-diol",C9H10O4,Cytosol,583012,CCN(C1=CC=CC=C1)C(=O)CN2N=C(N=N2)C3=CC=CC=C3
C01302,1-(2-Carboxyphenylamino)-1-deoxy-D-ribulose 5-phosphate,C12H16NO9P,Cytosol,4520,CC(C)N(CCC[NH3+])N(N=O)[O-]
C04896,5-(5-Phospho-D-ribosylaminoformimino)-1-(5-phosphoribosyl)-imidazole-4-carboxamide,C15H25N5O15P2,Cytosol,7447,COC1=C(C=C(C=C1)[N+](=O)[O-])N
C04916,N-(5'-Phospho-D-1'-ribulosylformimino)-5-amino-1-(5''-phospho-D-ribosyl)-4-imidazolecarboxamide,C15H25N5O15P2,Cytosol,7464,CC(C)C1=CC=C(C=C1)N
C04666,D-erythro-1-(Imidazol-4-yl)glycerol 3-phosphate,C6H11N2O6P,Cytosol,7249,CC1=C(C=C(C=C1)O)C
C00860,L-Histidinol,C6H11N3O,Cytosol,4117,CC(CC1=CC=CC=C1OC)NC
C01929,L-Histidinal,C6H9N3O,Cytosol,5035,C1CCN(CC1)CCOC2=CC=C(C=C2)C(=O)C3=C(SC4=C3C=CC(=C4)O)C5=CC=C(C=C5)O
C03722,Quinolinate,C7H5NO4,Cytosol,6487,C[Si]1(O[Si](O[Si](O[Si](O1)(C)C2=CC=CC=C2)(C)C3=CC=CC=C3)(C)C4=CC=CC=C4)C5=CC=CC=C5
C05840,Iminoaspartate,C4H5NO4,Cytosol,8133,CCCCOCCO
C05933,N(omega)-Hydroxyarginine,C6H14N4O3,Cytosol,8221,CCCCCCCCCCCCCCCCCCO
C00533,Nitric oxide,NO,Cytosol,3815,C1C2=C3C4=CC=CC=C4NC3=C5C(=C2C(=O)N1)C6=CC=CC=C6N5
C01050,UDP-N-acetylmuramate,C20H31N3O19P2,Cytosol,4292,CC1=C(C2=C(N1C(=O)C3=CC=C(C=C3)Cl)C=CC(=C2)OC)CC(=O)NCCC4=CC=CC=C4
C01212,UDP-N-acetylmuramoyl-L-alanine,C23H36N4O20P2,Cytosol,4434,CC12CCC3C(C1CCC2OC(=O)CCC4=CC=CO4)CCC5=CC(=O)CCC35
C05897,"Undecaprenyl-diphospho-N-acetylmuramoyl-L-alanyl-D-glutamyl-meso-2,6-diaminopimeloyl-D-alanyl-D-alanine",C87H143N7O23P2,Cytosol,8185,C=CCCCCCCCCCO
C04851,MurAc(oyl-L-Ala-D-gamma-Glu-L-Lys-D-Ala-D-Ala)-diphospho-undecaprenol,C86H143N7O21P2,Cytosol,7408,CC(C1=CC=CC=C1)N
G10552,Glycan,(MurNAc)1 (D-Ala-D-Ala-Lys-gamma-D-Glu-Ala)1 (PP-Und)1,Cytosol,,
G10553,Glycan,(GlcNAc)1 (MurNAc)1 (D-Ala-D-Ala-Lys-gamma-D-Glu-Ala)1 (PP-Und)1,Cytosol,,
G10556,Glycan,(MurNAc)1 (D-Ala-D-Ala-A2pm-gamma-D-Glu-Ala)1 (PP-Und)1,Cytosol,,
C00692,UDP-N-acetylmuramoyl-L-alanyl-D-glutamate,C28H43N5O23P2,Cytosol,3960,CCCCCN(CCCCC)C(=O)C(CCC(=O)O)NC(=O)C1=CC(=C(C=C1)Cl)Cl
C04702,UDPMurNAc(oyl-L-Ala-D-gamma-Glu-L-Lys-D-Ala-D-Ala),C40H65N9O26P2,Cytosol,7277,CC[Al](CC)Cl
C04882,UDP-N-acetylmuramoyl-L-alanyl-D-glutamyl-6-carboxy-L-lysyl-D-alanyl-D-alanine,C41H65N9O28P2,Cytosol,7434,C1=C(C=C(C=C1[N+](=O)[O-])[N+](=O)[O-])[N+](=O)[O-]
C05892,UDP-N-acetylmuramoyl-L-alanyl-gamma-D-glutamyl-L-lysine,C34H55N7O24P2,Cytosol,8180,CCCCCCCCCCC(=O)O
C00993,D-Alanyl-D-alanine,C6H12N2O3,Cytosol,4239,CCOC(=O)NC1=C[N+](=NO1)N2CCOCC2
C04877,"UDP-N-acetylmuramoyl-L-alanyl-gamma-D-glutamyl-meso-2,6-diaminopimelate",C35H55N7O26P2,Cytosol,7429,C1=C(C=C(C(=C1Br)O)Br)[N+](=O)[O-]
C00748,Siroheme,C42H44FeN4O16,Cytosol,4010,CCCCC(C)C=C(C)C=C(C)C(=O)NC1=CC(C2C(C1=O)O2)(C=CC=CC=CC(=O)NC3=C(CCC3=O)O)O
C05778,Sirohydrochlorin,C42H46N4O16,Cytosol,8073,CCCOC=O
C02463,Precorrin 2,C42H48N4O16,Cytosol,5480,CCOC(=O)C1=C(SC2=C1CCN(C2)CC3=CC=CC=C3)N
C00175,Cobalt ion,Co,Cytosol,3475,CC1=CC=C(C=C1)S(=O)(=O)NC(=O)NN2CC3CCCC3C2
C11538,Cobalt-sirohydrochlorin,C42H44CoN4O16,Cytosol,13705,CC1=CC=C(C=C1)N=NC2=CC=CC=C2
C06408,Precorrin 8X,C45H60N4O14,Cytosol,8643,C1=CC=C2C(=C1)C(=C3C=CC=CC3=N2)N.Cl
C06399,Hydrogenobyrinate,C45H60N4O14,Cytosol,8635,COC(=O)C1=CC=CC=C1N
C11545,Cobalt-precorrin 8,C45H59CoN4O14,Cytosol,13712,C1C(C(OC1N2C=CC(=O)NC2=O)CO)O
C05773,Cobyrinate,C45H59CoN4O14,Cytosol,8068,CCCCNC
C06406,Precorrin 3B,C43H50N4O17,Cytosol,8641,C1=CC(=O)N(C=C1)C2=CC=CC(=C2)N
C06407,Precorrin 4,C44H52N4O17,Cytosol,8642,C1C(C(OC1N2C=C(C(=O)NC2=O)F)COP(=O)(O)O)O
C11539,Cobalt-precorrin 3,C43H48CoN4O16,Cytosol,13706,C1=CC(=CC=C1CC(C(=O)O)N)[N+](=O)[O-]
C11540,Cobalt-precorrin 4,C44H50CoN4O16,Cytosol,13707,CCOP(=O)(N=C1SCC(S1)C)OCC
C16242,Cobalt-precorrin 5A,C45H52CoN4O16,Cytosol,47205550,C1=CC=NC(=C1)CCNC(=O)CCNC2=NC=CC=N2
C16243,Cobalt-precorrin 5B,C43H50CoN4O16,Cytosol,47205551,CC(C(=O)NCC1=CN2C=CC=CC2=N1)S(=O)(=O)C
C17401,Cobalt-factor III,C43H46CoN4O16,Cytosol,96023754,CC1=C(C=CC(=C1)OC)C2C3=C(CCN2)C=CC(=C3F)O
C06319,Precorrin 6Y,C44H56N4O16,Cytosol,8555,CC1=C(C2=CC=CC=C2C(=C1)OP(=O)([O-])[O-])OP(=O)([O-])[O-].[Na+].[Na+].[Na+].[Na+]
C11543,Cobalt-dihydro-precorrin 6,C44H55CoN4O16,Cytosol,13710,COC1=C(C=C2C3=CC=CC=C3OC2=C1)N
C16244,Cobalt-precorrin 7,C44H57CoN4O14,Cytosol,47205552,C1CS(=O)(=O)CCN1CC(=O)NCCC2=CC=CC=N2
C11542,Cobalt-precorrin 6,C44H53CoN4O16,Cytosol,13709,COC1=NN(C(=O)S1)CSP(=S)(OC)OC
C06416,Precorrin 5,C45H54N4O17,Cytosol,8651,C1=CC=C(C=C1)C(=O)C(=O)C2=CC=CC=C2
C05772,Precorrin 3A,C43H50N4O16,Cytosol,8067,CCCCCS
C06503,"Hydrogenobyrinate a,c diamide",C45H62N6O12,Cytosol,8734,CC1=CC=CC=C1NC(=NC2=CC=CC=C2C)S
C06504,"Cob(II)yrinate a,c diamide",C45H61CoN6O12,Cytosol,8735,CCCCCCCCCC1=CC(=C(C=C1)O)CCCCCCCCC
C00853,Cob(I)alamin,C62H89CoN13O14P,Cytosol,4110,CCCCCC(C)(CC=CC=CC(=O)OC(C)C)OC
C06505,"Cob(I)yrinate a,c diamide",C45H61CoN6O12,Cytosol,8736,C(C(C(=O)[O-])O)C(=O)[O-].[Na+].[Na+]
C06506,"Adenosyl cobyrinate a,c diamide",C55H73CoN11O15,Cytosol,8737,C(CC(=O)O)C(C(=O)O)N.Cl
C05774,Cobinamide,C48H72CoN11O8,Cytosol,8069,CCCC=NO
C02869,Oxidized flavodoxin,,Cytosol,5805,CC(C)NCC(C1=CC(=C(C=C1)Cl)Cl)O.Cl
C02745,Reduced flavodoxin,,Cytosol,5705,COC1=CC(=C(C=C1N2N=C(N=[N+]2C3=CC(=C(C=C3OC)[N+](=O)[O-])S(=O)(=O)O)C(=O)NC4=CC=CC=C4)S(=O)(=O)O)[N+](=O)[O-]
C03284,L-3-Aminoisobutanoate,C4H9NO2,Cytosol,6143,CC(C)C1=CC(=CC=C1)OC(=O)NC
C06206,Benzoyl phosphate,C7H7O5P,Cytosol,8456,CC(C)(C)C1=C(C=CC(=C1)OC)O
C20856,2-Hydroxy-5-methyl-1-naphthoate,C12H10O3,Cytosol,254741322,
C20857,"2,7-Dihydroxy-5-methyl-1-naphthoate",C12H10O4,Cytosol,254741323,
C19156,(2S)-2-Phospholactate,C3H7O6P,Cytosol,124489828,CCC(C(C(F)(F)F)O)C(=O)O
C19155,(2S)-Lactyl-2-diphospho-5'-guanosine,C13H19N5O13P2,Cytosol,124489827,CCC(C(C(F)(F)F)O)C(=O)O
C22297,Enolpyruvoyl-2-diphospho-5'-guanosine,C13H17N5O13P2,Cytosol,497619663,
C02612,(R)-2-Methylmalate,C5H8O5,Cytosol,5597,COC1=CC(=CC(=C1OC)OC)C(=O)NC2CCCNC2
C02226,2-Methylmaleate,C5H6O4,Cytosol,5291,CC1=C(C=C(C=C1)NC(=O)C2=CC=C(C=C2)CN3CCN(CC3)C)NC4=NC=CC(=N4)C5=CN=CC=C5
C02631,2-Isopropylmaleate,C7H10O4,Cytosol,5611,CCCC(=O)NC1=C(C=C(C(=C1I)CC(CC)C(=O)O)I)I
C17210,2-(2'-Methylthio)ethylmalic acid,C7H12O5S,Cytosol,96023618,C1CNC(C2=C1C=CC(=C2F)O)C3=NC=CN=C3
C17212,3-(2'-Methylthio)ethylmalic acid,C7H12O5S,Cytosol,96023620,C1CNC(C2=CC(=C(C=C21)F)O)C3=NC=CN=C3
C17214,2-(3'-Methylthio)propylmalic acid,C8H14O5S,Cytosol,96023622,CN(C)C1=CC=CC(=C1)C2C3=C(CCN2)C=CC(=C3F)O
C17215,3-(3'-Methylthio)propylmalic acid,C8H14O5S,Cytosol,96023623,CN(C)C1=CC=CC(=C1)C2C3=C(CCN2)C=CC(=C3F)O
C17218,2-(4'-Methylthio)butylmalic acid,C9H16O5S,Cytosol,96023626,C1CNC(C2=C1C=CC(=C2F)O)CC3=CC=CS3
C17219,3-(4'-Methylthio)butylmalic acid,C9H16O5S,Cytosol,96023627,C1CNC(C2=C1C=CC(=C2F)O)CC3=CC=CS3
C17222,2-(5'-Methylthio)pentylmalic acid,C10H18O5S,Cytosol,96023630,CC(=O)CCC1C2=C(CCN1)C=CC(=C2F)O
C17223,3-(5'-Methylthio)pentylmalic acid,C10H18O5S,Cytosol,96023631,CC(=O)CCC1C2=C(CCN1)C=CC(=C2F)O
C17226,2-(6'-Methylthio)hexylmalic acid,C11H20O5S,Cytosol,96023634,C1CNC(C2=C1C=CC(=C2F)O)CCOC3=CC=CC=C3
C17227,3-(6'-Methylthio)hexylmalic acid,C11H20O5S,Cytosol,96023635,C1CNC(C2=C1C=CC(=C2F)O)CCOC3=CC=CC=C3
C17230,2-(7'-Methylthio)heptylmalic acid,C12H22O5S,Cytosol,96023638,C=CC1C2=C(CCN1)C=CC(=C2F)O
C17231,3-(7'-Methylthio)heptylmalic acid,C12H22O5S,Cytosol,96023639,C=CC1C2=C(CCN1)C=CC(=C2F)O
C06241,N-Acetylneuraminate 9-phosphate,C11H20NO12P,Cytosol,8482,CC(=O)NC1=CC=C(C=C1)S(=O)(=O)N
C01641,tRNA(Glu),,Cytosol,4790,CCOP(=S)(OCC)SCSCC
C02987,L-Glutamyl-tRNA(Glu),C20H28N6O13PR(C5H8O6PR)n,Cytosol,5896,CC(=O)N(C1=CC2=C(C=C1)C3=CC=CC=C3C2)O
C15811,[Enzyme]-cysteine,C4H6N2O2SR2,Cytosol,47205136,CC(C)COCC(CNC(=O)NC1=CC=C(C=C1)F)O
C15812,[Enzyme]-S-sulfanylcysteine,C4H6N2O2S2R2,Cytosol,47205137,CC(C)COCC(CNC(=O)NC1=CC=C(C=C1)Cl)O
C00718,Amylose,(C6H10O5)n,Cytosol,3984,CCCCCCCCCCCCCCCCOCC(COP(=O)(O)OCC[N+](C)(C)C)O
C00275,D-Mannose 6-phosphate,C6H13O9P,Cytosol,3572,CCCCCCCCCCCCCCCCS(=O)(=O)F
C18026,(2S)-Ethylmalonyl-CoA,C26H42N7O19P3S,Cytosol,96024246,CC1=C(C2=C(CCNC2C(C)(C)CO)C=C1)C
C20238,(2R)-Ethylmalonyl-CoA,C26H42N7O19P3S,Cytosol,163311981,COCCN1N=C(N=N1)C2CN(CCO2)CC3=CC(=O)N4C=CC=CC4=N3
C02954,6-Aminopenicillanate,C8H12N2O3S,Cytosol,5872,CN1C2CCC1C(C(C2)OC(=O)C3=CC=CC=C3)C(=O)OC
C00089,Sucrose,C12H22O11,Cytosol,3389,CCCCCCC(=O)OCCN1CCN(CC1)CCCN2C3=CC=CC=C3SC4=C2C=C(C=C4)C(F)(F)F
G00370,Glycan,(Fruf)1 (Glc)1,Cytosol,,
C04631,UDP-N-acetyl-3-(1-carboxyvinyl)-D-glucosamine,C20H29N3O19P2,Cytosol,7220,C1=CC2=NNN=C2C=C1
C01289,N-Acetyl-D-glucosaminyldiphosphoundecaprenol,C63H105NO12P2,Cytosol,4508,CC1=CC=C(C=C1)C2=NN([N+](=N2)C3=C(C=C(C=C3)C4=CC(=C(C=C4)[N+]5=NC(=NN5C6=CC=C(C=C6)[N+](=O)[O-])C7=CC=CC=C7)OC)OC)C8=CC=C(C=C8)[N+](=O)[O-]
C02970,Decaprenol phosphate,C50H83O4P,Cytosol,5883,CC[N+](C)(CC)CCOC(=O)C1C2=CC=CC=C2OC3=CC=CC=C13.[Br-]
C20390,"N-Acetyl-alpha-D-glucosaminyl-diphospho-trans,octacis-decaprenol",C58H97NO12P2,Cytosol,163312128,C1=CC=C2C(=C1)N(C(=O)O2)CC(=O)NCC(C3=CC=CC(=O)N3)O
G13118,Glycan,(GlcNAc)1 (PP-C50)1,Cytosol,,
G13164,Glycan,(GlcNAc)1 (PP-Und)1,Cytosol,,
C00596,"2-Hydroxy-2,4-pentadienoate",C5H6O3,Cytosol,3873,C1CCN(CC1)CC2=CC(=NC=C2)OCC=CCNC(=O)CS(=O)CC3=CC=CO3
C04479,"2-Hydroxy-6-oxonona-2,4-diene-1,9-dioate",C9H10O6,Cytosol,7099,C1=CC(=CC2=NC3=C(C=CC(=C3)N)C=C21)N
C12624,2-Hydroxy-6-ketononatrienedioate,C9H8O6,Cytosol,583014,C1C(CSC2=NC(=NN21)C3=CC=CC=C3)O
C00263,L-Homoserine,C4H9NO3,Cytosol,3561,C1=C(C(=CC(=C1Cl)Cl)Cl)OCC#CI
C15613,"(25R)-3alpha,7alpha,12alpha-Trihydroxy-5beta-cholestan-26-oyl-CoA",C48H80N7O20P3S,Cytosol,17396604,CC1=C(NC(=C1C(=O)C)C)C(=O)NCCC2=CC=CS2
C17343,"(25S)-3alpha,7alpha,12alpha-Trihydroxy-5beta-cholestan-26-oyl-CoA",C48H80N7O20P3S,Cytosol,96023700,CC(=CC1C2=CC(=C(C=C2CCN1)F)O)C
C17345,"(25R)-3alpha,7alpha-Dihydroxy-5beta-cholestanoyl-CoA",C48H80N7O19P3S,Cytosol,96023701,CC(=CC1C2=CC(=C(C=C2CCN1)F)O)C
C17346,"(25S)-3alpha,7alpha-Dihydroxy-5beta-cholestanoyl-CoA",C48H80N7O19P3S,Cytosol,96023702,CNCC1C2=C(CCN1)C=CC(=C2F)O
C23011,(25R)-3-Oxocholest-4-en-26-oyl-CoA,C48H76N7O18P3S,Cytosol,507530370,
C20840,(25S)-3-Oxocholest-4-en-26-oyl-CoA,C48H76N7O18P3S,Cytosol,254741306,
C16848,6-Deoxy-5-ketofructose 1-phosphate,C6H11O8P,Cytosol,96023372,CC1(CC1C2C3=CC(=C(C=C3CCN2)F)O)C
C16849,Hydroxypyruvaldehyde phosphate,C3H5O6P,Cytosol,96023373,CC1(CC1C2C3=CC(=C(C=C3CCN2)F)O)C
C03508,L-2-Amino-3-oxobutanoic acid,C4H7NO3,Cytosol,6318,C1=CC(=CC=C1C(=O)O)Cl
C03680,4-Imidazolone-5-propanoate,C6H8N2O3,Cytosol,6455,CCC1(C(=O)NC(=O)NC1=O)C(C)C
C00439,N-Formimino-L-glutamate,C6H10N2O4,Cytosol,3728,C1=CC2=C(C(=C(C=C2I)I)O)N=C1
C01045,N-Formyl-L-glutamate,C6H9NO5,Cytosol,4287,C1CC(CCC1C(=O)NCC2=C(C(=C(C(=C2F)F)F)F)F)S(=O)(=O)N
C00785,Urocanate,C6H6N2O2,Cytosol,4043,CC1CC2C3CCC(C3(CC(C2C4(C1=CC(=O)CC4)C)O)C)C(=O)C
C11907,dTDP-4-oxo-6-deoxy-D-glucose,C16H24N2O15P2,Cytosol,14069,CC(C)CCCC(C)C
C00688,dTDP-4-dehydro-beta-L-rhamnose,C16H24N2O15P2,Cytosol,3957,CCOC(=O)N1CCC(=C2C3=C(CCC4=C2N=CC=C4)C=C(C=C3)Cl)CC1
C00422,Triacylglycerol,C6H5O6R3,Cytosol,3712,C1=CC=C2C(=C1)C(=CN2)CO
C01629,Wax ester,,Cytosol,4779,C1=CC=C(C(=C1)CP(=O)(O)O)C2=CC=CC(=C2)CC(C(=O)O)N
C00636,D-Mannose 1-phosphate,C6H13O9P,Cytosol,3909,CCCCCC=CCC=CC=CC=CC(C(CCCC(=O)O)O)SCC(C(=O)O)N
C19153,Coenzyme F420-0,C19H22N3O12P,Cytosol,124489825,CCC(C(C(F)(F)F)O)C(=O)O
C22277,Dehydro coenzyme F420-0,C19H20N3O12P,Cytosol,497619661,
C20416,"alpha-L-Rhamnopyranosyl-(1->3)-N-acetyl-alpha-D-glucosaminyl-diphospho-trans,octacis-decaprenol",C64H107NO16P2,Cytosol,163312153,C1CN(CCC12CNC(=O)CO2)C(=O)CCC3=NC(=NO3)C4=CC=NC=C4
C15667,5-Carboxyamino-1-(5-phospho-D-ribosyl)imidazole,C9H14N3O9P,Cytosol,47204994,C1=COC(=C1)C2=NC(=CS2)CC(=O)NCC3=COC=C3
C04751,1-(5-Phospho-D-ribosyl)-5-amino-4-imidazolecarboxylate,C9H14N3O9P,Cytosol,7321,C1=CC(=C(C=C1[N+](=O)[O-])[N+](=O)[O-])N
C04675,3-Hydroxy-3-(4-methylpent-3-en-1-yl)glutaryl-CoA,C32H52N7O20P3S,Cytosol,7256,CC1=CC(=C(C=C1)Cl)Cl
C16466,7-Methyl-3-oxo-6-octenoyl-CoA,C30H48N7O18P3S,Cytosol,47205762,CCS(=O)(=O)NC1CCN(CC1)C(=O)C(C)(C)C
C05921,Biotinyl-5'-AMP,C20H28N7O9PS,Cytosol,8209,CCCCCCCCCCCCCCO
C06249,Apo-[carboxylase],C7H13N3O2R2,Cytosol,8488,CC1=CC(=CC=C1)N(C)C
C01825,L-Galactose,C6H12O6,Cytosol,4948,C1C(=C(N2C(S1)C(C2=O)NC(=O)C(C3=CC=C(C=C3)O)N)C(=O)O)CSC4=NNN=C4
C01115,"L-Galactono-1,4-lactone",C6H10O6,Cytosol,4347,C1=CC=C(C=C1)CNC(=O)C2=CC=C(C=C2)S(=O)(=O)N
C01019,L-Fucose,C6H12O5,Cytosol,4264,CC(C1C(O1)CC2COC(C(C2O)O)CC(=CC(=O)OCCCCCCCCC(=O)O)C)C(C)O
C18028,"L-Fucono-1,5-lactone",C6H10O5,Cytosol,96024248,CC1=CC2=C(C=C1C)C(NCC2)C(C)(C)CO
C01720,L-Fuconate,C6H12O6,Cytosol,4857,CC1(C(N2C(S1)C(C2=O)N=CN3CCCCCC3)C(=O)OCOC(=O)C(C)(C)C)C
C03827,2-Dehydro-3-deoxy-L-fuconate,C6H10O5,Cytosol,6570,CC(=O)C=C
C00309,D-Ribulose,C5H10O5,Cytosol,3603,C1CCC(CC1)[Si](CCCN2CCCCC2)(C3=CC=C(C=C3)F)O
C00620,alpha-D-Ribose 1-phosphate,C5H11O8P,Cytosol,3894,C1=CC=C(C(=C1)CN(CC2=C(C=CC(=C2)O)O)C3=CC(=C(C=C3)O)C(=O)O)O
C00294,Inosine,C10H12N4O5,Cytosol,3588,CCCCCCC(COC(=O)C1=CN=CC=C1)(COC(=O)C2=CN=CC=C2)COC(=O)C3=CN=CC=C3
C00672,2-Deoxy-D-ribose 1-phosphate,C5H11O7P,Cytosol,3941,C1CN2CCC1C(=C(C3=CC=CC=C3)C4=CC=CC=C4)C2
C00387,Guanosine,C10H13N5O5,Cytosol,3677,CC(C)(CC1=CC=CC=C1)NC
C03150,Nicotinamide-beta-riboside,C11H15N2O5,Cytosol,6038,C1=CC=C2C(=C1)C=CC(=O)N2
C05841,Nicotinate D-ribonucleoside,C11H14NO6,Cytosol,8134,COCCOCCO
C01762,Xanthosine,C10H12N4O6,Cytosol,4895,CC(=O)OCC(=O)C1(CCC2C1(CC(C3C2CCC4=CC(=O)C=CC34C)O)C)O
C00559,Deoxyadenosine,C10H13N5O3,Cytosol,3839,CC(C)(C)NC(=O)C1CSCN1C(=O)C(C(CC2=CC=CC=C2)NC(=O)C(CSC)NC(=O)COC3=CC=CC4=C3C=CN=C4)O
C05512,Deoxyinosine,C10H12N4O4,Cytosol,7859,C#CCO
C15586,N-D-Ribosylpurine,C10H12N4O4,Cytosol,17396578,CC(C1=CC=CC=C1Cl)NC(=O)CN2C(=O)C3CC=CCC3C2=O
C15587,Purine,C5H4N4,Cytosol,17396579,CC1=CN2C(=NC(=CC2=O)CNC3=C(C=C(C=C3)Br)C)C=C1
C20463,Purine deoxyribonucleoside,C10H12N4O3,Cytosol,163312200,C1CC(CN(C1)C2=CC=CC=N2)C(=O)NCC3=C4C(=CC=C3)N=CS4
C00214,Thymidine,C10H14N2O5,Cytosol,3514,C(CC(=O)NC(CSN=O)C(=O)NCC(=O)O)C(C(=O)O)N
C00526,Deoxyuridine,C9H12N2O5,Cytosol,3809,CN(C)C1=CC=C(C=C1)C(=O)NCCCC(=O)NO
C12739,5'-Deoxy-5-fluorouridine,C9H11FN2O5,Cytosol,583128,COC1C(OC(C1=NO)O)O
C16637,5-Deoxyribose-1-phosphate,C5H11O7P,Cytosol,51090963,CN(CC1CCCO1)C(=O)CCC2=NC3=CC=CC=C3S2
C11736,5-Fluorodeoxyuridine,C9H11FN2O5,Cytosol,13901,CCN(C1=CC=CC=C1)C(=O)OCC
C00475,Cytidine,C9H13N3O5,Cytosol,3758,CC(C)CN1C2=C(C(=O)N(C1=O)C)NC=N2
C00299,Uridine,C9H12N2O6,Cytosol,3593,COC1=C(C=C(C=C1)C2CC(=O)C3=C(C=C(C=C3O2)O)O)O
C00881,Deoxycytidine,C9H13N3O4,Cytosol,4137,[CH3-].CC1=CC2=C(C=C1C)N(C=N2)C3C(C(C(O3)CO)OP(=O)(O)OC(C)CNC(=O)CCC4(C(C5=NC4=C(C6=NC(=CC7=NC(=C(C8=NC5(C(C8CCC(=O)N)(C)CC(=O)N)C)C)C(C7CCC(=O)N)(C)CC(=O)N)C(C6CCC(=O)N)(C)C)C)CC(=O)N)C)O.[Co]
C16635,5'-Deoxy-5-fluorocytidine,C9H12FN3O4,Cytosol,51090961,CC1=CC(=NO1)C(=O)NC2=NC=C(C=C2)N3CCOCC3
C09822,Cyclohexane-1-carboxylate,C7H12O2,Cytosol,12010,CCOC(=S)C(=S)OCC
C04404,trans-4-Hydroxycyclohexanecarboxylate,C7H12O3,Cytosol,7040,CC1=C(C=CC=C1N=C=O)N=C=O
C05379,Oxalosuccinate,C6H6O7,Cytosol,7753,CCC(C)CC(C)N
C15532,N-Acetyl-L-citrulline,C8H15N3O4,Cytosol,17396524,COCCCNC(=O)N1CCN(CC1)CC2=CC=C(C=C2)Cl
C04734,1-(5'-Phosphoribosyl)-5-formamido-4-imidazolecarboxamide,C10H15N4O9P,Cytosol,7305,CC(C(C)(C)C)OP(=O)(C)F
C03838,5'-Phosphoribosylglycinamide,C7H15N2O8P,Cytosol,6578,CCC(=O)N
C04376,5'-Phosphoribosyl-N-formylglycinamide,C8H15N2O9P,Cytosol,7017,C1=CC=C(C=C1)C2=CC=CC=C2O
C01089,(R)-3-Hydroxybutanoate,C4H8O3,Cytosol,4324,CC1=NC=C(C(=C1O)CNC2(CC2)C(=O)O)COP(=O)(O)O
C16618,6-Thioxanthine 5'-monophosphate,C10H13N4O8PS,Cytosol,51090944,CC1=C(OC2=CC=CC=C12)C(=O)N3CCC(CC3)N4CCCCC4
C11821,5-Hydroxyisourate,C5H4N4O4,Cytosol,13985,CCCCCCOC1=CC=C(C2=CC=CC=C21)C(=N)N(CCCC)CCCC.Cl
C12248,"5-Hydroxy-2-oxo-4-ureido-2,5-dihydro-1H-imidazole-5-carboxylate",C5H6N4O5,Cytosol,14393,CN(C)CCC=C1C2=CC=CC=C2SCC3=C1C(=CC=C3)Cl
C16361,"1,3,7-Trimethyluric acid",C8H10N4O3,Cytosol,47205669,CCCC(=O)NCC(=O)NC1=CC2=C(C=C1)N=C(S2)C
C16362,"3,6,8-Trimethylallantoin",C7H12N4O3,Cytosol,47205670,CCCC(=O)NCC(=O)NC1=CC=CC(=C1)C(C)C
C00302,Glutamate,C5H9NO4,Cytosol,3596,CC1(C(N2C(S1)C(C2=O)N3C(=O)C(NC3(C)C)C4=CC=CC=C4)C(=O)O)C
C05527,3-Sulfinylpyruvate,C3H4O5S,Cytosol,7870,CC(CC(C)(C)O)O
C05946,(4R)-4-Hydroxy-2-oxoglutarate,C5H6O6,Cytosol,8230,C1CC(N(C1)C(=O)C2CSSCC(C(=O)NC(C(=O)NC(C(=O)NC(C(=O)NC(C(=O)N2)CC(=O)N)CCC(=O)N)CC3=CC=CC=C3)CC4=CC=C(C=C4)O)N)C(=O)NC(CCCN=C(N)N)C(=O)NCC(=O)N
C19847,Demethylmenaquinol,C15H16O2(C5H8)n,Cytosol,135626314,CC1=C2CN3C(=C)C(=O)NC3=NC2=C(C=C1)OCCCCC(=O)N(C4CCCCC4)C(C)O
C19858,"2-Methoxy-6-all-trans-polyprenyl-1,4-benzoquinol",C12H16O3(C5H8)n,Cytosol,135626325,CCCC(C1CCCC1)N(C)C(=O)CCCOC2=C(C=C3CN4C(C(=O)NC4=NC3=C2)CO)F
C03160,2-Succinylbenzoyl-CoA,C32H44N7O20P3S,Cytosol,6045,C1=CC(=CC=C1C(=O)O)[Hg+]
C05847,all-trans-Polyprenyl diphosphate,C5H12O7P2(C5H8)n,Cytosol,8140,CCCCCCCCBr
C00430,5-Aminolevulinate,C5H9NO3,Cytosol,3719,CC1CC2C(C2(C)C)C3C=C(C(C4(C1(C3=O)C=C(C4O)C)O)O)CO
C03741,(S)-4-Amino-5-oxopentanoate,C5H9NO3,Cytosol,6504,CCOC(=O)CC(CC(=O)OCC)(C(=O)OCC)OC(=O)C
C00931,Porphobilinogen,C10H14N2O4,Cytosol,4184,CN1CCN2C(C1)C3=CC=CC=C3CC4=CC=CC=C42
C01157,Hydroxyproline,C5H9NO3,Cytosol,4385,CC(C(=O)N)NC(=O)C(C)NC(=O)OC(C)(C)C
C03231,3-Methylglutaconyl-CoA,C27H42N7O19P3S,Cytosol,6102,CNCC(C1=CC(=CC=C1)O)O.Cl
C04640,2-(Formamido)-N1-(5'-phosphoribosyl)acetamidine,C8H16N3O8P,Cytosol,7229,CCN(CC)C(=S)SC1=NC2=CC=CC=C2S1
C03090,5-Phosphoribosylamine,C5H12NO7P,Cytosol,5988,C(C1C(C(C(C(O1)OC2(C(C(C(O2)CO)O)O)CO)O)O)O)O
C00819,D-Glutamine,C5H10N2O3,Cytosol,4077,C(CS(=O)(=O)[O-])S
C04823,1-(5'-Phosphoribosyl)-5-amino-4-(N-succinocarboxamide)-imidazole,C13H19N4O12P,Cytosol,7384,CC1=C(C=CC(=C1)S(=O)(=O)O)N
C03794,"N6-(1,2-Dicarboxyethyl)-AMP",C14H18N5O11P,Cytosol,6543,COP(=S)(OC)SCC1=NC(=NC(=N1)N)N
C22395,N6-Succino-2-amino-2'-deoxyadenylate,C14H19N6O10P,Cytosol,497619755,
C05519,L-Allothreonine,C4H9NO3,Cytosol,7864,COCCl
C00447,"Sedoheptulose 1,7-bisphosphate",C7H16O13P2,Cytosol,3735,CCC(CC1=C(C(=C(C=C1I)I)N)I)C(=O)O
C03431,S-Inosyl-L-homocysteine,C14H19N5O6S,Cytosol,6258,C1=CC2=C(C=C1Cl)SNC2=O
C19787,5'-S-Methyl-5'-thioinosine,C11H14N4O4S,Cytosol,135626254,CC1=C(C=CC2=C1CN3C(C(=O)NC3=N2)CO)OCCCC(=O)N(C)CC4=CC=CC=C4
C16327,OPC8-CoA,C39H64N7O18P3S,Cytosol,47205635,CCCCN(CC(=O)N)C(=O)C1=CC=C(O1)[N+](=O)[O-]
C16168,"(6Z,9Z,12Z,15Z,18Z,21Z)-Tetracosahexaenoyl-CoA",C45H70N7O17P3S,Cytosol,47205478,C#CCNC(=O)C1=CC(=CC=C1)N2CCNC2=O
C16374,"(2E,6Z,9Z,12Z,15Z,18Z,21Z)-Tetracosaheptaenoyl-CoA",C45H68N7O17P3S,Cytosol,47205682,CCCC(=O)NCC(=O)NC1=CC=C(C=C1)OCC
C16172,"(6Z,9Z,12Z,15Z,18Z)-Tetracosapentaenoyl-CoA",C45H72N7O17P3S,Cytosol,47205482,CC1=CN=C(C=C1)NC(=O)CCNC2=NC=CC=N2
C16387,"(2E,6Z,9Z,12Z,15Z,18Z)-Tetracosahexaenoyl-CoA",C45H70N7O17P3S,Cytosol,47205685,C1CC1C(=O)NCC(=O)NC2=CC=C(C=C2)Cl
C00956,L-2-Aminoadipate,C6H11NO4,Cytosol,4207,CC1C(C(CC(O1)CC2=CC3=CC4=C(C(=O)C(C(C4)C(C(=O)C(C(C)O)O)OC)OC5CC(C(C(O5)C)O)OC6CC(C(C(O6)C)O)OC7CC(C(C(O7)C)O)(CO)O)C(=C3C(=C2C)O)O)OC8CC(C(C(O8)C)O)O)O
C04089,UDP-4-dehydro-6-deoxy-D-glucose,C15H22N2O16P2,Cytosol,6781,CCOC(=O)C1=CC=CC=C1C(=O)OCC
C17328,UDP-4-keto-rhamnose,C15H22N2O16P2,Cytosol,96023692,CC(C1C2=C(CCN1)C=CC(=C2F)O)S
C02199,UDP-L-rhamnose,C15H24N2O16P2,Cytosol,5267,CC(=O)SC1CC2=CC(=O)CCC2(C3C1C4CCC5(C4(CC3)C)CCC(=O)O5)C
C11930,"dTDP-2,6-dideoxy-D-glycero-hex-2-enos-4-ulose",C16H22N2O14P2,Cytosol,14091,CCCC1=CC=CC=C1C
C11922,"dTDP-4-oxo-2,6-dideoxy-D-glucose",C16H24N2O14P2,Cytosol,14083,CC1=[N+](C(=CC=C1)C)[O-]
C18032,"dTDP-4-oxo-2,3,6-trideoxy-D-glucose",C16H24N2O13P2,Cytosol,96024252,CC1=CC2=C(C=C1C)C(NCC2)C(C(C)C)O
C18033,"dTDP-4-amino-2,3,4,6-tetradeoxy-D-glucose",C16H27N3O12P2,Cytosol,96024253,CC1=CC2=C(C=C1C)C(NCC2)C(C(C)C)O
C18034,dTDP-D-forosamine,C18H31N3O12P2,Cytosol,96024254,CC1=C(C2=C(CCNC2CNC(=O)C)C=C1)C
C_AGL,AGL,AGL,Cytosol,,
C_Spinosad,Spinosad,Spinosad,Cytosol,,
C_Spinosad_e,Spinosad,Spinosad,e,,
C00245_e,Taurine_e,test,e,,
C06232_e,Molybdate_e,test,e,,
C14819_e,Fe3+_e,test,e,,
C00378_e,Thiamine_e,test,e,,
C00719_e,Betaine_e,test,e,,
C00114_e,Choline_e,test,e,,
C00059_e,Sulfate_e,test,e,,
C00244_e,Nitrate_e,test,e,,
C00208_e,maltose_e,test,e,,
C00794_e,D-Sorbitol_e,test,e,,
C00185_e,Cellobiose_e,test,e,,
C00121_e,D-Ribose_e,test,e,,
C00025_e,L-Glutamate_e,test,e,,
C00012_e,Peptide_e,test,e,,
C00175_e,Cobalt ion_e,test,e,,
C00140_e,N-Acetyl-D-glucosamine_e,test,e,,
C00095_e,D-Fructose_e,test,e,,
C_Spinosad_e,Spinosad_e,test,e,,
C00014_e,NH3_e,test,e,,
C00001_e,H2O_e,test,e,,
C00007_e,Oxygen_e,test,e,,
C00011_e,CO2_e,test,e,,
C00058_e,Formate_e,test,e,,
C02323_e,Salicyl alcohol_e,test,e,,
C00160_e,Glycolate_e,test,e,,
C00084_e,Acetaldehyde_e,test,e,,
C00327_e,L-Citrulline_e,test,e,,
C00067_e,Formylanthranilate_e,test,e,,
C00116_e,Glycerol_e,test,e,,
C00184_e,Glycerone_e,test,e,,
C00242_e,Guanine_e,test,e,,
C00262_e,Hypoxanthine_e,test,e,,
C00577_e,D-Glyceraldehyde_e,test,e,,
C00086_e,Urea_e,test,e,,
C00385_e,Xanthine_e,test,e,,
C00033_e,Acetate_e,test,e,,
C00147_e,Adenine_e,test,e,,
C00212_e,Adenosine_e,test,e,,
C00026_e,2-Oxoglutarate_e,test,e,,
C00049_e,L-Aspartate_e,test,e,,
C00158_e,Citrate_e,test,e,,
C00475_e,Cytidine_e,test,e,,
C00380_e,Cytosine_e,test,e,,
C00559_e,Deoxyadenosine_e,test,e,,
C00133_e,D-Alanine_e,test,e,,
C00881_e,Deoxycytidine_e,test,e,,
C00330_e,Deoxyguanosine_e,test,e,,
C05512_e,Deoxyinosine_e,test,e,,
C00740_e,D-Serine_e,test,e,,
C00214_e,Thymidine_e,test,e,,
C00526_e,Deoxyuridine_e,test,e,,
C00469_e,Ethanol_e,test,e,,
C00122_e,Fumarate_e,test,e,,
C00334_e,4-Aminobutanoate_e,test,e,,
C00124_e,D-Galactose_e,test,e,,
C00064_e,L-Glutamate_e,test,e,,
C00031_e,D-Glucose_e,test,e,,
C00257_e,D-Gluconic acid_e,test,e,,
C00037_e,Glycine_e,test,e,,
C00387_e,Guanosine_e,test,e,,
C00135_e,L-Histidine_e,test,e,,
C00407_e,L-Isoleucine_e,test,e,,
C00294_e,Inosine_e,test,e,,
C00204_e,2-Dehydro-3-deoxy-D-gluconate_e,test,e,,
C00256_e,(R)-Lactate_e,test,e,,
C00123_e,L-Leucine_e,test,e,,
C00186_e,(S)-Lactate_e,test,e,,
C00047_e,L-Lysine_e,test,e,,
C00149_e,(S)-Malate_e,test,e,,
C00079_e,L-Phenylalanine_e,test,e,,
C00009_e,Orthophosphate_e,test,e,,
C00148_e,L-Proline_e,test,e,,
C00163_e,Propanoate_e,test,e,,
C00022_e,Pyruvate_e,test,e,,
C00065_e,L-Serine_e,test,e,,
C00042_e,Succinate_e,test,e,,
C00188_e,L-Threonine_e,test,e,,
C00078_e,L-Tryptophan_e,test,e,,
C00106_e,Uracil_e,test,e,,
C00105_e,Uridine_e,test,e,,
C00183_e,L-Valine_e,test,e,,
C00080_e,H+_e,test,e,,
